﻿order_ext,blk_ext,bystander_ext,test_item_ext,bystander_loc_ext,test_item_loc_ext,trial_type_ext,itemNo_ext,order_cond_acq,blk_cond_acq,bystander_cond_acq,test_item_cond_acq,bystander_loc_cond_acq,test_item_loc_cond_acq,trial_type_cond_acq,itemNo_cond_acq,trials.thisRepN,trials.thisTrialN,trials.thisN,trials.thisIndex,trials_2.thisRepN,trials_2.thisTrialN,trials_2.thisN,trials_2.thisIndex,thisRow.t,notes,INSTRUCTION.started,instruct1.started,ok1.started,INSTRUCTION.stopped,ok1.keys,ok1.rt,ok1.duration,END_EXT.started,mouse_ext.started,mouse_ext.stopped,END_EXT.stopped,mouse_ext.x,mouse_ext.y,mouse_ext.leftButton,mouse_ext.midButton,mouse_ext.rightButton,mouse_ext.time,END_ACQ.started,mouse_cond.started,END_ACQ.stopped,mouse_cond.x,mouse_cond.y,mouse_cond.leftButton,mouse_cond.midButton,mouse_cond.rightButton,mouse_cond.time,thanks.started,thanksMsg.started,participant,session,date,expName,psychopyVersion,frameRate,expStart,
,,,,,,,,,,,,,,,,,,,,,,,,,,0.009754899999734334,0.026344099999732862,0.026344099999732862,37.92709729999979,space,37.88722850000022,None,,,,,,,,,,,,,,,,,,,,,,0112_0900_CB1_32_2,001,2023-12-01_09h50.57.860,3_End,2023.2.3,60.01385119681853,2023-12-01 09h51.12.097891 +0000,
1,1,cap,capcn,./stims/CritBystanders/cap.jpeg,./stims/CritBystanders/capcn.jpeg,SS,SS_2,,,,,,,,,0,0,0,0,,,,,37.993239699999776,,,,,,,,,37.9416554999998,0.9995256000001973,15.999623600000177,53.92698739999969,[],[],[],[],[],[],,,,,,,,,,,,0112_0900_CB1_32_2,001,2023-12-01_09h50.57.860,3_End,2023.2.3,60.01385119681853,2023-12-01 09h51.12.097891 +0000,
2,1,chessboard,chessboardcn,./stims/CritBystanders/chessboard.jpeg,./stims/CritBystanders/chessboardcn.jpeg,SR,SR_6,,,,,,,,,0,1,1,1,,,,,53.9600418,,,,,,,,,53.92786219999971,0.999637200000052,,69.36079329999984,[0.8037037037037037],[0.5],[1],[0],[0],[15.419413600000098],,,,,,,,,,,,0112_0900_CB1_32_2,001,2023-12-01_09h50.57.860,3_End,2023.2.3,60.01385119681853,2023-12-01 09h51.12.097891 +0000,
3,1,wallet,walletcn,./stims/CritBystanders/wallet.jpeg,./stims/CritBystanders/walletcn.jpeg,RS,RS_6,,,,,,,,,0,2,2,2,,,,,69.39352519999966,,,,,,,,,69.36139659999981,1.0156658999999308,,77.02751229999967,[0.8037037037037037],[0.5],[1],[0],[0],[7.653317500000412],,,,,,,,,,,,0112_0900_CB1_32_2,001,2023-12-01_09h50.57.860,3_End,2023.2.3,60.01385119681853,2023-12-01 09h51.12.097891 +0000,
4,1,clipboard,clipboardcn,./stims/CritBystanders/clipboard.jpeg,./stims/CritBystanders/clipboardcn.jpeg,RR,RR_5,,,,,,,,,0,3,3,3,,,,,77.0602187999998,,,,,,,,,77.02809609999986,1.015714399999979,,83.62750349999988,[0.8037037037037037],[0.5],[1],[0],[0],[6.582770800000162],,,,,,,,,,,,0112_0900_CB1_32_2,001,2023-12-01_09h50.57.860,3_End,2023.2.3,60.01385119681853,2023-12-01 09h51.12.097891 +0000,
5,2,comb,combcn,./stims/CritBystanders/comb.jpeg,./stims/CritBystanders/combcn.jpeg,RS,RS_5,,,,,,,,,0,4,4,4,,,,,83.66027379999969,,,,,,,,,83.62811029999966,0.9990709999997307,,88.39418209999985,[0.8037037037037037],[0.5],[1],[0],[0],[4.749074599999858],,,,,,,,,,,,0112_0900_CB1_32_2,001,2023-12-01_09h50.57.860,3_End,2023.2.3,60.01385119681853,2023-12-01 09h51.12.097891 +0000,
6,2,electriccord,electriccordcn,./stims/CritBystanders/electriccord.jpeg,./stims/CritBystanders/electriccordcn.jpeg,SS,SS_1,,,,,,,,,0,5,5,5,,,,,88.42698459999974,,,,,,,,,88.3947091,0.9991933000001154,15.999279000000115,104.39402679999966,[],[],[],[],[],[],,,,,,,,,,,,0112_0900_CB1_32_2,001,2023-12-01_09h50.57.860,3_End,2023.2.3,60.01385119681853,2023-12-01 09h51.12.097891 +0000,
7,2,toiletpaper,toiletpapercn,./stims/CritBystanders/toiletpaper.jpeg,./stims/CritBystanders/toiletpapercn.jpeg,RR,RR_2,,,,,,,,,0,6,6,6,,,,,104.42710509999961,,,,,,,,,104.39454019999994,0.9992658999999549,,107.61090549999972,[0.8037037037037037],[0.5],[1],[0],[0],[3.1999713000000156],,,,,,,,,,,,0112_0900_CB1_32_2,001,2023-12-01_09h50.57.860,3_End,2023.2.3,60.01385119681853,2023-12-01 09h51.12.097891 +0000,
8,2,keys,keyscn,./stims/CritBystanders/keys.jpeg,./stims/CritBystanders/keyscn.jpeg,SR,SR_3,,,,,,,,,0,7,7,7,,,,,107.6437876,,,,,,,,,107.61150199999975,0.9992092000002231,,114.67782739999984,[0.8055555555555556],[0.5],[1],[0],[0],[7.049389099999644],,,,,,,,,,,,0112_0900_CB1_32_2,001,2023-12-01_09h50.57.860,3_End,2023.2.3,60.01385119681853,2023-12-01 09h51.12.097891 +0000,
9,3,scissors,scissorscn,./stims/CritBystanders/scissors.jpeg,./stims/CritBystanders/scissorscn.jpeg,RR,RR_6,,,,,,,,,0,8,8,8,,,,,114.71052239999972,,,,,,,,,114.67841699999963,1.0157248000000436,,118.81116949999978,[0.8055555555555556],[0.5],[1],[0],[0],[4.115826700000071],,,,,,,,,,,,0112_0900_CB1_32_2,001,2023-12-01_09h50.57.860,3_End,2023.2.3,60.01385119681853,2023-12-01 09h51.12.097891 +0000,
10,3,soccerball,soccerballcn,./stims/CritBystanders/soccerball.jpeg,./stims/CritBystanders/soccerballcn.jpeg,SR,SR_7,,,,,,,,,0,9,9,9,,,,,118.84385689999999,,,,,,,,,118.81177609999986,1.0156697000002168,,124.4111969999999,[0.8138888888888889],[0.5],[1],[0],[0],[5.5828505999998015],,,,,,,,,,,,0112_0900_CB1_32_2,001,2023-12-01_09h50.57.860,3_End,2023.2.3,60.01385119681853,2023-12-01 09h51.12.097891 +0000,
11,3,crate,cratecn,./stims/CritBystanders/crate.jpeg,./stims/CritBystanders/cratecn.jpeg,SS,SS_8,,,,,,,,,0,10,10,10,,,,,124.44394059999968,,,,,,,,,124.41178730000001,0.9990050999999767,,127.67813989999968,[0.887962962962963],[0.38981481481481484],[1],[0],[0],[3.2527812000002996],,,,,,,,,,,,0112_0900_CB1_32_2,001,2023-12-01_09h50.57.860,3_End,2023.2.3,60.01385119681853,2023-12-01 09h51.12.097891 +0000,
12,3,walkman,walkmancn,./stims/CritBystanders/walkman.jpeg,./stims/CritBystanders/walkmancn.jpeg,RS,RS_2,,,,,,,,,0,11,11,11,,,,,127.71063159999994,,,,,,,,,127.67877099999987,1.015487000000121,,134.2280237,[0.887962962962963],[0.39444444444444443],[1],[0],[0],[6.533292799999799],,,,,,,,,,,,0112_0900_CB1_32_2,001,2023-12-01_09h50.57.860,3_End,2023.2.3,60.01385119681853,2023-12-01 09h51.12.097891 +0000,
13,4,computer,computercn,./stims/CritBystanders/computer.jpeg,./stims/CritBystanders/computercn.jpeg,RR,RR_1,,,,,,,,,0,12,12,12,,,,,134.26066909999963,,,,,,,,,134.2286342999996,1.0155998000000181,,138.41125069999998,[0.887962962962963],[0.39444444444444443],[1],[0],[0],[4.169282500000008],,,,,,,,,,,,0112_0900_CB1_32_2,001,2023-12-01_09h50.57.860,3_End,2023.2.3,60.01385119681853,2023-12-01 09h51.12.097891 +0000,
14,4,cards,cardscn,./stims/CritBystanders/cards.jpeg,./stims/CritBystanders/cardscn.jpeg,RS,RS_1,,,,,,,,,0,13,13,13,,,,,138.44405059999963,,,,,,,,,138.41183279999996,0.9991058000000521,,142.91129779999983,[0.887962962962963],[0.39444444444444443],[1],[0],[0],[4.485203799999908],,,,,,,,,,,,0112_0900_CB1_32_2,001,2023-12-01_09h50.57.860,3_End,2023.2.3,60.01385119681853,2023-12-01 09h51.12.097891 +0000,
15,4,calculator,calculatorcn,./stims/CritBystanders/calculator.jpeg,./stims/CritBystanders/calculatorcn.jpeg,SS,SS_4,,,,,,,,,0,14,14,14,,,,,142.94406709999976,,,,,,,,,142.91190369999958,0.9990530999998555,,148.86139539999976,[0.8555555555555555],[0.48055555555555557],[1],[0],[0],[5.931011799999851],,,,,,,,,,,,0112_0900_CB1_32_2,001,2023-12-01_09h50.57.860,3_End,2023.2.3,60.01385119681853,2023-12-01 09h51.12.097891 +0000,
16,4,telephone,telephonecn,./stims/CritBystanders/telephone.jpeg,./stims/CritBystanders/telephonecn.jpeg,SR,SR_4,,,,,,,,,0,15,15,15,,,,,148.8941265999997,,,,,,,,,148.86201519999986,0.999033000000054,,152.72808399999985,[0.85],[0.5],[1],[0],[0],[3.8525798000000577],,,,,,,,,,,,0112_0900_CB1_32_2,001,2023-12-01_09h50.57.860,3_End,2023.2.3,60.01385119681853,2023-12-01 09h51.12.097891 +0000,
17,5,fan,fancn,./stims/CritBystanders/fan.jpeg,./stims/CritBystanders/fancn.jpeg,RR,RR_3,,,,,,,,,0,16,16,16,,,,,152.76084059999994,,,,,,,,,152.7286984999996,1.0157211000000643,,156.3114215999999,[0.8712962962962963],[0.5],[1],[0],[0],[3.5661511999996947],,,,,,,,,,,,0112_0900_CB1_32_2,001,2023-12-01_09h50.57.860,3_End,2023.2.3,60.01385119681853,2023-12-01 09h51.12.097891 +0000,
18,5,candle,candlecn,./stims/CritBystanders/candle.jpeg,./stims/CritBystanders/candlecn.jpeg,RS,RS_8,,,,,,,,,0,17,17,17,,,,,156.34419149999985,,,,,,,,,156.3119984,0.9990884999997434,,159.8447831999997,[0.8712962962962963],[0.5],[1],[0],[0],[3.5151355999996667],,,,,,,,,,,,0112_0900_CB1_32_2,001,2023-12-01_09h50.57.860,3_End,2023.2.3,60.01385119681853,2023-12-01 09h51.12.097891 +0000,
19,5,bucket,bucketcn,./stims/CritBystanders/bucket.jpeg,./stims/CritBystanders/bucketcn.jpeg,SS,SS_3,,,,,,,,,0,18,18,18,,,,,159.87754619999987,,,,,,,,,159.84541839999974,0.9990731999996569,,166.51151789999994,[0.8648148148148148],[0.5],[1],[0],[0],[6.653123300000061],,,,,,,,,,,,0112_0900_CB1_32_2,001,2023-12-01_09h50.57.860,3_End,2023.2.3,60.01385119681853,2023-12-01 09h51.12.097891 +0000,
20,5,peacock,peacockcn,./stims/CritBystanders/peacock.jpeg,./stims/CritBystanders/peacockcn.jpeg,SR,SR_5,,,,,,,,,0,19,19,19,,,,,166.54428819999976,,,,,,,,,166.51212499999974,1.0157148000002962,,169.47830479999993,[0.8638888888888889],[0.5],[1],[0],[0],[2.951481699999931],,,,,,,,,,,,0112_0900_CB1_32_2,001,2023-12-01_09h50.57.860,3_End,2023.2.3,60.01385119681853,2023-12-01 09h51.12.097891 +0000,
21,6,iron,ironcn,./stims/CritBystanders/iron.jpeg,./stims/CritBystanders/ironcn.jpeg,RR,RR_7,,,,,,,,,0,20,20,20,,,,,169.51092749999998,,,,,,,,,169.47891709999976,1.0155885999997736,,174.07821169999988,[0.8638888888888889],[0.5],[1],[0],[0],[4.5855320000000575],,,,,,,,,,,,0112_0900_CB1_32_2,001,2023-12-01_09h50.57.860,3_End,2023.2.3,60.01385119681853,2023-12-01 09h51.12.097891 +0000,
22,6,chair,chaircn,./stims/CritBystanders/chair.jpeg,./stims/CritBystanders/chaircn.jpeg,SS,SS_6,,,,,,,,,0,21,21,21,,,,,174.1109809999998,,,,,,,,,174.07876639999995,0.9991468000002897,,178.1782715999998,[0.8638888888888889],[0.5],[1],[0],[0],[4.086788500000239],,,,,,,,,,,,0112_0900_CB1_32_2,001,2023-12-01_09h50.57.860,3_End,2023.2.3,60.01385119681853,2023-12-01 09h51.12.097891 +0000,
23,6,umbrella,umbrellacn,./stims/CritBystanders/umbrella.jpeg,./stims/CritBystanders/umbrellacn.jpeg,RS,RS_4,,,,,,,,,0,22,22,22,,,,,178.2110364,,,,,,,,,178.17887059999975,0.9990185999999994,,181.7282820999999,[0.8638888888888889],[0.5],[1],[0],[0],[3.5326813000001493],,,,,,,,,,,,0112_0900_CB1_32_2,001,2023-12-01_09h50.57.860,3_End,2023.2.3,60.01385119681853,2023-12-01 09h51.12.097891 +0000,
24,6,books,bookscn,./stims/CritBystanders/books.jpeg,./stims/CritBystanders/bookscn.jpeg,SR,SR_2,,,,,,,,,0,23,23,23,,,,,181.76103139999987,,,,,,,,,181.72888859999966,0.9990510999996332,,185.21172449999995,[0.8638888888888889],[0.5],[1],[0],[0],[3.4698835000003783],,,,,,,,,,,,0112_0900_CB1_32_2,001,2023-12-01_09h50.57.860,3_End,2023.2.3,60.01385119681853,2023-12-01 09h51.12.097891 +0000,
25,7,backpack,backpackcn,./stims/CritBystanders/backpack.jpeg,./stims/CritBystanders/backpackcn.jpeg,SR,SR_8,,,,,,,,,0,24,24,24,,,,,185.24439549999988,,,,,,,,,185.21232679999957,1.0156625999998141,,190.1284082999996,[0.8638888888888889],[0.5],[1],[0],[0],[4.901598299999932],,,,,,,,,,,,0112_0900_CB1_32_2,001,2023-12-01_09h50.57.860,3_End,2023.2.3,60.01385119681853,2023-12-01 09h51.12.097891 +0000,
26,7,guitar,guitarcn,./stims/CritBystanders/guitar.jpeg,./stims/CritBystanders/guitarcn.jpeg,RR,RR_4,,,,,,,,,0,25,25,25,,,,,190.16110379999964,,,,,,,,,190.12902639999993,0.9990399999996953,,195.46166109999967,[0.8638888888888889],[0.5],[1],[0],[0],[5.3187825999998495],,,,,,,,,,,,0112_0900_CB1_32_2,001,2023-12-01_09h50.57.860,3_End,2023.2.3,60.01385119681853,2023-12-01 09h51.12.097891 +0000,
27,7,shoes,shoescn,./stims/CritBystanders/shoes.jpeg,./stims/CritBystanders/shoescn.jpeg,RS,RS_7,,,,,,,,,0,26,26,26,,,,,195.49447389999978,,,,,,,,,195.46221699999978,0.9991667000003872,,198.995093,[0.8638888888888889],[0.5],[1],[0],[0],[3.5193954999999733],,,,,,,,,,,,0112_0900_CB1_32_2,001,2023-12-01_09h50.57.860,3_End,2023.2.3,60.01385119681853,2023-12-01 09h51.12.097891 +0000,
28,7,video,videocn,./stims/CritBystanders/video.jpeg,./stims/CritBystanders/videocn.jpeg,SS,SS_7,,,,,,,,,0,27,27,27,,,,,199.02784159999965,,,,,,,,,198.99568509999972,0.9990551999999298,,202.9118552,[0.887962962962963],[0.4935185185185185],[1],[0],[0],[3.8988985000000866],,,,,,,,,,,,0112_0900_CB1_32_2,001,2023-12-01_09h50.57.860,3_End,2023.2.3,60.01385119681853,2023-12-01 09h51.12.097891 +0000,
29,8,coffeemug,coffeemugcn,./stims/CritBystanders/coffeemug.jpeg,./stims/CritBystanders/coffeemugcn.jpeg,RS,RS_3,,,,,,,,,0,28,28,28,,,,,202.9445596999999,,,,,,,,,202.91245389999995,1.0156400999999278,,208.4118322999998,[0.887962962962963],[0.4925925925925926],[1],[0],[0],[5.4863430000000335],,,,,,,,,,,,0112_0900_CB1_32_2,001,2023-12-01_09h50.57.860,3_End,2023.2.3,60.01385119681853,2023-12-01 09h51.12.097891 +0000,
30,8,stapler,staplercn,./stims/CritBystanders/stapler.jpeg,./stims/CritBystanders/staplercn.jpeg,SR,SR_1,,,,,,,,,0,29,29,29,,,,,208.44460639999988,,,,,,,,,208.4124339,0.999094199999945,,214.27863239999988,[0.887962962962963],[0.4925925925925926],[1],[0],[0],[5.8489119999999275],,,,,,,,,,,,0112_0900_CB1_32_2,001,2023-12-01_09h50.57.860,3_End,2023.2.3,60.01385119681853,2023-12-01 09h51.12.097891 +0000,
31,8,wastebasket,wastebasketcn,./stims/CritBystanders/wastebasket.jpeg,./stims/CritBystanders/wastebasketcn.jpeg,SS,SS_5,,,,,,,,,0,30,30,30,,,,,214.31128919999992,,,,,,,,,214.2791669999997,0.9990547000002152,,220.8785958999997,[0.887962962962963],[0.4925925925925926],[1],[0],[0],[6.5865161000001535],,,,,,,,,,,,0112_0900_CB1_32_2,001,2023-12-01_09h50.57.860,3_End,2023.2.3,60.01385119681853,2023-12-01 09h51.12.097891 +0000,
32,8,watch,watchcn,./stims/CritBystanders/watch.jpeg,./stims/CritBystanders/watchcn.jpeg,RR,RR_8,,,,,,,,,0,31,31,31,,,,,220.91133499999978,,,,,,,,,220.87919799999963,0.999076900000091,,226.99531039999965,[0.887962962962963],[0.4925925925925926],[1],[0],[0],[6.101993099999618],,,,,,,,,,,,0112_0900_CB1_32_2,001,2023-12-01_09h50.57.860,3_End,2023.2.3,60.01385119681853,2023-12-01 09h51.12.097891 +0000,
,,,,,,,,1,1,pan,pancn,./stims/AcqBystanders/pan.jpeg,./stims/AcqBystanders/pancn.jpeg,SS,SS_2,,,,,0,0,0,0,227.04501549999986,,,,,,,,,,,,,,,,,,,227.0046742999998,0.9990788000000066,230.67884379999987,[0.887962962962963],[0.4925925925925926],[1],[0],[0],[3.6450072000002365],,,0112_0900_CB1_32_2,001,2023-12-01_09h50.57.860,3_End,2023.2.3,60.01385119681853,2023-12-01 09h51.12.097891 +0000,
,,,,,,,,2,1,lightbulb,lightbulbcn,./stims/AcqBystanders/lightbulb.jpeg,./stims/AcqBystanders/lightbulbcn.jpeg,SR,SR_3,,,,,0,1,1,1,230.79525699999976,,,,,,,,,,,,,,,,,,,230.67976839999983,1.0152103000000352,234.99525559999984,[0.887962962962963],[0.5],[1],[0],[0],[4.210397000000285],,,0112_0900_CB1_32_2,001,2023-12-01_09h50.57.860,3_End,2023.2.3,60.01385119681853,2023-12-01 09h51.12.097891 +0000,
,,,,,,,,3,1,shampoo,shampoocn,./stims/AcqBystanders/shampoo.jpeg,./stims/AcqBystanders/shampoocn.jpeg,RS,RS_4,,,,,0,2,2,2,235.02853389999973,,,,,,,,,,,,,,,,,,,234.99585549999983,0.9992576000004192,247.89544739999974,[0.887962962962963],[0.5],[1],[0],[0],[12.87244839999994],,,0112_0900_CB1_32_2,001,2023-12-01_09h50.57.860,3_End,2023.2.3,60.01385119681853,2023-12-01 09h51.12.097891 +0000,
,,,,,,,,4,1,mandms,mandmscn,./stims/AcqBystanders/mandms.jpeg,./stims/AcqBystanders/mandmscn.jpeg,RR,RR_2,,,,,0,3,3,3,247.92824459999974,,,,,,,,,,,,,,,,,,,247.89605699999993,0.9990794999998798,250.89547670000002,[0.887962962962963],[0.5],[1],[0],[0],[2.9793076000000838],,,0112_0900_CB1_32_2,001,2023-12-01_09h50.57.860,3_End,2023.2.3,60.01385119681853,2023-12-01 09h51.12.097891 +0000,
,,,,,,,,5,1,sheet,sheetcn,./stims/AcqBystanders/sheet.jpeg,./stims/AcqBystanders/sheetcn.jpeg,RS,RS_3,,,,,0,4,4,4,250.9282529999996,,,,,,,,,,,,,,,,,,,250.89608859999998,0.9990920000000187,255.54563859999962,[0.887962962962963],[0.5],[1],[0],[0],[4.6351903999998285],,,0112_0900_CB1_32_2,001,2023-12-01_09h50.57.860,3_End,2023.2.3,60.01385119681853,2023-12-01 09h51.12.097891 +0000,
,,,,,,,,6,1,bottle,bottlecn,./stims/AcqBystanders/bottle.jpeg,./stims/AcqBystanders/bottlecn.jpeg,SS,SS_1,,,,,0,5,5,5,255.5782893999999,,,,,,,,,,,,,,,,,,,255.54621469999984,1.0156965999999557,259.2289489,[0.8740740740740741],[0.5],[1],[0],[0],[3.669533599999795],,,0112_0900_CB1_32_2,001,2023-12-01_09h50.57.860,3_End,2023.2.3,60.01385119681853,2023-12-01 09h51.12.097891 +0000,
,,,,,,,,7,1,trunk,trunkcn,./stims/AcqBystanders/trunk.jpeg,./stims/AcqBystanders/trunkcn.jpeg,SR,SR_1,,,,,0,6,6,6,259.2616313999997,,,,,,,,,,,,,,,,,,,259.22955999999976,1.015649900000426,262.9289598999999,[0.8740740740740741],[0.5],[1],[0],[0],[3.6827548000001116],,,0112_0900_CB1_32_2,001,2023-12-01_09h50.57.860,3_End,2023.2.3,60.01385119681853,2023-12-01 09h51.12.097891 +0000,
,,,,,,,,8,1,can,cancn,./stims/AcqBystanders/can.jpeg,./stims/AcqBystanders/cancn.jpeg,RR,RR_3,,,,,0,7,7,7,262.96168069999976,,,,,,,,,,,,,,,,,,,262.9295431999999,1.015674300000228,265.77892729999985,[0.8740740740740741],[0.5],[1],[0],[0],[2.832690900000216],,,0112_0900_CB1_32_2,001,2023-12-01_09h50.57.860,3_End,2023.2.3,60.01385119681853,2023-12-01 09h51.12.097891 +0000,
,,,,,,,,9,1,towel,towelcn,./stims/AcqBystanders/towel.jpeg,./stims/AcqBystanders/towelcn.jpeg,RS,RS_1,,,,,0,8,8,8,265.81169709999995,,,,,,,,,,,,,,,,,,,265.7795248999996,0.9990778999999748,268.6456647,[0.8740740740740741],[0.5],[1],[0],[0],[2.8494815999997627],,,0112_0900_CB1_32_2,001,2023-12-01_09h50.57.860,3_End,2023.2.3,60.01385119681853,2023-12-01 09h51.12.097891 +0000,
,,,,,,,,10,1,fireextinguisher,fireextinguishercn,./stims/AcqBystanders/fireextinguisher.jpeg,./stims/AcqBystanders/fireextinguishercn.jpeg,RR,RR_1,,,,,0,9,9,9,268.6784187999997,,,,,,,,,,,,,,,,,,,268.6462537999996,0.9990585999998984,271.26234639999984,[0.8740740740740741],[0.49907407407407406],[1],[0],[0],[2.5995783999997],,,0112_0900_CB1_32_2,001,2023-12-01_09h50.57.860,3_End,2023.2.3,60.01385119681853,2023-12-01 09h51.12.097891 +0000,
,,,,,,,,11,1,passport,passportcn,./stims/AcqBystanders/passport.jpeg,./stims/AcqBystanders/passportcn.jpeg,SS,SS_3,,,,,0,10,10,10,271.2950566999998,,,,,,,,,,,,,,,,,,,271.26293669999995,0.9990981000000829,274.01241949999985,[0.8851851851851852],[0.4925925925925926],[1],[0],[0],[2.734782699999869],,,0112_0900_CB1_32_2,001,2023-12-01_09h50.57.860,3_End,2023.2.3,60.01385119681853,2023-12-01 09h51.12.097891 +0000,
,,,,,,,,12,1,headphones,headphonescn,./stims/AcqBystanders/headphones.jpeg,./stims/AcqBystanders/headphonescn.jpeg,SR,SR_2,,,,,0,11,11,11,274.0450715999996,,,,,,,,,,,,,,,,,,,274.01301479999984,1.015647700000045,278.52907449999975,[0.8861111111111111],[0.49166666666666664],[1],[0],[0],[4.499122499999885],,,0112_0900_CB1_32_2,001,2023-12-01_09h50.57.860,3_End,2023.2.3,60.01385119681853,2023-12-01 09h51.12.097891 +0000,
,,,,,,,,13,1,perfume,perfumecn,./stims/AcqBystanders/perfume.jpeg,./stims/AcqBystanders/perfumecn.jpeg,SR,SR_4,,,,,0,12,12,12,278.5618228999997,,,,,,,,,,,,,,,,,,,278.5296881999998,0.9990156000003481,286.24582299999975,[0.8861111111111111],[0.49166666666666664],[1],[0],[0],[7.702252799999769],,,0112_0900_CB1_32_2,001,2023-12-01_09h50.57.860,3_End,2023.2.3,60.01385119681853,2023-12-01 09h51.12.097891 +0000,
,,,,,,,,14,1,cup,cupcn,./stims/AcqBystanders/cup.jpeg,./stims/AcqBystanders/cupcn.jpeg,RS,RS_2,,,,,0,13,13,13,286.36221479999995,,,,,,,,,,,,,,,,,,,286.24643849999984,1.0157015999998293,290.97893499999964,[0.8861111111111111],[0.49166666666666664],[1],[0],[0],[4.63218629999983],,,0112_0900_CB1_32_2,001,2023-12-01_09h50.57.860,3_End,2023.2.3,60.01385119681853,2023-12-01 09h51.12.097891 +0000,
,,,,,,,,,,,,,,,,,,,,,,,,,,,,,,,,,,,,,,,,,,,,,,,,,,,,290.97938859999977,290.99522469999965,,,,,,,,
