﻿order_ext,blk_ext,bystander_ext,test_item_ext,bystander_loc_ext,test_item_loc_ext,trial_type_ext,itemNo_ext,order_cond_acq,blk_cond_acq,bystander_cond_acq,test_item_cond_acq,bystander_loc_cond_acq,test_item_loc_cond_acq,trial_type_cond_acq,itemNo_cond_acq,trials.thisRepN,trials.thisTrialN,trials.thisN,trials.thisIndex,trials_2.thisRepN,trials_2.thisTrialN,trials_2.thisN,trials_2.thisIndex,thisRow.t,notes,INSTRUCTION.started,instruct1.started,ok1.started,INSTRUCTION.stopped,ok1.keys,ok1.rt,ok1.duration,END_EXT.started,mouse_ext.started,END_EXT.stopped,mouse_ext.x,mouse_ext.y,mouse_ext.leftButton,mouse_ext.midButton,mouse_ext.rightButton,mouse_ext.time,mouse_ext.stopped,END_ACQ.started,mouse_cond.started,END_ACQ.stopped,mouse_cond.x,mouse_cond.y,mouse_cond.leftButton,mouse_cond.midButton,mouse_cond.rightButton,mouse_cond.time,mouse_cond.stopped,thanks.started,thanksMsg.started,participant,session,date,expName,psychopyVersion,frameRate,expStart,
,,,,,,,,,,,,,,,,,,,,,,,,,,0.01577040000120178,0.03230419999999867,0.03230419999999867,2.099532600001112,space,2.0536648999986937,None,,,,,,,,,,,,,,,,,,,,,,,0112_1130_CB2_33_2,001,2023-12-01_12h17.28.138,3_End,2023.2.3,59.990593474464994,2023-12-01 12h17.40.487139 +0000,
1,1,cap,capcn,./stims/CritBystanders/cap.jpeg,./stims/CritBystanders/toiletpapercn.jpeg,SS,SS_2,,,,,,,,,0,0,0,0,,,,,2.1489550000005693,,,,,,,,,2.113369099999545,0.999492700000701,5.666267599999628,[0.8870370370370371],[0.45925925925925926],[1],[0],[0],[3.5268667000000278],,,,,,,,,,,,,,0112_1130_CB2_33_2,001,2023-12-01_12h17.28.138,3_End,2023.2.3,59.990593474464994,2023-12-01 12h17.40.487139 +0000,
2,1,chessboard,chessboardcn,./stims/CritBystanders/chessboard.jpeg,./stims/CritBystanders/chaircn.jpeg,SR,SR_6,,,,,,,,,0,1,1,1,,,,,5.699019400000907,,,,,,,,,5.667236799999955,1.0153485999999248,9.449612600001274,[0.8870370370370371],[0.45925925925925926],[1],[0],[0],[3.769462799999019],,,,,,,,,,,,,,0112_1130_CB2_33_2,001,2023-12-01_12h17.28.138,3_End,2023.2.3,59.990593474464994,2023-12-01 12h17.40.487139 +0000,
3,1,wallet,walletcn,./stims/CritBystanders/wallet.jpeg,./stims/CritBystanders/chessboardcn.jpeg,RS,RS_6,,,,,,,,,0,2,2,2,,,,,9.48235139999997,,,,,,,,,9.45016300000134,0.9990696999993816,14.566353300000628,[0.8824074074074074],[0.4638888888888889],[1],[0],[0],[5.102875299999141],,,,,,,,,,,,,,0112_1130_CB2_33_2,001,2023-12-01_12h17.28.138,3_End,2023.2.3,59.990593474464994,2023-12-01 12h17.40.487139 +0000,
4,1,clipboard,clipboardcn,./stims/CritBystanders/clipboard.jpeg,./stims/CritBystanders/combcn.jpeg,RR,RR_5,,,,,,,,,0,3,3,3,,,,,14.599067999999534,,,,,,,,,14.566959300000235,0.9990132999992056,25.733167800000956,[0.887962962962963],[0.5],[1],[0],[0],[11.153009900001052],,,,,,,,,,,,,,0112_1130_CB2_33_2,001,2023-12-01_12h17.28.138,3_End,2023.2.3,59.990593474464994,2023-12-01 12h17.40.487139 +0000,
5,2,comb,combcn,./stims/CritBystanders/comb.jpeg,./stims/CritBystanders/peacockcn.jpeg,RS,RS_5,,,,,,,,,0,4,4,4,,,,,25.76583820000087,,,,,,,,,25.73377249999976,1.0156415000001289,29.199886100001095,[0.8870370370370371],[0.49444444444444446],[1],[0],[0],[3.4495726999994076],,,,,,,,,,,,,,0112_1130_CB2_33_2,001,2023-12-01_12h17.28.138,3_End,2023.2.3,59.990593474464994,2023-12-01 12h17.40.487139 +0000,
6,2,electriccord,electriccordcn,./stims/CritBystanders/electriccord.jpeg,./stims/CritBystanders/computercn.jpeg,SS,SS_1,,,,,,,,,0,5,5,5,,,,,29.232512000000497,,,,,,,,,29.200481600000785,1.0155789999989793,38.199844400000075,[0.8870370370370371],[0.49444444444444446],[1],[0],[0],[8.986698700000488],,,,,,,,,,,,,,0112_1130_CB2_33_2,001,2023-12-01_12h17.28.138,3_End,2023.2.3,59.990593474464994,2023-12-01 12h17.40.487139 +0000,
7,2,toiletpaper,toiletpapercn,./stims/CritBystanders/toiletpaper.jpeg,./stims/CritBystanders/walkmancn.jpeg,RR,RR_2,,,,,,,,,0,6,6,6,,,,,38.232563200001096,,,,,,,,,38.20044450000023,1.0156865999997535,51.38326790000065,[0.8870370370370371],[0.49444444444444446],[1],[0],[0],[13.166333099999974],,,,,,,,,,,,,,0112_1130_CB2_33_2,001,2023-12-01_12h17.28.138,3_End,2023.2.3,59.990593474464994,2023-12-01 12h17.40.487139 +0000,
8,2,keys,keyscn,./stims/CritBystanders/keys.jpeg,./stims/CritBystanders/bucketcn.jpeg,SR,SR_3,,,,,,,,,0,7,7,7,,,,,51.4159767000001,,,,,,,,,51.383890600000086,1.0156674000008934,64.61687900000106,[0.8870370370370371],[0.49444444444444446],[1],[0],[0],[13.219930400000521],,,,,,,,,,,,,,0112_1130_CB2_33_2,001,2023-12-01_12h17.28.138,3_End,2023.2.3,59.990593474464994,2023-12-01 12h17.40.487139 +0000,
9,3,scissors,scissorscn,./stims/CritBystanders/scissors.jpeg,./stims/CritBystanders/walletcn.jpeg,RR,RR_6,,,,,,,,,0,8,8,8,,,,,64.6494257000013,,,,,,,,,64.61752080000042,1.0155335999988893,69.9501618000013,[0.8870370370370371],[0.49444444444444446],[1],[0],[0],[5.31598060000033],,,,,,,,,,,,,,0112_1130_CB2_33_2,001,2023-12-01_12h17.28.138,3_End,2023.2.3,59.990593474464994,2023-12-01 12h17.40.487139 +0000,
10,3,soccerball,soccerballcn,./stims/CritBystanders/soccerball.jpeg,./stims/CritBystanders/videocn.jpeg,SR,SR_7,,,,,,,,,0,9,9,9,,,,,69.9827879000004,,,,,,,,,69.95078670000112,1.0155828000006295,77.51675179999984,[0.8870370370370371],[0.49444444444444446],[1],[0],[0],[7.548831899999641],,,,,,,,,,,,,,0112_1130_CB2_33_2,001,2023-12-01_12h17.28.138,3_End,2023.2.3,59.990593474464994,2023-12-01 12h17.40.487139 +0000,
11,3,crate,cratecn,./stims/CritBystanders/crate.jpeg,./stims/CritBystanders/watchcn.jpeg,SS,SS_8,,,,,,,,,0,10,10,10,,,,,77.5495060000012,,,,,,,,,77.51734399999987,0.9991085999990901,83.16656429999966,[0.8870370370370371],[0.49444444444444446],[1],[0],[0],[5.6323548999989725],,,,,,,,,,,,,,0112_1130_CB2_33_2,001,2023-12-01_12h17.28.138,3_End,2023.2.3,59.990593474464994,2023-12-01 12h17.40.487139 +0000,
12,3,walkman,walkmancn,./stims/CritBystanders/walkman.jpeg,./stims/CritBystanders/bookscn.jpeg,RS,RS_2,,,,,,,,,0,11,11,11,,,,,83.19963500000085,,,,,,,,,83.16719000000012,0.9992574999996577,87.63357360000009,[0.8870370370370371],[0.49444444444444446],[1],[0],[0],[4.449821599999268],,,,,,,,,,,,,,0112_1130_CB2_33_2,001,2023-12-01_12h17.28.138,3_End,2023.2.3,59.990593474464994,2023-12-01 12h17.40.487139 +0000,
13,4,computer,computercn,./stims/CritBystanders/computer.jpeg,./stims/CritBystanders/cardscn.jpeg,RR,RR_1,,,,,,,,,0,12,12,12,,,,,87.66628630000014,,,,,,,,,87.63419100000101,1.0156444999993255,92.15023620000102,[0.8870370370370371],[0.49444444444444446],[1],[0],[0],[4.502391699999862],,,,,,,,,,,,,,0112_1130_CB2_33_2,001,2023-12-01_12h17.28.138,3_End,2023.2.3,59.990593474464994,2023-12-01 12h17.40.487139 +0000,
14,4,cards,cardscn,./stims/CritBystanders/cards.jpeg,./stims/CritBystanders/staplercn.jpeg,RS,RS_1,,,,,,,,,0,13,13,13,,,,,92.1829687999998,,,,,,,,,92.15085120000003,0.9990123000006861,105.2003005000006,[0.8870370370370371],[0.49444444444444446],[1],[0],[0],[13.0320010000014],,,,,,,,,,,,,,0112_1130_CB2_33_2,001,2023-12-01_12h17.28.138,3_End,2023.2.3,59.990593474464994,2023-12-01 12h17.40.487139 +0000,
15,4,calculator,calculatorcn,./stims/CritBystanders/calculator.jpeg,./stims/CritBystanders/guitarcn.jpeg,SS,SS_4,,,,,,,,,0,14,14,14,,,,,105.23309340000014,,,,,,,,,105.20089010000083,0.9990882000001875,109.78381679999984,[0.8870370370370371],[0.49444444444444446],[1],[0],[0],[4.564238799999657],,,,,,,,,,,,,,0112_1130_CB2_33_2,001,2023-12-01_12h17.28.138,3_End,2023.2.3,59.990593474464994,2023-12-01 12h17.40.487139 +0000,
16,4,telephone,telephonecn,./stims/CritBystanders/telephone.jpeg,./stims/CritBystanders/calculatorcn.jpeg,SR,SR_4,,,,,,,,,0,15,15,15,,,,,109.81643780000013,,,,,,,,,109.7844299999997,1.015570999999909,124.16724160000012,[0.8870370370370371],[0.49444444444444446],[1],[0],[0],[14.368632599998818],,,,,,,,,,,,,,0112_1130_CB2_33_2,001,2023-12-01_12h17.28.138,3_End,2023.2.3,59.990593474464994,2023-12-01 12h17.40.487139 +0000,
17,5,fan,fancn,./stims/CritBystanders/fan.jpeg,./stims/CritBystanders/coffeemugcn.jpeg,RR,RR_3,,,,,,,,,0,16,16,16,,,,,124.1998491000013,,,,,,,,,124.16784069999994,1.0155873999992764,127.86716590000105,[0.8870370370370371],[0.49444444444444446],[1],[0],[0],[3.6860260000012204],,,,,,,,,,,,,,0112_1130_CB2_33_2,001,2023-12-01_12h17.28.138,3_End,2023.2.3,59.990593474464994,2023-12-01 12h17.40.487139 +0000,
18,5,candle,candlecn,./stims/CritBystanders/candle.jpeg,./stims/CritBystanders/backpackcn.jpeg,RS,RS_8,,,,,,,,,0,17,17,17,,,,,127.89992180000081,,,,,,,,,127.86778419999973,1.0156815999998798,131.4172682999997,[0.8870370370370371],[0.49444444444444446],[1],[0],[0],[3.53238489999967],,,,,,,,,,,,,,0112_1130_CB2_33_2,001,2023-12-01_12h17.28.138,3_End,2023.2.3,59.990593474464994,2023-12-01 12h17.40.487139 +0000,
19,5,bucket,bucketcn,./stims/CritBystanders/bucket.jpeg,./stims/CritBystanders/fancn.jpeg,SS,SS_3,,,,,,,,,0,18,18,18,,,,,131.44991730000038,,,,,,,,,131.41786630000024,1.0156581999999617,135.13388169999962,[0.8870370370370371],[0.49444444444444446],[1],[0],[0],[3.699365399999806],,,,,,,,,,,,,,0112_1130_CB2_33_2,001,2023-12-01_12h17.28.138,3_End,2023.2.3,59.990593474464994,2023-12-01 12h17.40.487139 +0000,
20,5,peacock,peacockcn,./stims/CritBystanders/peacock.jpeg,./stims/CritBystanders/wastebasketcn.jpeg,SR,SR_5,,,,,,,,,0,19,19,19,,,,,135.16660489999958,,,,,,,,,135.1345007,0.9990192000004754,151.1337136000002,[],[],[],[],[],[],15.999097500000062,,,,,,,,,,,,,0112_1130_CB2_33_2,001,2023-12-01_12h17.28.138,3_End,2023.2.3,59.990593474464994,2023-12-01 12h17.40.487139 +0000,
21,6,iron,ironcn,./stims/CritBystanders/iron.jpeg,./stims/CritBystanders/shoescn.jpeg,RR,RR_7,,,,,,,,,0,20,20,20,,,,,151.1667733000013,,,,,,,,,151.134231,0.9991915000009612,155.13411170000109,[0.887962962962963],[0.5],[1],[0],[0],[3.987054100000023],,,,,,,,,,,,,,0112_1130_CB2_33_2,001,2023-12-01_12h17.28.138,3_End,2023.2.3,59.990593474464994,2023-12-01 12h17.40.487139 +0000,
22,6,chair,chaircn,./stims/CritBystanders/chair.jpeg,./stims/CritBystanders/scissorscn.jpeg,SS,SS_6,,,,,,,,,0,21,21,21,,,,,155.166773500001,,,,,,,,,155.13473130000057,1.015659400000004,159.8673901000002,[0.887962962962963],[0.5],[1],[0],[0],[4.7187726000011025],,,,,,,,,,,,,,0112_1130_CB2_33_2,001,2023-12-01_12h17.28.138,3_End,2023.2.3,59.990593474464994,2023-12-01 12h17.40.487139 +0000,
23,6,umbrella,umbrellacn,./stims/CritBystanders/umbrella.jpeg,./stims/CritBystanders/telephonecn.jpeg,RS,RS_4,,,,,,,,,0,22,22,22,,,,,159.90013530000033,,,,,,,,,159.8679613000004,0.9990851999991719,163.3174424000008,[0.887962962962963],[0.5],[1],[0],[0],[3.437568100000135],,,,,,,,,,,,,,0112_1130_CB2_33_2,001,2023-12-01_12h17.28.138,3_End,2023.2.3,59.990593474464994,2023-12-01 12h17.40.487139 +0000,
24,6,books,bookscn,./stims/CritBystanders/books.jpeg,./stims/CritBystanders/capcn.jpeg,SR,SR_2,,,,,,,,,0,23,23,23,,,,,163.35015320000093,,,,,,,,,163.3180572000001,0.9990085999997973,179.05096440000125,[0.887962962962963],[0.5],[1],[0],[0],[15.719634900000528],,,,,,,,,,,,,,0112_1130_CB2_33_2,001,2023-12-01_12h17.28.138,3_End,2023.2.3,59.990593474464994,2023-12-01 12h17.40.487139 +0000,
25,7,backpack,backpackcn,./stims/CritBystanders/backpack.jpeg,./stims/CritBystanders/cratecn.jpeg,SR,SR_8,,,,,,,,,0,24,24,24,,,,,179.08359480000036,,,,,,,,,179.0515875000001,1.0156010999999125,185.63426770000115,[0.887962962962963],[0.5],[1],[0],[0],[6.568571499999962],,,,,,,,,,,,,,0112_1130_CB2_33_2,001,2023-12-01_12h17.28.138,3_End,2023.2.3,59.990593474464994,2023-12-01 12h17.40.487139 +0000,
26,7,guitar,guitarcn,./stims/CritBystanders/guitar.jpeg,./stims/CritBystanders/umbrellacn.jpeg,RR,RR_4,,,,,,,,,0,25,25,25,,,,,185.66702319999968,,,,,,,,,185.6348893000013,0.9990018999997119,196.46765830000004,[0.887962962962963],[0.5],[1],[0],[0],[10.815418400001363],,,,,,,,,,,,,,0112_1130_CB2_33_2,001,2023-12-01_12h17.28.138,3_End,2023.2.3,59.990593474464994,2023-12-01 12h17.40.487139 +0000,
27,7,shoes,shoescn,./stims/CritBystanders/shoes.jpeg,./stims/CritBystanders/soccerballcn.jpeg,RS,RS_7,,,,,,,,,0,26,26,26,,,,,196.50040770000123,,,,,,,,,196.4682654999997,0.999061200000142,203.3344047999999,[0.887962962962963],[0.5],[1],[0],[0],[6.852562699999908],,,,,,,,,,,,,,0112_1130_CB2_33_2,001,2023-12-01_12h17.28.138,3_End,2023.2.3,59.990593474464994,2023-12-01 12h17.40.487139 +0000,
28,7,video,videocn,./stims/CritBystanders/video.jpeg,./stims/CritBystanders/ironcn.jpeg,SS,SS_7,,,,,,,,,0,27,27,27,,,,,203.3671348000007,,,,,,,,,203.33500530000128,0.9990355000009004,218.46784110000044,[0.887962962962963],[0.5],[1],[0],[0],[15.11617280000064],,,,,,,,,,,,,,0112_1130_CB2_33_2,001,2023-12-01_12h17.28.138,3_End,2023.2.3,59.990593474464994,2023-12-01 12h17.40.487139 +0000,
29,8,coffeemug,coffeemugcn,./stims/CritBystanders/coffeemug.jpeg,./stims/CritBystanders/keyscn.jpeg,RS,RS_3,,,,,,,,,0,28,28,28,,,,,218.50056010000117,,,,,,,,,218.4684601000008,0.9990119000012783,234.2179451000011,[0.887962962962963],[0.5],[1],[0],[0],[15.730802399999448],,,,,,,,,,,,,,0112_1130_CB2_33_2,001,2023-12-01_12h17.28.138,3_End,2023.2.3,59.990593474464994,2023-12-01 12h17.40.487139 +0000,
30,8,stapler,staplercn,./stims/CritBystanders/stapler.jpeg,./stims/CritBystanders/electriccordcn.jpeg,SR,SR_1,,,,,,,,,0,29,29,29,,,,,234.25068490000012,,,,,,,,,234.2185640000007,0.9990066999998817,243.0180693000002,[0.887962962962963],[0.5],[1],[0],[0],[8.78516689999924],,,,,,,,,,,,,,0112_1130_CB2_33_2,001,2023-12-01_12h17.28.138,3_End,2023.2.3,59.990593474464994,2023-12-01 12h17.40.487139 +0000,
31,8,wastebasket,wastebasketcn,./stims/CritBystanders/wastebasket.jpeg,./stims/CritBystanders/clipboardcn.jpeg,SS,SS_5,,,,,,,,,0,30,30,30,,,,,243.05075299999953,,,,,,,,,243.018704600001,1.0156279000002542,249.10132760000124,[0.887962962962963],[0.5],[1],[0],[0],[6.065739700001359],,,,,,,,,,,,,,0112_1130_CB2_33_2,001,2023-12-01_12h17.28.138,3_End,2023.2.3,59.990593474464994,2023-12-01 12h17.40.487139 +0000,
32,8,watch,watchcn,./stims/CritBystanders/watch.jpeg,./stims/CritBystanders/candlecn.jpeg,RR,RR_8,,,,,,,,,0,31,31,31,,,,,249.134145,,,,,,,,,249.10194059999958,0.9991138000004867,265.1013115000005,[],[],[],[],[],[],15.999284999999873,,,,,,,,,,,,,0112_1130_CB2_33_2,001,2023-12-01_12h17.28.138,3_End,2023.2.3,59.990593474464994,2023-12-01 12h17.40.487139 +0000,
,,,,,,,,1,1,pan,pancn,./stims/AcqBystanders/pan.jpeg,./stims/AcqBystanders/pancn.jpeg,SS,SS_2,,,,,0,0,0,0,265.15129590000106,,,,,,,,,,,,,,,,,,,265.1107017000013,0.9992096000005404,273.06823460000123,[0.887962962962963],[0.5],[1],[0],[0],[7.928468300000532],,,,0112_1130_CB2_33_2,001,2023-12-01_12h17.28.138,3_End,2023.2.3,59.990593474464994,2023-12-01 12h17.40.487139 +0000,
,,,,,,,,2,1,lightbulb,lightbulbcn,./stims/AcqBystanders/lightbulb.jpeg,./stims/AcqBystanders/lightbulbcn.jpeg,SR,SR_3,,,,,0,1,1,1,273.18465240000114,,,,,,,,,,,,,,,,,,,273.06915740000113,1.0154186999989179,280.8182359000002,[0.887962962962963],[0.5],[1],[0],[0],[7.6407083999984025],,,,0112_1130_CB2_33_2,001,2023-12-01_12h17.28.138,3_End,2023.2.3,59.990593474464994,2023-12-01 12h17.40.487139 +0000,
,,,,,,,,3,1,shampoo,shampoocn,./stims/AcqBystanders/shampoo.jpeg,./stims/AcqBystanders/shampoocn.jpeg,RS,RS_4,,,,,0,2,2,2,280.86811470000066,,,,,,,,,,,,,,,,,,,280.81879990000016,0.9991340999986278,290.3850183000013,[0.887962962962963],[0.5],[1],[0],[0],[9.534786800000802],,,,0112_1130_CB2_33_2,001,2023-12-01_12h17.28.138,3_End,2023.2.3,59.990593474464994,2023-12-01 12h17.40.487139 +0000,
,,,,,,,,4,1,mandms,mandmscn,./stims/AcqBystanders/mandms.jpeg,./stims/AcqBystanders/mandmscn.jpeg,RR,RR_2,,,,,0,3,3,3,290.41778220000015,,,,,,,,,,,,,,,,,,,290.38563369999974,0.9990228000006027,299.96842990000005,[0.887962962962963],[0.5],[1],[0],[0],[9.565965800000413],,,,0112_1130_CB2_33_2,001,2023-12-01_12h17.28.138,3_End,2023.2.3,59.990593474464994,2023-12-01 12h17.40.487139 +0000,
,,,,,,,,5,1,sheet,sheetcn,./stims/AcqBystanders/sheet.jpeg,./stims/AcqBystanders/sheetcn.jpeg,RS,RS_3,,,,,0,4,4,4,300.00120849999985,,,,,,,,,,,,,,,,,,,299.9689890999998,0.9991212000004452,310.6185641000011,[0.887962962962963],[0.5],[1],[0],[0],[10.635404300001028],,,,0112_1130_CB2_33_2,001,2023-12-01_12h17.28.138,3_End,2023.2.3,59.990593474464994,2023-12-01 12h17.40.487139 +0000,
,,,,,,,,6,1,bottle,bottlecn,./stims/AcqBystanders/bottle.jpeg,./stims/AcqBystanders/bottlecn.jpeg,SS,SS_1,,,,,0,5,5,5,310.65124970000033,,,,,,,,,,,,,,,,,,,310.6191789000004,1.0156521999997494,320.55173620000096,[0.887962962962963],[0.5],[1],[0],[0],[9.919124100000772],,,,0112_1130_CB2_33_2,001,2023-12-01_12h17.28.138,3_End,2023.2.3,59.990593474464994,2023-12-01 12h17.40.487139 +0000,
,,,,,,,,7,1,trunk,trunkcn,./stims/AcqBystanders/trunk.jpeg,./stims/AcqBystanders/trunkcn.jpeg,SR,SR_1,,,,,0,6,6,6,320.5846555999997,,,,,,,,,,,,,,,,,,,320.5523481,0.9992174999988492,330.4686522000011,[0.887962962962963],[0.5],[1],[0],[0],[9.904670599999008],,,,0112_1130_CB2_33_2,001,2023-12-01_12h17.28.138,3_End,2023.2.3,59.990593474464994,2023-12-01 12h17.40.487139 +0000,
,,,,,,,,8,1,can,cancn,./stims/AcqBystanders/can.jpeg,./stims/AcqBystanders/cancn.jpeg,RR,RR_3,,,,,0,7,7,7,330.50140640000063,,,,,,,,,,,,,,,,,,,330.46927460000006,0.9990199000003486,340.9854009999999,[0.887962962962963],[0.5],[1],[0],[0],[10.499194199999693],,,,0112_1130_CB2_33_2,001,2023-12-01_12h17.28.138,3_End,2023.2.3,59.990593474464994,2023-12-01 12h17.40.487139 +0000,
,,,,,,,,9,1,towel,towelcn,./stims/AcqBystanders/towel.jpeg,./stims/AcqBystanders/towelcn.jpeg,RS,RS_1,,,,,0,8,8,8,341.0181289000011,,,,,,,,,,,,,,,,,,,340.9860148000007,0.9990669000017078,350.88562060000004,[0.887962962962963],[0.5],[1],[0],[0],[9.882845500000258],,,,0112_1130_CB2_33_2,001,2023-12-01_12h17.28.138,3_End,2023.2.3,59.990593474464994,2023-12-01 12h17.40.487139 +0000,
,,,,,,,,10,1,fireextinguisher,fireextinguishercn,./stims/AcqBystanders/fireextinguisher.jpeg,./stims/AcqBystanders/fireextinguishercn.jpeg,RR,RR_1,,,,,0,9,9,9,350.91821789999995,,,,,,,,,,,,,,,,,,,350.88623430000007,1.0155465999996522,359.40224090000083,[0.887962962962963],[0.5],[1],[0],[0],[8.502250499999718],,,,0112_1130_CB2_33_2,001,2023-12-01_12h17.28.138,3_End,2023.2.3,59.990593474464994,2023-12-01 12h17.40.487139 +0000,
,,,,,,,,11,1,passport,passportcn,./stims/AcqBystanders/passport.jpeg,./stims/AcqBystanders/passportcn.jpeg,SS,SS_3,,,,,0,10,10,10,359.43493409999974,,,,,,,,,,,,,,,,,,,359.40283570000065,1.0156924000002618,368.85227230000055,[0.887962962962963],[0.5],[1],[0],[0],[9.434753200001069],,,,0112_1130_CB2_33_2,001,2023-12-01_12h17.28.138,3_End,2023.2.3,59.990593474464994,2023-12-01 12h17.40.487139 +0000,
,,,,,,,,12,1,headphones,headphonescn,./stims/AcqBystanders/headphones.jpeg,./stims/AcqBystanders/headphonescn.jpeg,SR,SR_2,,,,,0,11,11,11,368.8850602000002,,,,,,,,,,,,,,,,,,,368.8529034000003,0.9990011000008963,384.8520607999999,[],[],[],[],[],[],15.999105200000486,,,0112_1130_CB2_33_2,001,2023-12-01_12h17.28.138,3_End,2023.2.3,59.990593474464994,2023-12-01 12h17.40.487139 +0000,
,,,,,,,,13,1,perfume,perfumecn,./stims/AcqBystanders/perfume.jpeg,./stims/AcqBystanders/perfumecn.jpeg,SR,SR_4,,,,,0,12,12,12,384.8851422000007,,,,,,,,,,,,,,,,,,,384.85263289999966,0.9991883000002417,393.1689714000004,[0.887962962962963],[0.5],[1],[0],[0],[8.301257199998872],,,,0112_1130_CB2_33_2,001,2023-12-01_12h17.28.138,3_End,2023.2.3,59.990593474464994,2023-12-01 12h17.40.487139 +0000,
,,,,,,,,14,1,cup,cupcn,./stims/AcqBystanders/cup.jpeg,./stims/AcqBystanders/cupcn.jpeg,RS,RS_2,,,,,0,13,13,13,393.2856525999996,,,,,,,,,,,,,,,,,,,393.16960199999994,0.9991997999986779,397.58581890000096,[0.887962962962963],[0.5],[1],[0],[0],[4.308917099999235],,,,0112_1130_CB2_33_2,001,2023-12-01_12h17.28.138,3_End,2023.2.3,59.990593474464994,2023-12-01 12h17.40.487139 +0000,
,,,,,,,,,,,,,,,,,,,,,,,,,,,,,,,,,,,,,,,,,,,,,,,,,,,,,397.586270400001,397.60193079999954,,,,,,,,
