﻿order_ext,blk_ext,bystander_ext,test_item_ext,bystander_loc_ext,test_item_loc_ext,trial_type_ext,itemNo_ext,order_cond_acq,blk_cond_acq,bystander_cond_acq,test_item_cond_acq,bystander_loc_cond_acq,test_item_loc_cond_acq,trial_type_cond_acq,itemNo_cond_acq,trials.thisRepN,trials.thisTrialN,trials.thisN,trials.thisIndex,trials_2.thisRepN,trials_2.thisTrialN,trials_2.thisN,trials_2.thisIndex,thisRow.t,notes,INSTRUCTION.started,instruct1.started,ok1.started,INSTRUCTION.stopped,ok1.keys,ok1.rt,ok1.duration,END_EXT.started,mouse_ext.started,END_EXT.stopped,mouse_ext.x,mouse_ext.y,mouse_ext.leftButton,mouse_ext.midButton,mouse_ext.rightButton,mouse_ext.time,mouse_ext.stopped,END_ACQ.started,mouse_cond.started,END_ACQ.stopped,mouse_cond.x,mouse_cond.y,mouse_cond.leftButton,mouse_cond.midButton,mouse_cond.rightButton,mouse_cond.time,thanks.started,thanksMsg.started,participant,session,date,expName,psychopyVersion,frameRate,expStart,
,,,,,,,,,,,,,,,,,,,,,,,,,,0.007550800000899471,0.024145300001691794,0.024145300001691794,8.657981100001052,space,8.619251300002361,None,,,,,,,,,,,,,,,,,,,,,,0112_1400_CB3_34_2,001,2023-12-01_15h42.32.828,3_End,2023.2.3,60.00175205053061,2023-12-01 15h42.46.388417 +0000,
1,1,walkman,walkmancn,./stims/CritBystanders/cap.jpeg,./stims/CritBystanders/walkmancn.jpeg,SS,SS_2,,,,,,,,,0,0,0,0,,,,,8.707435200001783,,,,,,,,,8.673271399999066,0.9995191999987583,12.474820600000385,[0.8657407407407407],[-0.016666666666666666],[1],[0],[0],[3.7750501000009535],,,,,,,,,,,,,0112_1400_CB3_34_2,001,2023-12-01_15h42.32.828,3_End,2023.2.3,60.00175205053061,2023-12-01 15h42.46.388417 +0000,
2,1,scissors,scissorscn,./stims/CritBystanders/chessboard.jpeg,./stims/CritBystanders/scissorscn.jpeg,SR,SR_6,,,,,,,,,0,1,1,1,,,,,12.50751930000115,,,,,,,,,12.47581899999932,1.0152706000008038,16.92459389999931,[0.8657407407407407],[-0.016666666666666666],[1],[0],[0],[4.431962999999087],,,,,,,,,,,,,0112_1400_CB3_34_2,001,2023-12-01_15h42.32.828,3_End,2023.2.3,60.00175205053061,2023-12-01 15h42.46.388417 +0000,
3,1,chair,chaircn,./stims/CritBystanders/wallet.jpeg,./stims/CritBystanders/chaircn.jpeg,RS,RS_6,,,,,,,,,0,2,2,2,,,,,16.95754460000171,,,,,,,,,16.92519760000141,0.9992716000015207,25.291516299999785,[0.8657407407407407],[-0.016666666666666666],[1],[0],[0],[8.350301200000104],,,,,,,,,,,,,0112_1400_CB3_34_2,001,2023-12-01_15h42.32.828,3_End,2023.2.3,60.00175205053061,2023-12-01 15h42.46.388417 +0000,
4,1,peacock,peacockcn,./stims/CritBystanders/clipboard.jpeg,./stims/CritBystanders/peacockcn.jpeg,RR,RR_5,,,,,,,,,0,3,3,3,,,,,25.324291200002335,,,,,,,,,25.292114100000617,0.9990175000020827,28.658257900002354,[0.8657407407407407],[-0.016666666666666666],[1],[0],[0],[3.352297900000849],,,,,,,,,,,,,0112_1400_CB3_34_2,001,2023-12-01_15h42.32.828,3_End,2023.2.3,60.00175205053061,2023-12-01 15h42.46.388417 +0000,
5,2,wastebasket,wastebasketcn,./stims/CritBystanders/comb.jpeg,./stims/CritBystanders/wastebasketcn.jpeg,RS,RS_5,,,,,,,,,0,4,4,4,,,,,28.69094860000041,,,,,,,,,28.65885790000175,1.0156548000013572,31.54135160000078,[0.8657407407407407],[-0.016666666666666666],[1],[0],[0],[2.8687912999994296],,,,,,,,,,,,,0112_1400_CB3_34_2,001,2023-12-01_15h42.32.828,3_End,2023.2.3,60.00175205053061,2023-12-01 15h42.46.388417 +0000,
6,2,card,cardcn,./stims/CritBystanders/electriccord.jpeg,./stims/CritBystanders/cardscn.jpeg,SS,SS_1,,,,,,,,,0,5,5,5,,,,,31.574303400000645,,,,,,,,,31.541948000001867,0.9992743999973754,35.54167520000192,[0.8657407407407407],[-0.016666666666666666],[1],[0],[0],[3.982906400000502],,,,,,,,,,,,,0112_1400_CB3_34_2,001,2023-12-01_15h42.32.828,3_End,2023.2.3,60.00175205053061,2023-12-01 15h42.46.388417 +0000,
7,2,books,bookscn,./stims/CritBystanders/toiletpaper.jpeg,./stims/CritBystanders/bookscn.jpeg,RR,RR_2,,,,,,,,,0,6,6,6,,,,,35.574331700001494,,,,,,,,,35.542284300001484,1.0156118999984756,39.64164600000004,[0.8657407407407407],[-0.016666666666666666],[1],[0],[0],[4.086709299997892],,,,,,,,,,,,,0112_1400_CB3_34_2,001,2023-12-01_15h42.32.828,3_End,2023.2.3,60.00175205053061,2023-12-01 15h42.46.388417 +0000,
8,2,fan,fancn,./stims/CritBystanders/keys.jpeg,./stims/CritBystanders/fancn.jpeg,SR,SR_3,,,,,,,,,0,7,7,7,,,,,39.67439680000098,,,,,,,,,39.64224749999994,1.0156734000011056,43.2249668000004,[0.8657407407407407],[-0.016666666666666666],[1],[0],[0],[3.5654653000019607],,,,,,,,,,,,,0112_1400_CB3_34_2,001,2023-12-01_15h42.32.828,3_End,2023.2.3,60.00175205053061,2023-12-01 15h42.46.388417 +0000,
9,3,chessboard,chessboardcn,./stims/CritBystanders/scissors.jpeg,./stims/CritBystanders/chessboardcn.jpeg,RR,RR_6,,,,,,,,,0,8,8,8,,,,,43.25771580000219,,,,,,,,,43.22556280000208,0.9990907999999763,55.058414600000106,[0.8657407407407407],[-0.016666666666666666],[1],[0],[0],[11.816279200000281],,,,,,,,,,,,,0112_1400_CB3_34_2,001,2023-12-01_15h42.32.828,3_End,2023.2.3,60.00175205053061,2023-12-01 15h42.46.388417 +0000,
10,3,iron,ironcn,./stims/CritBystanders/soccerball.jpeg,./stims/CritBystanders/ironcn.jpeg,SR,SR_7,,,,,,,,,0,9,9,9,,,,,55.09112699999969,,,,,,,,,55.05901690000246,0.9990623999983654,57.941825199999585,[0.8657407407407407],[-0.016666666666666666],[1],[0],[0],[2.8687151999984053],,,,,,,,,,,,,0112_1400_CB3_34_2,001,2023-12-01_15h42.32.828,3_End,2023.2.3,60.00175205053061,2023-12-01 15h42.46.388417 +0000,
11,3,candle,candlecn,./stims/CritBystanders/crate.jpeg,./stims/CritBystanders/candlecn.jpeg,SS,SS_8,,,,,,,,,0,10,10,10,,,,,57.97452239999984,,,,,,,,,57.94242410000152,1.0156285999983083,60.40837040000042,[0.8657407407407407],[-0.016666666666666666],[1],[0],[0],[2.4509873000024527],,,,,,,,,,,,,0112_1400_CB3_34_2,001,2023-12-01_15h42.32.828,3_End,2023.2.3,60.00175205053061,2023-12-01 15h42.46.388417 +0000,
12,3,cap,capcn,./stims/CritBystanders/walkman.jpeg,./stims/CritBystanders/capcn.jpeg,RS,RS_2,,,,,,,,,0,11,11,11,,,,,60.44120269999985,,,,,,,,,60.40891980000015,0.9991456999996444,75.19168050000007,[0.8657407407407407],[-0.016666666666666666],[1],[0],[0],[14.769471799998428],,,,,,,,,,,,,0112_1400_CB3_34_2,001,2023-12-01_15h42.32.828,3_End,2023.2.3,60.00175205053061,2023-12-01 15h42.46.388417 +0000,
13,4,stapler,staplercn,./stims/CritBystanders/computer.jpeg,./stims/CritBystanders/staplercn.jpeg,RR,RR_1,,,,,,,,,0,12,12,12,,,,,75.22463040000002,,,,,,,,,75.19223790000251,0.9992557000005036,78.40857120000146,[0.8657407407407407],[-0.016666666666666666],[1],[0],[0],[3.198275400001876],,,,,,,,,,,,,0112_1400_CB3_34_2,001,2023-12-01_15h42.32.828,3_End,2023.2.3,60.00175205053061,2023-12-01 15h42.46.388417 +0000,
14,4,electriccord,electriccordcn,./stims/CritBystanders/cards.jpeg,./stims/CritBystanders/electriccordcn.jpeg,RS,RS_1,,,,,,,,,0,13,13,13,,,,,78.44130840000071,,,,,,,,,78.40917500000069,0.9990811999996367,94.40843210000094,[],[],[],[],[],[],15.999185299999226,,,,,,,,,,,,0112_1400_CB3_34_2,001,2023-12-01_15h42.32.828,3_End,2023.2.3,60.00175205053061,2023-12-01 15h42.46.388417 +0000,
15,4,umbrella,umbrellacn,./stims/CritBystanders/calculator.jpeg,./stims/CritBystanders/umbrellacn.jpeg,SS,SS_4,,,,,,,,,0,14,14,14,,,,,94.44144510000115,,,,,,,,,94.40898519999973,0.9991760999982944,100.7751754000019,[0.8657407407407407],[-0.016666666666666666],[1],[0],[0],[6.349399499998981],,,,,,,,,,,,,0112_1400_CB3_34_2,001,2023-12-01_15h42.32.828,3_End,2023.2.3,60.00175205053061,2023-12-01 15h42.46.388417 +0000,
16,4,guitar,guitarcn,./stims/CritBystanders/telephone.jpeg,./stims/CritBystanders/guitarcn.jpeg,SR,SR_4,,,,,,,,,0,15,15,15,,,,,100.8081540000021,,,,,,,,,100.77572549999968,0.9993064000009326,105.02545839999948,[0.8842592592592593],[0.044444444444444446],[1],[0],[0],[4.232608199999959],,,,,,,,,,,,,0112_1400_CB3_34_2,001,2023-12-01_15h42.32.828,3_End,2023.2.3,60.00175205053061,2023-12-01 15h42.46.388417 +0000,
17,5,keys,keyscn,./stims/CritBystanders/fan.jpeg,./stims/CritBystanders/keyscn.jpeg,RR,RR_3,,,,,,,,,0,16,16,16,,,,,105.05816810000033,,,,,,,,,105.0260694000026,0.9990096000001358,113.29246390000117,[0.8842592592592593],[0.044444444444444446],[1],[0],[0],[8.254467400001886],,,,,,,,,,,,,0112_1400_CB3_34_2,001,2023-12-01_15h42.32.828,3_End,2023.2.3,60.00175205053061,2023-12-01 15h42.46.388417 +0000,
18,5,crate,cratecn,./stims/CritBystanders/candle.jpeg,./stims/CritBystanders/cratecn.jpeg,RS,RS_8,,,,,,,,,0,17,17,17,,,,,113.32491080000182,,,,,,,,,113.2930852999998,1.0154132999996364,124.27561559999958,[0.8842592592592593],[0.044444444444444446],[1],[0],[0],[10.969362499999988],,,,,,,,,,,,,0112_1400_CB3_34_2,001,2023-12-01_15h42.32.828,3_End,2023.2.3,60.00175205053061,2023-12-01 15h42.46.388417 +0000,
19,5,coffeemug,coffeemugcn,./stims/CritBystanders/bucket.jpeg,./stims/CritBystanders/coffeemugcn.jpeg,SS,SS_3,,,,,,,,,0,18,18,18,,,,,124.30832060000103,,,,,,,,,124.27621910000016,0.9990061999997124,129.3590394999992,[0.8842592592592593],[0.044444444444444446],[1],[0],[0],[5.069469100002607],,,,,,,,,,,,,0112_1400_CB3_34_2,001,2023-12-01_15h42.32.828,3_End,2023.2.3,60.00175205053061,2023-12-01 15h42.46.388417 +0000,
20,5,clipboard,clipboardcn,./stims/CritBystanders/peacock.jpeg,./stims/CritBystanders/clipboardcn.jpeg,SR,SR_5,,,,,,,,,0,19,19,19,,,,,129.3917332000019,,,,,,,,,129.35965090000172,1.015638000000763,140.64220860000205,[0.8842592592592593],[0.044444444444444446],[1],[0],[0],[11.26919049999924],,,,,,,,,,,,,0112_1400_CB3_34_2,001,2023-12-01_15h42.32.828,3_End,2023.2.3,60.00175205053061,2023-12-01 15h42.46.388417 +0000,
21,6,soccerball,soccerballcn,./stims/CritBystanders/iron.jpeg,./stims/CritBystanders/soccerballcn.jpeg,RR,RR_7,,,,,,,,,0,20,20,20,,,,,140.6750916000019,,,,,,,,,140.64281710000068,0.9992447999975411,149.62589640000078,[0.8842592592592593],[0.044444444444444446],[1],[0],[0],[8.96999969999888],,,,,,,,,,,,,0112_1400_CB3_34_2,001,2023-12-01_15h42.32.828,3_End,2023.2.3,60.00175205053061,2023-12-01 15h42.46.388417 +0000,
22,6,wallet,walletcn,./stims/CritBystanders/chair.jpeg,./stims/CritBystanders/walletcn.jpeg,SS,SS_6,,,,,,,,,0,21,21,21,,,,,149.65852839999934,,,,,,,,,149.62649050000255,1.0156081000022823,160.10899880000215,[0.8842592592592593],[0.044444444444444446],[1],[0],[0],[10.465382200000022],,,,,,,,,,,,,0112_1400_CB3_34_2,001,2023-12-01_15h42.32.828,3_End,2023.2.3,60.00175205053061,2023-12-01 15h42.46.388417 +0000,
23,6,calculator,calculatorcn,./stims/CritBystanders/umbrella.jpeg,./stims/CritBystanders/calculatorcn.jpeg,RS,RS_4,,,,,,,,,0,22,22,22,,,,,160.14194670000143,,,,,,,,,160.10965080000096,0.9991654000004928,165.00939990000188,[0.8842592592592593],[0.044444444444444446],[1],[0],[0],[4.886090600000898],,,,,,,,,,,,,0112_1400_CB3_34_2,001,2023-12-01_15h42.32.828,3_End,2023.2.3,60.00175205053061,2023-12-01 15h42.46.388417 +0000,
24,6,toiletpaper,toiletpapercn,./stims/CritBystanders/books.jpeg,./stims/CritBystanders/toiletpapercn.jpeg,SR,SR_2,,,,,,,,,0,23,23,23,,,,,165.0419761000012,,,,,,,,,165.00998190000246,1.0156181999991531,167.9426342000006,[0.8833333333333333],[0.044444444444444446],[1],[0],[0],[2.9207523000004585],,,,,,,,,,,,,0112_1400_CB3_34_2,001,2023-12-01_15h42.32.828,3_End,2023.2.3,60.00175205053061,2023-12-01 15h42.46.388417 +0000,
25,7,watch,watchcn,./stims/CritBystanders/backpack.jpeg,./stims/CritBystanders/watchcn.jpeg,SR,SR_8,,,,,,,,,0,24,24,24,,,,,167.97531979999985,,,,,,,,,167.94323720000102,1.01566929999899,171.79261190000034,[0.8833333333333333],[0.044444444444444446],[1],[0],[0],[3.8361917000001995],,,,,,,,,,,,,0112_1400_CB3_34_2,001,2023-12-01_15h42.32.828,3_End,2023.2.3,60.00175205053061,2023-12-01 15h42.46.388417 +0000,
26,7,telephone,telephonecn,./stims/CritBystanders/guitar.jpeg,./stims/CritBystanders/telephonecn.jpeg,RR,RR_4,,,,,,,,,0,25,25,25,,,,,171.82534990000204,,,,,,,,,171.7932034000005,0.9990575000010722,178.55931450000207,[0.8833333333333333],[0.044444444444444446],[1],[0],[0],[6.75282739999966],,,,,,,,,,,,,0112_1400_CB3_34_2,001,2023-12-01_15h42.32.828,3_End,2023.2.3,60.00175205053061,2023-12-01 15h42.46.388417 +0000,
27,7,video,videocn,./stims/CritBystanders/shoes.jpeg,./stims/CritBystanders/videocn.jpeg,RS,RS_7,,,,,,,,,0,26,26,26,,,,,178.59210000000166,,,,,,,,,178.5598695000008,0.9991281000002346,182.5426862000022,[0.8824074074074074],[0.04351851851851852],[1],[0],[0],[3.968420100001822],,,,,,,,,,,,,0112_1400_CB3_34_2,001,2023-12-01_15h42.32.828,3_End,2023.2.3,60.00175205053061,2023-12-01 15h42.46.388417 +0000,
28,7,shoes,shoescn,./stims/CritBystanders/video.jpeg,./stims/CritBystanders/shoescn.jpeg,SS,SS_7,,,,,,,,,0,27,27,27,,,,,182.5754323000001,,,,,,,,,182.5432858000022,0.9990835999997216,187.40958260000116,[0.8824074074074074],[0.04351851851851852],[1],[0],[0],[4.849271200000658],,,,,,,,,,,,,0112_1400_CB3_34_2,001,2023-12-01_15h42.32.828,3_End,2023.2.3,60.00175205053061,2023-12-01 15h42.46.388417 +0000,
29,8,bucket,bucketcn,./stims/CritBystanders/coffeemug.jpeg,./stims/CritBystanders/bucketcn.jpeg,RS,RS_3,,,,,,,,,0,28,28,28,,,,,187.44212080000216,,,,,,,,,187.41020850000132,1.0154689000009967,196.34279230000175,[0.8824074074074074],[0.04351851851851852],[1],[0],[0],[8.919626300001255],,,,,,,,,,,,,0112_1400_CB3_34_2,001,2023-12-01_15h42.32.828,3_End,2023.2.3,60.00175205053061,2023-12-01 15h42.46.388417 +0000,
30,8,computer,computercn,./stims/CritBystanders/stapler.jpeg,./stims/CritBystanders/computercn.jpeg,SR,SR_1,,,,,,,,,0,29,29,29,,,,,196.37552850000066,,,,,,,,,196.3435454999999,1.015590200000588,207.12625780000235,[0.8824074074074074],[0.04351851851851852],[1],[0],[0],[10.769518299999618],,,,,,,,,,,,,0112_1400_CB3_34_2,001,2023-12-01_15h42.32.828,3_End,2023.2.3,60.00175205053061,2023-12-01 15h42.46.388417 +0000,
31,8,comb,combcn,./stims/CritBystanders/wastebasket.jpeg,./stims/CritBystanders/combcn.jpeg,SS,SS_5,,,,,,,,,0,30,30,30,,,,,207.15894860000117,,,,,,,,,207.12687130000268,1.015629400000762,212.6762090000011,[0.8824074074074074],[0.04351851851851852],[1],[0],[0],[5.532769900000858],,,,,,,,,,,,,0112_1400_CB3_34_2,001,2023-12-01_15h42.32.828,3_End,2023.2.3,60.00175205053061,2023-12-01 15h42.46.388417 +0000,
32,8,backpack,backpackcn,./stims/CritBystanders/watch.jpeg,./stims/CritBystanders/backpackcn.jpeg,RR,RR_8,,,,,,,,,0,31,31,31,,,,,212.70899830000053,,,,,,,,,212.67681090000042,0.9991186999977799,216.47633929999938,[0.8824074074074074],[0.04351851851851852],[1],[0],[0],[3.7818265999994765],,,,,,,,,,,,,0112_1400_CB3_34_2,001,2023-12-01_15h42.32.828,3_End,2023.2.3,60.00175205053061,2023-12-01 15h42.46.388417 +0000,
,,,,,,,,1,1,pan,pancn,./stims/AcqBystanders/pan.jpeg,./stims/AcqBystanders/pancn.jpeg,SS,SS_2,,,,,0,0,0,0,216.52600860000166,,,,,,,,,,,,,,,,,,,216.48619099999996,1.015592599997035,223.8929786000008,[0.8824074074074074],[0.04351851851851852],[1],[0],[0],[7.377705399998376],,,0112_1400_CB3_34_2,001,2023-12-01_15h42.32.828,3_End,2023.2.3,60.00175205053061,2023-12-01 15h42.46.388417 +0000,
,,,,,,,,2,1,lightbulb,lightbulbcn,./stims/AcqBystanders/lightbulb.jpeg,./stims/AcqBystanders/lightbulbcn.jpeg,SR,SR_3,,,,,0,1,1,1,224.00934860000052,,,,,,,,,,,,,,,,,,,223.8938307999997,1.015431299998454,231.7764117000006,[0.887962962962963],[0.046296296296296294],[1],[0],[0],[7.7733900000021094],,,0112_1400_CB3_34_2,001,2023-12-01_15h42.32.828,3_End,2023.2.3,60.00175205053061,2023-12-01 15h42.46.388417 +0000,
,,,,,,,,3,1,shampoo,shampoocn,./stims/AcqBystanders/shampoo.jpeg,./stims/AcqBystanders/shampoocn.jpeg,RS,RS_4,,,,,0,2,2,2,231.82623670000248,,,,,,,,,,,,,,,,,,,231.77702320000026,1.0156690000003437,245.25982900000236,[0.887962962962963],[0.046296296296296294],[1],[0],[0],[13.45175559999916],,,0112_1400_CB3_34_2,001,2023-12-01_15h42.32.828,3_End,2023.2.3,60.00175205053061,2023-12-01 15h42.46.388417 +0000,
,,,,,,,,4,1,mandms,mandmscn,./stims/AcqBystanders/mandms.jpeg,./stims/AcqBystanders/mandmscn.jpeg,RR,RR_2,,,,,0,3,3,3,245.29254729999957,,,,,,,,,,,,,,,,,,,245.26043059999938,0.9990552000017487,257.5599523000019,[0.887962962962963],[0.046296296296296294],[1],[0],[0],[12.27898169999753],,,0112_1400_CB3_34_2,001,2023-12-01_15h42.32.828,3_End,2023.2.3,60.00175205053061,2023-12-01 15h42.46.388417 +0000,
,,,,,,,,5,1,sheet,sheetcn,./stims/AcqBystanders/sheet.jpeg,./stims/AcqBystanders/sheetcn.jpeg,RS,RS_3,,,,,0,4,4,4,257.59265510000114,,,,,,,,,,,,,,,,,,,257.56052080000154,0.9990738999986206,261.16000690000146,[0.887962962962963],[0.046296296296296294],[1],[0],[0],[3.5815357999999833],,,0112_1400_CB3_34_2,001,2023-12-01_15h42.32.828,3_End,2023.2.3,60.00175205053061,2023-12-01 15h42.46.388417 +0000,
,,,,,,,,6,1,bottle,bottlecn,./stims/AcqBystanders/bottle.jpeg,./stims/AcqBystanders/bottlecn.jpeg,SS,SS_1,,,,,0,5,5,5,261.19270809999944,,,,,,,,,,,,,,,,,,,261.1605763000007,0.9990121999981056,275.0600685999998,[0.887962962962963],[0.046296296296296294],[1],[0],[0],[13.882222500000353],,,0112_1400_CB3_34_2,001,2023-12-01_15h42.32.828,3_End,2023.2.3,60.00175205053061,2023-12-01 15h42.46.388417 +0000,
,,,,,,,,7,1,trunk,trunkcn,./stims/AcqBystanders/trunk.jpeg,./stims/AcqBystanders/trunkcn.jpeg,SR,SR_1,,,,,0,6,6,6,275.0927914999993,,,,,,,,,,,,,,,,,,,275.0606781000024,0.999004999997851,279.86047060000055,[0.887962962962963],[0.046296296296296294],[1],[0],[0],[4.78567269999985],,,0112_1400_CB3_34_2,001,2023-12-01_15h42.32.828,3_End,2023.2.3,60.00175205053061,2023-12-01 15h42.46.388417 +0000,
,,,,,,,,8,1,can,cancn,./stims/AcqBystanders/can.jpeg,./stims/AcqBystanders/cancn.jpeg,RR,RR_3,,,,,0,7,7,7,279.89284260000204,,,,,,,,,,,,,,,,,,,279.86110760000156,1.0153815999983635,282.71011590000126,[0.887962962962963],[0.046296296296296294],[1],[0],[0],[2.831429699999717],,,0112_1400_CB3_34_2,001,2023-12-01_15h42.32.828,3_End,2023.2.3,60.00175205053061,2023-12-01 15h42.46.388417 +0000,
,,,,,,,,9,1,towel,towelcn,./stims/AcqBystanders/towel.jpeg,./stims/AcqBystanders/towelcn.jpeg,RS,RS_1,,,,,0,8,8,8,282.74287170000025,,,,,,,,,,,,,,,,,,,282.7107137000021,0.9990126000011514,286.51012860000264,[0.887962962962963],[0.046296296296296294],[1],[0],[0],[3.782199600002059],,,0112_1400_CB3_34_2,001,2023-12-01_15h42.32.828,3_End,2023.2.3,60.00175205053061,2023-12-01 15h42.46.388417 +0000,
,,,,,,,,10,1,fireextinguisher,fireextinguishercn,./stims/AcqBystanders/fireextinguisher.jpeg,./stims/AcqBystanders/fireextinguishercn.jpeg,RR,RR_1,,,,,0,9,9,9,286.5428745999998,,,,,,,,,,,,,,,,,,,286.5107334000022,0.999076399999467,291.57686749999993,[0.887962962962963],[0.11018518518518519],[1],[0],[0],[5.05104829999982],,,0112_1400_CB3_34_2,001,2023-12-01_15h42.32.828,3_End,2023.2.3,60.00175205053061,2023-12-01 15h42.46.388417 +0000,
,,,,,,,,11,1,passport,passportcn,./stims/AcqBystanders/passport.jpeg,./stims/AcqBystanders/passportcn.jpeg,SS,SS_3,,,,,0,10,10,10,291.6095621000022,,,,,,,,,,,,,,,,,,,291.57748229999925,0.9990041000019119,294.72684850000223,[0.887962962962963],[0.11018518518518519],[1],[0],[0],[3.130866200001037],,,0112_1400_CB3_34_2,001,2023-12-01_15h42.32.828,3_End,2023.2.3,60.00175205053061,2023-12-01 15h42.46.388417 +0000,
,,,,,,,,12,1,headphones,headphonescn,./stims/AcqBystanders/headphones.jpeg,./stims/AcqBystanders/headphonescn.jpeg,SR,SR_2,,,,,0,11,11,11,294.75967970000056,,,,,,,,,,,,,,,,,,,294.7274443999995,0.9990505999994639,304.64359400000103,[0.887962962962963],[0.11018518518518519],[1],[0],[0],[9.898259199999302],,,0112_1400_CB3_34_2,001,2023-12-01_15h42.32.828,3_End,2023.2.3,60.00175205053061,2023-12-01 15h42.46.388417 +0000,
,,,,,,,,13,1,perfume,perfumecn,./stims/AcqBystanders/perfume.jpeg,./stims/AcqBystanders/perfumecn.jpeg,SR,SR_4,,,,,0,12,12,12,304.6763522000001,,,,,,,,,,,,,,,,,,,304.6441863,0.9990851000002294,313.24366980000195,[0.887962962962963],[0.11018518518518519],[1],[0],[0],[8.585132699998212],,,0112_1400_CB3_34_2,001,2023-12-01_15h42.32.828,3_End,2023.2.3,60.00175205053061,2023-12-01 15h42.46.388417 +0000,
,,,,,,,,14,1,cup,cupcn,./stims/AcqBystanders/cup.jpeg,./stims/AcqBystanders/cupcn.jpeg,RS,RS_2,,,,,0,13,13,13,313.3601058000022,,,,,,,,,,,,,,,,,,,313.2442880000017,0.9991273000014189,318.1102606000022,[0.887962962962963],[0.11018518518518519],[1],[0],[0],[4.761234599998716],,,0112_1400_CB3_34_2,001,2023-12-01_15h42.32.828,3_End,2023.2.3,60.00175205053061,2023-12-01 15h42.46.388417 +0000,
,,,,,,,,,,,,,,,,,,,,,,,,,,,,,,,,,,,,,,,,,,,,,,,,,,,,318.11072290000084,318.12650150000263,,,,,,,,
