﻿order_ext,blk_ext,bystander_ext,test_item_ext,bystander_loc_ext,test_item_loc_ext,trial_type_ext,itemNo_ext,order_cond_acq,blk_cond_acq,bystander_cond_acq,test_item_cond_acq,bystander_loc_cond_acq,test_item_loc_cond_acq,trial_type_cond_acq,itemNo_cond_acq,trials.thisRepN,trials.thisTrialN,trials.thisN,trials.thisIndex,trials_2.thisRepN,trials_2.thisTrialN,trials_2.thisN,trials_2.thisIndex,thisRow.t,notes,INSTRUCTION.started,instruct1.started,ok1.started,INSTRUCTION.stopped,ok1.keys,ok1.rt,ok1.duration,END_EXT.started,mouse_ext.started,END_EXT.stopped,mouse_ext.x,mouse_ext.y,mouse_ext.leftButton,mouse_ext.midButton,mouse_ext.rightButton,mouse_ext.time,mouse_ext.stopped,END_ACQ.started,mouse_cond.started,END_ACQ.stopped,mouse_cond.x,mouse_cond.y,mouse_cond.leftButton,mouse_cond.midButton,mouse_cond.rightButton,mouse_cond.time,thanks.started,thanksMsg.started,participant,session,date,expName,psychopyVersion,frameRate,expStart,
,,,,,,,,,,,,,,,,,,,,,,,,,,0.011918600008357316,0.02850919999764301,0.02850919999764301,7.245930800010683,space,7.210860399994999,None,,,,,,,,,,,,,,,,,,,,,,0212_1100_CB4_35_2,001,2023-12-02_11h36.40.372,3_End,2023.2.3,60.0249463654983,2023-12-02 11h36.53.808912 +0000,
1,1,walkman,walkmancn,./stims/CritBystanders/cap.jpeg,./stims/CritBystanders/bookscn.jpeg,SS,SS_2,,,,,,,,,0,0,0,0,,,,,7.311808200000087,,,,,,,,,7.261700400005793,0.9992859000049066,13.079246900000726,[0.43796296296296294],[-0.3712962962962963],[1],[0],[0],[5.786763099997188],,,,,,,,,,,,,0212_1100_CB4_35_2,001,2023-12-02_11h36.40.372,3_End,2023.2.3,60.0249463654983,2023-12-02 11h36.53.808912 +0000,
2,1,wallet,walletcn,./stims/CritBystanders/chessboard.jpeg,./stims/CritBystanders/walletcn.jpeg,SR,SR_6,,,,,,,,,0,1,1,1,,,,,13.11187880000216,,,,,,,,,13.08022780000465,1.0152847999997903,21.746024300009594,[0.43796296296296294],[-0.3712962962962963],[1],[0],[0],[8.649188199997297],,,,,,,,,,,,,0212_1100_CB4_35_2,001,2023-12-02_11h36.40.372,3_End,2023.2.3,60.0249463654983,2023-12-02 11h36.53.808912 +0000,
3,1,scissors,scissorscn,./stims/CritBystanders/wallet.jpeg,./stims/CritBystanders/scissorscn.jpeg,RS,RS_6,,,,,,,,,0,2,2,2,,,,,21.778616100011277,,,,,,,,,21.746663199999603,1.0155096000089543,37.04604169999948,[0.43796296296296294],[-0.3712962962962963],[1],[0],[0],[15.286045900007593],,,,,,,,,,,,,0212_1100_CB4_35_2,001,2023-12-02_11h36.40.372,3_End,2023.2.3,60.0249463654983,2023-12-02 11h36.53.808912 +0000,
4,1,wastebasket,wastebasketcn,./stims/CritBystanders/clipboard.jpeg,./stims/CritBystanders/wastebasketcn.jpeg,RR,RR_5,,,,,,,,,0,3,3,3,,,,,37.07875570000033,,,,,,,,,37.046670700001414,1.015605399996275,40.72934859999805,[0.43796296296296294],[-0.3712962962962963],[1],[0],[0],[3.6659425999969244],,,,,,,,,,,,,0212_1100_CB4_35_2,001,2023-12-02_11h36.40.372,3_End,2023.2.3,60.0249463654983,2023-12-02 11h36.53.808912 +0000,
5,2,clipboard,clipboardcn,./stims/CritBystanders/comb.jpeg,./stims/CritBystanders/clipboardcn.jpeg,RS,RS_5,,,,,,,,,0,4,4,4,,,,,40.76210649999848,,,,,,,,,40.729928800006746,0.9990041999990353,48.24601860000985,[0.43796296296296294],[-0.3712962962962963],[1],[0],[0],[7.499279099996784],,,,,,,,,,,,,0212_1100_CB4_35_2,001,2023-12-02_11h36.40.372,3_End,2023.2.3,60.0249463654983,2023-12-02 11h36.53.808912 +0000,
6,2,stapler,staplercn,./stims/CritBystanders/electriccord.jpeg,./stims/CritBystanders/staplercn.jpeg,SS,SS_1,,,,,,,,,0,5,5,5,,,,,48.278827300004195,,,,,,,,,48.24662689999968,0.9990648000093643,54.67944410000928,[0.4685185185185185],[-0.1712962962962963],[1],[0],[0],[6.415866900002584],,,,,,,,,,,,,0212_1100_CB4_35_2,001,2023-12-02_11h36.40.372,3_End,2023.2.3,60.0249463654983,2023-12-02 11h36.53.808912 +0000,
7,2,cap,capcn,./stims/CritBystanders/toiletpaper.jpeg,./stims/CritBystanders/capcn.jpeg,RR,RR_2,,,,,,,,,0,6,6,6,,,,,54.712180800008355,,,,,,,,,54.68006759999844,1.0156980999890948,61.06276450000587,[0.4685185185185185],[-0.1712962962962963],[1],[0],[0],[6.369592900009593],,,,,,,,,,,,,0212_1100_CB4_35_2,001,2023-12-02_11h36.40.372,3_End,2023.2.3,60.0249463654983,2023-12-02 11h36.53.808912 +0000,
8,2,coffeemug,coffeemugcn,./stims/CritBystanders/keys.jpeg,./stims/CritBystanders/coffeemugcn.jpeg,SR,SR_3,,,,,,,,,0,7,7,7,,,,,61.095520300004864,,,,,,,,,61.063374300007126,0.9990804999979446,67.49619990000792,[0.4685185185185185],[-0.1712962962962963],[1],[0],[0],[6.419821999996202],,,,,,,,,,,,,0212_1100_CB4_35_2,001,2023-12-02_11h36.40.372,3_End,2023.2.3,60.0249463654983,2023-12-02 11h36.53.808912 +0000,
9,3,chair,chaircn,./stims/CritBystanders/scissors.jpeg,./stims/CritBystanders/chaircn.jpeg,RR,RR_6,,,,,,,,,0,8,8,8,,,,,67.52896229999897,,,,,,,,,67.49681350000901,0.9990128000063123,72.8462356000091,[0.4685185185185185],[-0.1712962962962963],[1],[0],[0],[5.336848599996301],,,,,,,,,,,,,0212_1100_CB4_35_2,001,2023-12-02_11h36.40.372,3_End,2023.2.3,60.0249463654983,2023-12-02 11h36.53.808912 +0000,
10,3,shoes,shoescn,./stims/CritBystanders/soccerball.jpeg,./stims/CritBystanders/shoescn.jpeg,SR,SR_7,,,,,,,,,0,9,9,9,,,,,72.87899040000048,,,,,,,,,72.84683439999935,0.9990271999995457,76.57977680000477,[0.4685185185185185],[-0.1712962962962963],[1],[0],[0],[3.7199177000002237],,,,,,,,,,,,,0212_1100_CB4_35_2,001,2023-12-02_11h36.40.372,3_End,2023.2.3,60.0249463654983,2023-12-02 11h36.53.808912 +0000,
11,3,backpack,backpackcn,./stims/CritBystanders/crate.jpeg,./stims/CritBystanders/backpackcn.jpeg,SS,SS_8,,,,,,,,,0,10,10,10,,,,,76.61236110000755,,,,,,,,,76.58038179999858,1.0155832000018563,79.89627310000651,[0.4685185185185185],[-0.1712962962962963],[1],[0],[0],[3.2985935999895446],,,,,,,,,,,,,0212_1100_CB4_35_2,001,2023-12-02_11h36.40.372,3_End,2023.2.3,60.0249463654983,2023-12-02 11h36.53.808912 +0000,
12,3,toiletpaper,toiletpapercn,./stims/CritBystanders/walkman.jpeg,./stims/CritBystanders/toiletpapercn.jpeg,RS,RS_2,,,,,,,,,0,11,11,11,,,,,79.92901249999704,,,,,,,,,79.89683910000895,0.9990896999952383,84.22967870000866,[0.4685185185185185],[-0.1712962962962963],[1],[0],[0],[4.320268600000418],,,,,,,,,,,,,0212_1100_CB4_35_2,001,2023-12-02_11h36.40.372,3_End,2023.2.3,60.0249463654983,2023-12-02 11h36.53.808912 +0000,
13,4,electriccord,electriccordcn,./stims/CritBystanders/computer.jpeg,./stims/CritBystanders/electriccordcn.jpeg,RR,RR_1,,,,,,,,,0,12,12,12,,,,,84.26239590000478,,,,,,,,,84.23029120000137,0.9990219000028446,90.72970690000511,[0.4685185185185185],[-0.1712962962962963],[1],[0],[0],[6.485660899998038],,,,,,,,,,,,,0212_1100_CB4_35_2,001,2023-12-02_11h36.40.372,3_End,2023.2.3,60.0249463654983,2023-12-02 11h36.53.808912 +0000,
14,4,computer,computercn,./stims/CritBystanders/cards.jpeg,./stims/CritBystanders/computercn.jpeg,RS,RS_1,,,,,,,,,0,13,13,13,,,,,90.76242620000266,,,,,,,,,90.73031690000789,0.9990365999983624,102.4464483000047,[0.4685185185185185],[-0.1712962962962963],[1],[0],[0],[11.703219700008049],,,,,,,,,,,,,0212_1100_CB4_35_2,001,2023-12-02_11h36.40.372,3_End,2023.2.3,60.0249463654983,2023-12-02 11h36.53.808912 +0000,
15,4,telephone,telephonecn,./stims/CritBystanders/calculator.jpeg,./stims/CritBystanders/telephonecn.jpeg,SS,SS_4,,,,,,,,,0,14,14,14,,,,,102.47920420000446,,,,,,,,,102.4470650000003,0.999053699997603,108.69659490000049,[0.4666666666666667],[-0.175],[1],[0],[0],[6.232477500001551],,,,,,,,,,,,,0212_1100_CB4_35_2,001,2023-12-02_11h36.40.372,3_End,2023.2.3,60.0249463654983,2023-12-02 11h36.53.808912 +0000,
16,4,umbrella,umbrellacn,./stims/CritBystanders/telephone.jpeg,./stims/CritBystanders/umbrellacn.jpeg,SR,SR_4,,,,,,,,,0,15,15,15,,,,,108.72925470001064,,,,,,,,,108.69720540000708,1.015634499999578,121.19660029999795,[0.4666666666666667],[-0.175],[1],[0],[0],[12.48617390000436],,,,,,,,,,,,,0212_1100_CB4_35_2,001,2023-12-02_11h36.40.372,3_End,2023.2.3,60.0249463654983,2023-12-02 11h36.53.808912 +0000,
17,5,bucket,bucketcn,./stims/CritBystanders/fan.jpeg,./stims/CritBystanders/bucketcn.jpeg,RR,RR_3,,,,,,,,,0,16,16,16,,,,,121.2293473000027,,,,,,,,,121.19723320000048,0.9990045000013197,126.79641500000434,[0.4666666666666667],[-0.175],[1],[0],[0],[5.585087200000999],,,,,,,,,,,,,0212_1100_CB4_35_2,001,2023-12-02_11h36.40.372,3_End,2023.2.3,60.0249463654983,2023-12-02 11h36.53.808912 +0000,
18,5,watch,watchcn,./stims/CritBystanders/candle.jpeg,./stims/CritBystanders/watchcn.jpeg,RS,RS_8,,,,,,,,,0,17,17,17,,,,,126.82940100000997,,,,,,,,,126.79699300001084,0.9993360999942524,142.79643529999885,[],[],[],[],[],[],15.999404999995022,,,,,,,,,,,,0212_1100_CB4_35_2,001,2023-12-02_11h36.40.372,3_End,2023.2.3,60.0249463654983,2023-12-02 11h36.53.808912 +0000,
19,5,keys,keyscn,./stims/CritBystanders/bucket.jpeg,./stims/CritBystanders/keyscn.jpeg,SS,SS_3,,,,,,,,,0,18,18,18,,,,,142.82948820000456,,,,,,,,,142.79699980000441,0.9994340999983251,156.83032580000872,[0.4666666666666667],[-0.17592592592592593],[1],[0],[0],[14.019892700001947],,,,,,,,,,,,,0212_1100_CB4_35_2,001,2023-12-02_11h36.40.372,3_End,2023.2.3,60.0249463654983,2023-12-02 11h36.53.808912 +0000,
20,5,comb,combcn,./stims/CritBystanders/peacock.jpeg,./stims/CritBystanders/combcn.jpeg,SR,SR_5,,,,,,,,,0,19,19,19,,,,,156.8629779000039,,,,,,,,,156.83095360000152,1.0155540999985533,167.18046699999832,[0.47314814814814815],[-0.18425925925925926],[1],[0],[0],[10.332943800007342],,,,,,,,,,,,,0212_1100_CB4_35_2,001,2023-12-02_11h36.40.372,3_End,2023.2.3,60.0249463654983,2023-12-02 11h36.53.808912 +0000,
21,6,video,videocn,./stims/CritBystanders/iron.jpeg,./stims/CritBystanders/videocn.jpeg,RR,RR_7,,,,,,,,,0,20,20,20,,,,,167.21300090001023,,,,,,,,,167.18110210000305,1.0155003999971086,171.54708850001043,[0.4703703703703704],[-0.175],[1],[0],[0],[4.352531099997577],,,,,,,,,,,,,0212_1100_CB4_35_2,001,2023-12-02_11h36.40.372,3_End,2023.2.3,60.0249463654983,2023-12-02 11h36.53.808912 +0000,
22,6,chessboard,chessboardcn,./stims/CritBystanders/chair.jpeg,./stims/CritBystanders/chessboardcn.jpeg,SS,SS_6,,,,,,,,,0,21,21,21,,,,,171.57975020000595,,,,,,,,,171.54770039999858,1.0156042000016896,185.33044150000205,[0.4703703703703704],[-0.175],[1],[0],[0],[13.770103000002564],,,,,,,,,,,,,0212_1100_CB4_35_2,001,2023-12-02_11h36.40.372,3_End,2023.2.3,60.0249463654983,2023-12-02 11h36.53.808912 +0000,
23,6,guitar,guitarcn,./stims/CritBystanders/umbrella.jpeg,./stims/CritBystanders/guitarcn.jpeg,RS,RS_4,,,,,,,,,0,22,22,22,,,,,185.36313870000595,,,,,,,,,185.33105560000695,0.9990053000074113,190.6470815000066,[0.4703703703703704],[-0.175],[1],[0],[0],[5.30200949999562],,,,,,,,,,,,,0212_1100_CB4_35_2,001,2023-12-02_11h36.40.372,3_End,2023.2.3,60.0249463654983,2023-12-02 11h36.53.808912 +0000,
24,6,walkman,walkmancn,./stims/CritBystanders/books.jpeg,./stims/CritBystanders/walkmancn.jpeg,SR,SR_2,,,,,,,,,0,23,23,23,,,,,190.6799214000057,,,,,,,,,190.64769369999703,0.9990695000014966,200.5305451000022,[0.4703703703703704],[-0.175],[1],[0],[0],[9.865619099989999],,,,,,,,,,,,,0212_1100_CB4_35_2,001,2023-12-02_11h36.40.372,3_End,2023.2.3,60.0249463654983,2023-12-02 11h36.53.808912 +0000,
25,7,candle,candlecn,./stims/CritBystanders/backpack.jpeg,./stims/CritBystanders/candlecn.jpeg,SR,SR_8,,,,,,,,,0,24,24,24,,,,,200.5632767000061,,,,,,,,,200.5311606000032,1.0156473000097321,204.73052800000005,[0.4703703703703704],[-0.175],[1],[0],[0],[4.1858385000086855],,,,,,,,,,,,,0212_1100_CB4_35_2,001,2023-12-02_11h36.40.372,3_End,2023.2.3,60.0249463654983,2023-12-02 11h36.53.808912 +0000,
26,7,calculator,calculatorcn,./stims/CritBystanders/guitar.jpeg,./stims/CritBystanders/calculatorcn.jpeg,RR,RR_4,,,,,,,,,0,25,25,25,,,,,204.7633108000009,,,,,,,,,204.73114760000317,0.9990403000119841,210.34726090000186,[0.4703703703703704],[-0.175],[1],[0],[0],[5.59898670000257],,,,,,,,,,,,,0212_1100_CB4_35_2,001,2023-12-02_11h36.40.372,3_End,2023.2.3,60.0249463654983,2023-12-02 11h36.53.808912 +0000,
27,7,iron,ironcn,./stims/CritBystanders/shoes.jpeg,./stims/CritBystanders/ironcn.jpeg,RS,RS_7,,,,,,,,,0,26,26,26,,,,,210.3800162999978,,,,,,,,,210.3478488999972,0.9990332000015769,219.78080310000223,[0.4703703703703704],[-0.175],[1],[0],[0],[9.419447500011302],,,,,,,,,,,,,0212_1100_CB4_35_2,001,2023-12-02_11h36.40.372,3_End,2023.2.3,60.0249463654983,2023-12-02 11h36.53.808912 +0000,
28,7,soccerball,soccerballcn,./stims/CritBystanders/video.jpeg,./stims/CritBystanders/soccerballcn.jpeg,SS,SS_7,,,,,,,,,0,27,27,27,,,,,219.81341760000214,,,,,,,,,219.78142650000518,1.0156093999976292,224.38077119999798,[0.4703703703703704],[-0.175],[1],[0],[0],[4.587659199998598],,,,,,,,,,,,,0212_1100_CB4_35_2,001,2023-12-02_11h36.40.372,3_End,2023.2.3,60.0249463654983,2023-12-02 11h36.53.808912 +0000,
29,8,fan,fancn,./stims/CritBystanders/coffeemug.jpeg,./stims/CritBystanders/fancn.jpeg,RS,RS_3,,,,,,,,,0,28,28,28,,,,,224.41347150001093,,,,,,,,,224.38135680000414,0.9990020999975968,232.46423930001038,[0.4703703703703704],[-0.175],[1],[0],[0],[8.068732699990505],,,,,,,,,,,,,0212_1100_CB4_35_2,001,2023-12-02_11h36.40.372,3_End,2023.2.3,60.0249463654983,2023-12-02 11h36.53.808912 +0000,
30,8,cards,cardscn,./stims/CritBystanders/stapler.jpeg,./stims/CritBystanders/cardscn.jpeg,SR,SR_1,,,,,,,,,0,29,29,29,,,,,232.49684089999937,,,,,,,,,232.4648509000108,1.0155584000021918,243.34750540000095,[0.4703703703703704],[-0.175],[1],[0],[0],[10.861248499990324],,,,,,,,,,,,,0212_1100_CB4_35_2,001,2023-12-02_11h36.40.372,3_End,2023.2.3,60.0249463654983,2023-12-02 11h36.53.808912 +0000,
31,8,peacock,peacockcn,./stims/CritBystanders/wastebasket.jpeg,./stims/CritBystanders/peacockcn.jpeg,SS,SS_5,,,,,,,,,0,30,30,30,,,,,243.3802577000024,,,,,,,,,243.34811880000052,0.9990008000022499,252.56403510000382,[0.4703703703703704],[-0.175],[1],[0],[0],[9.198976600004244],,,,,,,,,,,,,0212_1100_CB4_35_2,001,2023-12-02_11h36.40.372,3_End,2023.2.3,60.0249463654983,2023-12-02 11h36.53.808912 +0000,
32,8,crate,cratecn,./stims/CritBystanders/watch.jpeg,./stims/CritBystanders/cratecn.jpeg,RR,RR_8,,,,,,,,,0,31,31,31,,,,,252.59701750001113,,,,,,,,,252.56466460000956,0.999264400001266,256.73101860001043,[0.4703703703703704],[-0.175],[1],[0],[0],[4.152761500008637],,,,,,,,,,,,,0212_1100_CB4_35_2,001,2023-12-02_11h36.40.372,3_End,2023.2.3,60.0249463654983,2023-12-02 11h36.53.808912 +0000,
,,,,,,,,1,1,pan,pancn,./stims/AcqBystanders/pan.jpeg,./stims/AcqBystanders/pancn.jpeg,SS,SS_2,,,,,0,0,0,0,256.78069790000154,,,,,,,,,,,,,,,,,,,256.7406067999982,1.0156465000036405,265.0641275000089,[0.4703703703703704],[-0.175],[1],[0],[0],[8.294775200003642],,,0212_1100_CB4_35_2,001,2023-12-02_11h36.40.372,3_End,2023.2.3,60.0249463654983,2023-12-02 11h36.53.808912 +0000,
,,,,,,,,2,1,lightbulb,lightbulbcn,./stims/AcqBystanders/lightbulb.jpeg,./stims/AcqBystanders/lightbulbcn.jpeg,SR,SR_3,,,,,0,1,1,1,265.1807848000026,,,,,,,,,,,,,,,,,,,265.06504700001096,1.015620400008629,281.08059540000977,[],[],[],[],[],[],,,0212_1100_CB4_35_2,001,2023-12-02_11h36.40.372,3_End,2023.2.3,60.0249463654983,2023-12-02 11h36.53.808912 +0000,
,,,,,,,,3,1,shampoo,shampoocn,./stims/AcqBystanders/shampoo.jpeg,./stims/AcqBystanders/shampoocn.jpeg,RS,RS_4,,,,,0,2,2,2,281.1310092000058,,,,,,,,,,,,,,,,,,,281.08117499999935,0.9991105000081006,286.33097100000305,[0.4703703703703704],[-0.175],[1],[0],[0],[5.218639400001848],,,0212_1100_CB4_35_2,001,2023-12-02_11h36.40.372,3_End,2023.2.3,60.0249463654983,2023-12-02 11h36.53.808912 +0000,
,,,,,,,,4,1,mandms,mandmscn,./stims/AcqBystanders/mandms.jpeg,./stims/AcqBystanders/mandmscn.jpeg,RR,RR_2,,,,,0,3,3,3,286.3639308999991,,,,,,,,,,,,,,,,,,,286.33153630000015,0.9992574999923818,293.6145219000027,[0.4703703703703704],[-0.175],[1],[0],[0],[7.262560699993628],,,0212_1100_CB4_35_2,001,2023-12-02_11h36.40.372,3_End,2023.2.3,60.0249463654983,2023-12-02 11h36.53.808912 +0000,
,,,,,,,,5,1,sheet,sheetcn,./stims/AcqBystanders/sheet.jpeg,./stims/AcqBystanders/sheetcn.jpeg,RS,RS_3,,,,,0,4,4,4,293.64729760000773,,,,,,,,,,,,,,,,,,,293.6151327999978,0.9990600000019185,300.9479243000096,[0.4703703703703704],[-0.175],[1],[0],[0],[7.314831300012884],,,0212_1100_CB4_35_2,001,2023-12-02_11h36.40.372,3_End,2023.2.3,60.0249463654983,2023-12-02 11h36.53.808912 +0000,
,,,,,,,,6,1,bottle,bottlecn,./stims/AcqBystanders/bottle.jpeg,./stims/AcqBystanders/bottlecn.jpeg,SS,SS_1,,,,,0,5,5,5,300.98069009999745,,,,,,,,,,,,,,,,,,,300.9485386000015,0.9990485000016633,308.81450880000193,[0.4703703703703704],[-0.175],[1],[0],[0],[7.849028199998429],,,0212_1100_CB4_35_2,001,2023-12-02_11h36.40.372,3_End,2023.2.3,60.0249463654983,2023-12-02 11h36.53.808912 +0000,
,,,,,,,,7,1,trunk,trunkcn,./stims/AcqBystanders/trunk.jpeg,./stims/AcqBystanders/trunkcn.jpeg,SR,SR_1,,,,,0,6,6,6,308.84738520000246,,,,,,,,,,,,,,,,,,,308.8151197999978,0.9992327999934787,312.2814711000101,[0.4703703703703704],[-0.175],[1],[0],[0],[3.4487405000108993],,,0212_1100_CB4_35_2,001,2023-12-02_11h36.40.372,3_End,2023.2.3,60.0249463654983,2023-12-02 11h36.53.808912 +0000,
,,,,,,,,8,1,can,cancn,./stims/AcqBystanders/can.jpeg,./stims/AcqBystanders/cancn.jpeg,RR,RR_3,,,,,0,7,7,7,312.3141236000083,,,,,,,,,,,,,,,,,,,312.2821005000005,1.0155987000034656,321.9481114000082,[0.4703703703703704],[-0.175],[1],[0],[0],[9.651672599997255],,,0212_1100_CB4_35_2,001,2023-12-02_11h36.40.372,3_End,2023.2.3,60.0249463654983,2023-12-02 11h36.53.808912 +0000,
,,,,,,,,9,1,towel,towelcn,./stims/AcqBystanders/towel.jpeg,./stims/AcqBystanders/towelcn.jpeg,RS,RS_1,,,,,0,8,8,8,321.98085439999704,,,,,,,,,,,,,,,,,,,321.94869620000827,1.0157173000043258,337.9644025000016,[],[],[],[],[],[],,,0212_1100_CB4_35_2,001,2023-12-02_11h36.40.372,3_End,2023.2.3,60.0249463654983,2023-12-02 11h36.53.808912 +0000,
,,,,,,,,10,1,fireextinguisher,fireextinguishercn,./stims/AcqBystanders/fireextinguisher.jpeg,./stims/AcqBystanders/fireextinguishercn.jpeg,RR,RR_1,,,,,0,9,9,9,337.99767320000683,,,,,,,,,,,,,,,,,,,337.9649475000042,0.9992139000096358,348.3162655000051,[0.4703703703703704],[-0.175],[1],[0],[0],[10.333170600002632],,,0212_1100_CB4_35_2,001,2023-12-02_11h36.40.372,3_End,2023.2.3,60.0249463654983,2023-12-02 11h36.53.808912 +0000,
,,,,,,,,11,1,passport,passportcn,./stims/AcqBystanders/passport.jpeg,./stims/AcqBystanders/passportcn.jpeg,SS,SS_3,,,,,0,10,10,10,348.3477055000112,,,,,,,,,,,,,,,,,,,348.31687730000704,1.0144266999996034,355.44834529999935,[0.4703703703703704],[-0.175],[1],[0],[0],[7.1130644000077154],,,0212_1100_CB4_35_2,001,2023-12-02_11h36.40.372,3_End,2023.2.3,60.0249463654983,2023-12-02 11h36.53.808912 +0000,
,,,,,,,,12,1,headphones,headphonescn,./stims/AcqBystanders/headphones.jpeg,./stims/AcqBystanders/headphonescn.jpeg,SR,SR_2,,,,,0,11,11,11,355.48109020000265,,,,,,,,,,,,,,,,,,,355.44899160000205,1.0156870000064373,366.0317192000075,[0.4703703703703704],[-0.175],[1],[0],[0],[10.56900200000382],,,0212_1100_CB4_35_2,001,2023-12-02_11h36.40.372,3_End,2023.2.3,60.0249463654983,2023-12-02 11h36.53.808912 +0000,
,,,,,,,,13,1,perfume,perfumecn,./stims/AcqBystanders/perfume.jpeg,./stims/AcqBystanders/perfumecn.jpeg,SR,SR_4,,,,,0,12,12,12,366.0645063999982,,,,,,,,,,,,,,,,,,,366.03233040000487,0.999095799998031,374.93165320000844,[0.4703703703703704],[-0.175],[1],[0],[0],[8.881991600006586],,,0212_1100_CB4_35_2,001,2023-12-02_11h36.40.372,3_End,2023.2.3,60.0249463654983,2023-12-02 11h36.53.808912 +0000,
,,,,,,,,14,1,cup,cupcn,./stims/AcqBystanders/cup.jpeg,./stims/AcqBystanders/cupcn.jpeg,RS,RS_2,,,,,0,13,13,13,375.04828010000347,,,,,,,,,,,,,,,,,,,374.9322703000071,0.9992095000052359,378.3818814999977,[0.4703703703703704],[-0.175],[1],[0],[0],[3.347200400006841],,,0212_1100_CB4_35_2,001,2023-12-02_11h36.40.372,3_End,2023.2.3,60.0249463654983,2023-12-02 11h36.53.808912 +0000,
,,,,,,,,,,,,,,,,,,,,,,,,,,,,,,,,,,,,,,,,,,,,,,,,,,,,378.3823589000094,378.397905100006,,,,,,,,
