﻿order_ext,blk_ext,bystander_ext,test_item_ext,bystander_loc_ext,test_item_loc_ext,trial_type_ext,itemNo_ext,order_cond_acq,blk_cond_acq,bystander_cond_acq,test_item_cond_acq,bystander_loc_cond_acq,test_item_loc_cond_acq,trial_type_cond_acq,itemNo_cond_acq,trials.thisRepN,trials.thisTrialN,trials.thisN,trials.thisIndex,trials_2.thisRepN,trials_2.thisTrialN,trials_2.thisN,trials_2.thisIndex,thisRow.t,notes,INSTRUCTION.started,instruct1.started,ok1.started,INSTRUCTION.stopped,ok1.keys,ok1.rt,ok1.duration,END_EXT.started,mouse_ext.started,END_EXT.stopped,mouse_ext.x,mouse_ext.y,mouse_ext.leftButton,mouse_ext.midButton,mouse_ext.rightButton,mouse_ext.time,mouse_ext.stopped,END_ACQ.started,mouse_cond.started,END_ACQ.stopped,mouse_cond.x,mouse_cond.y,mouse_cond.leftButton,mouse_cond.midButton,mouse_cond.rightButton,mouse_cond.time,mouse_cond.stopped,thanks.started,thanksMsg.started,participant,session,date,expName,psychopyVersion,frameRate,expStart,
,,,,,,,,,,,,,,,,,,,,,,,,,,0.011712300009094179,0.028276200013351627,0.028276200013351627,3.778810200004955,space,3.7393414999969536,None,,,,,,,,,,,,,,,,,,,,,,,0212_1300_SB1_36_2,001,2023-12-02_13h41.59.324,3_End,2023.2.3,59.997648091747834,2023-12-02 13h42.11.817100 +0000,
1,1,cap,capcn,./stims/CritBystanders/cap.jpeg,./stims/CritBystanders/capcn.jpeg,SS,SS_2,,,,,,,,,0,0,0,0,,,,,3.828269800011185,,,,,,,,,3.792533800005913,0.9994949999963865,17.678962700010743,[-0.10925925925925926],[0.13148148148148148],[1],[0],[0],[13.85991839999042],,,,,,,,,,,,,,0212_1300_SB1_36_2,001,2023-12-02_13h41.59.324,3_End,2023.2.3,59.997648091747834,2023-12-02 13h42.11.817100 +0000,
2,1,chessboard,chessboardcn,./stims/CritBystanders/chessboard.jpeg,./stims/CritBystanders/chessboardcn.jpeg,SR,SR_6,,,,,,,,,0,1,1,1,,,,,17.711713200013037,,,,,,,,,17.67994320001162,1.0153329000022495,25.712369100001524,[-0.10925925925925926],[0.13240740740740742],[1],[0],[0],[8.018828399988706],,,,,,,,,,,,,,0212_1300_SB1_36_2,001,2023-12-02_13h41.59.324,3_End,2023.2.3,59.997648091747834,2023-12-02 13h42.11.817100 +0000,
3,1,wallet,walletcn,./stims/CritBystanders/wallet.jpeg,./stims/CritBystanders/walletcn.jpeg,RS,RS_6,,,,,,,,,0,2,2,2,,,,,25.745080600012443,,,,,,,,,25.71296680001251,0.9990047000028426,30.345780300005572,[-0.10925925925925926],[0.13240740740740742],[1],[0],[0],[4.615390400009346],,,,,,,,,,,,,,0212_1300_SB1_36_2,001,2023-12-02_13h41.59.324,3_End,2023.2.3,59.997648091747834,2023-12-02 13h42.11.817100 +0000,
4,1,clipboard,clipboardcn,./stims/CritBystanders/clipboard.jpeg,./stims/CritBystanders/clipboardcn.jpeg,RR,RR_5,,,,,,,,,0,3,3,3,,,,,30.378461800006335,,,,,,,,,30.346389700003783,1.01566050000838,46.36203080000996,[],[],[],[],[],[],,,,,,,,,,,,,,0212_1300_SB1_36_2,001,2023-12-02_13h41.59.324,3_End,2023.2.3,59.997648091747834,2023-12-02 13h42.11.817100 +0000,
5,2,comb,combcn,./stims/CritBystanders/comb.jpeg,./stims/CritBystanders/combcn.jpeg,RS,RS_5,,,,,,,,,0,4,4,4,,,,,46.39524660000461,,,,,,,,,46.36259090001113,0.999109700002009,50.079596600000514,[-0.10925925925925926],[0.13333333333333333],[1],[0],[0],[3.7035275000089314],,,,,,,,,,,,,,0212_1300_SB1_36_2,001,2023-12-02_13h41.59.324,3_End,2023.2.3,59.997648091747834,2023-12-02 13h42.11.817100 +0000,
6,2,electriccord,electriccordcn,./stims/CritBystanders/electriccord.jpeg,./stims/CritBystanders/electriccordcn.jpeg,SS,SS_1,,,,,,,,,0,5,5,5,,,,,50.11194850000902,,,,,,,,,50.08025980000093,1.0153197000036016,66.09544730000198,[],[],[],[],[],[],,,,,,,,,,,,,,0212_1300_SB1_36_2,001,2023-12-02_13h41.59.324,3_End,2023.2.3,59.997648091747834,2023-12-02 13h42.11.817100 +0000,
7,2,toiletpaper,toiletpapercn,./stims/CritBystanders/toiletpaper.jpeg,./stims/CritBystanders/toiletpapercn.jpeg,RR,RR_2,,,,,,,,,0,6,6,6,,,,,66.128738600004,,,,,,,,,66.09596230000898,1.0153889999928651,79.74609380000038,[-0.10925925925925926],[0.13333333333333333],[1],[0],[0],[13.633508300001267],,,,,,,,,,,,,,0212_1300_SB1_36_2,001,2023-12-02_13h41.59.324,3_End,2023.2.3,59.997648091747834,2023-12-02 13h42.11.817100 +0000,
8,2,keys,keyscn,./stims/CritBystanders/keys.jpeg,./stims/CritBystanders/keyscn.jpeg,SR,SR_3,,,,,,,,,0,7,7,7,,,,,79.7788780000119,,,,,,,,,79.74668180001026,0.9990237000019988,90.54620720000821,[-0.10925925925925926],[0.13425925925925927],[1],[0],[0],[10.786184800002957],,,,,,,,,,,,,,0212_1300_SB1_36_2,001,2023-12-02_13h41.59.324,3_End,2023.2.3,59.997648091747834,2023-12-02 13h42.11.817100 +0000,
9,3,scissors,scissorscn,./stims/CritBystanders/scissors.jpeg,./stims/CritBystanders/scissorscn.jpeg,RR,RR_6,,,,,,,,,0,8,8,8,,,,,90.57892730001186,,,,,,,,,90.54679070001293,1.0157229000033112,106.56246350001311,[],[],[],[],[],[],,,,,,,,,,,,,,0212_1300_SB1_36_2,001,2023-12-02_13h41.59.324,3_End,2023.2.3,59.997648091747834,2023-12-02 13h42.11.817100 +0000,
10,3,soccerball,soccerballcn,./stims/CritBystanders/soccerball.jpeg,./stims/CritBystanders/soccerballcn.jpeg,SR,SR_7,,,,,,,,,0,9,9,9,,,,,106.59570260001055,,,,,,,,,106.56303040000785,0.9991915999999037,110.87960010000097,[-0.10925925925925926],[0.13425925925925927],[1],[0],[0],[4.300056799998856],,,,,,,,,,,,,,0212_1300_SB1_36_2,001,2023-12-02_13h41.59.324,3_End,2023.2.3,59.997648091747834,2023-12-02 13h42.11.817100 +0000,
11,3,crate,cratecn,./stims/CritBystanders/crate.jpeg,./stims/CritBystanders/cratecn.jpeg,SS,SS_8,,,,,,,,,0,10,10,10,,,,,110.91239680000581,,,,,,,,,110.88018530000409,0.9991484999918612,118.06303100001242,[-0.10925925925925926],[0.13425925925925927],[1],[0],[0],[7.166272900009062],,,,,,,,,,,,,,0212_1300_SB1_36_2,001,2023-12-02_13h41.59.324,3_End,2023.2.3,59.997648091747834,2023-12-02 13h42.11.817100 +0000,
12,3,walkman,walkmancn,./stims/CritBystanders/walkman.jpeg,./stims/CritBystanders/walkmancn.jpeg,RS,RS_2,,,,,,,,,0,11,11,11,,,,,118.09582930000033,,,,,,,,,118.06361070000276,0.9991110999981174,123.41299920000893,[-0.10925925925925926],[0.13425925925925927],[1],[0],[0],[5.336776700001792],,,,,,,,,,,,,,0212_1300_SB1_36_2,001,2023-12-02_13h41.59.324,3_End,2023.2.3,59.997648091747834,2023-12-02 13h42.11.817100 +0000,
13,4,computer,computercn,./stims/CritBystanders/computer.jpeg,./stims/CritBystanders/computercn.jpeg,RR,RR_1,,,,,,,,,0,12,12,12,,,,,123.4458394000103,,,,,,,,,123.41357680001238,0.9991545000084443,139.4129610000091,[],[],[],[],[],[],15.999322300005588,,,,,,,,,,,,,0212_1300_SB1_36_2,001,2023-12-02_13h41.59.324,3_End,2023.2.3,59.997648091747834,2023-12-02 13h42.11.817100 +0000,
14,4,cards,cardscn,./stims/CritBystanders/cards.jpeg,./stims/CritBystanders/cardscn.jpeg,RS,RS_1,,,,,,,,,0,13,13,13,,,,,139.44594300001336,,,,,,,,,139.41350980001152,0.9993042999994941,144.0965675000043,[-0.10925925925925926],[0.13425925925925927],[1],[0],[0],[4.666368999998667],,,,,,,,,,,,,,0212_1300_SB1_36_2,001,2023-12-02_13h41.59.324,3_End,2023.2.3,59.997648091747834,2023-12-02 13h42.11.817100 +0000,
15,4,calculator,calculatorcn,./stims/CritBystanders/calculator.jpeg,./stims/CritBystanders/calculatorcn.jpeg,SS,SS_4,,,,,,,,,0,14,14,14,,,,,144.1293022000027,,,,,,,,,144.09715620000497,0.9990264999942156,151.79658750000817,[-0.10925925925925926],[0.13425925925925927],[1],[0],[0],[7.683210400005919],,,,,,,,,,,,,,0212_1300_SB1_36_2,001,2023-12-02_13h41.59.324,3_End,2023.2.3,59.997648091747834,2023-12-02 13h42.11.817100 +0000,
16,4,telephone,telephonecn,./stims/CritBystanders/telephone.jpeg,./stims/CritBystanders/telephonecn.jpeg,SR,SR_4,,,,,,,,,0,15,15,15,,,,,151.82937170000514,,,,,,,,,151.7971789000003,0.9990549999929499,156.99706829999923,[-0.10925925925925926],[0.13425925925925927],[1],[0],[0],[5.186392999996315],,,,,,,,,,,,,,0212_1300_SB1_36_2,001,2023-12-02_13h41.59.324,3_End,2023.2.3,59.997648091747834,2023-12-02 13h42.11.817100 +0000,
17,5,fan,fancn,./stims/CritBystanders/fan.jpeg,./stims/CritBystanders/fancn.jpeg,RR,RR_3,,,,,,,,,0,16,16,16,,,,,157.02946650001104,,,,,,,,,156.99780890000693,1.015215099992929,168.6134713000065,[-0.10925925925925926],[0.13425925925925927],[1],[0],[0],[11.597649999996065],,,,,,,,,,,,,,0212_1300_SB1_36_2,001,2023-12-02_13h41.59.324,3_End,2023.2.3,59.997648091747834,2023-12-02 13h42.11.817100 +0000,
18,5,candle,candlecn,./stims/CritBystanders/candle.jpeg,./stims/CritBystanders/candlecn.jpeg,RS,RS_8,,,,,,,,,0,17,17,17,,,,,168.6461425000016,,,,,,,,,168.61411390001012,1.0156002000003355,173.21344190000673,[-0.10925925925925926],[0.13425925925925927],[1],[0],[0],[4.582446700005676],,,,,,,,,,,,,,0212_1300_SB1_36_2,001,2023-12-02_13h41.59.324,3_End,2023.2.3,59.997648091747834,2023-12-02 13h42.11.817100 +0000,
19,5,bucket,bucketcn,./stims/CritBystanders/bucket.jpeg,./stims/CritBystanders/bucketcn.jpeg,SS,SS_3,,,,,,,,,0,18,18,18,,,,,173.24618650000775,,,,,,,,,173.2140201000002,0.9990916999959154,180.06357880000724,[-0.10925925925925926],[0.13425925925925927],[1],[0],[0],[6.8362122000107775],,,,,,,,,,,,,,0212_1300_SB1_36_2,001,2023-12-02_13h41.59.324,3_End,2023.2.3,59.997648091747834,2023-12-02 13h42.11.817100 +0000,
20,5,peacock,peacockcn,./stims/CritBystanders/peacock.jpeg,./stims/CritBystanders/peacockcn.jpeg,SR,SR_5,,,,,,,,,0,19,19,19,,,,,180.09624199999962,,,,,,,,,180.06416210001044,0.9990076000103727,189.19696100000874,[-0.10925925925925926],[0.13425925925925927],[1],[0],[0],[9.11558930001047],,,,,,,,,,,,,,0212_1300_SB1_36_2,001,2023-12-02_13h41.59.324,3_End,2023.2.3,59.997648091747834,2023-12-02 13h42.11.817100 +0000,
21,6,iron,ironcn,./stims/CritBystanders/iron.jpeg,./stims/CritBystanders/ironcn.jpeg,RR,RR_7,,,,,,,,,0,20,20,20,,,,,189.2296853000007,,,,,,,,,189.19754520000424,0.9990563000028487,205.1966725000093,[],[],[],[],[],[],15.999079300003359,,,,,,,,,,,,,0212_1300_SB1_36_2,001,2023-12-02_13h41.59.324,3_End,2023.2.3,59.997648091747834,2023-12-02 13h42.11.817100 +0000,
22,6,chair,chaircn,./stims/CritBystanders/chair.jpeg,./stims/CritBystanders/chaircn.jpeg,SS,SS_6,,,,,,,,,0,21,21,21,,,,,205.2297377000068,,,,,,,,,205.19716860000335,0.9991331000055652,212.7136262999993,[-0.10925925925925926],[0.13425925925925927],[1],[0],[0],[7.500160600000527],,,,,,,,,,,,,,0212_1300_SB1_36_2,001,2023-12-02_13h41.59.324,3_End,2023.2.3,59.997648091747834,2023-12-02 13h42.11.817100 +0000,
23,6,umbrella,umbrellacn,./stims/CritBystanders/umbrella.jpeg,./stims/CritBystanders/umbrellacn.jpeg,RS,RS_4,,,,,,,,,0,22,22,22,,,,,212.7464961000078,,,,,,,,,212.71420710001257,0.9992031000001589,228.71350340000936,[],[],[],[],[],[],15.999273000008543,,,,,,,,,,,,,0212_1300_SB1_36_2,001,2023-12-02_13h41.59.324,3_End,2023.2.3,59.997648091747834,2023-12-02 13h42.11.817100 +0000,
24,6,books,bookscn,./stims/CritBystanders/books.jpeg,./stims/CritBystanders/bookscn.jpeg,SR,SR_2,,,,,,,,,0,23,23,23,,,,,228.7466252000013,,,,,,,,,228.71403700001247,0.999314200002118,233.31376699999964,[-0.10925925925925926],[0.13425925925925927],[1],[0],[0],[4.583229700001539],,,,,,,,,,,,,,0212_1300_SB1_36_2,001,2023-12-02_13h41.59.324,3_End,2023.2.3,59.997648091747834,2023-12-02 13h42.11.817100 +0000,
25,7,backpack,backpackcn,./stims/CritBystanders/backpack.jpeg,./stims/CritBystanders/backpackcn.jpeg,SR,SR_8,,,,,,,,,0,24,24,24,,,,,233.34663480000745,,,,,,,,,233.31435860000784,0.9991900000022724,243.13064470000973,[-0.10925925925925926],[0.13518518518518519],[1],[0],[0],[9.802051899998332],,,,,,,,,,,,,,0212_1300_SB1_36_2,001,2023-12-02_13h41.59.324,3_End,2023.2.3,59.997648091747834,2023-12-02 13h42.11.817100 +0000,
26,7,guitar,guitarcn,./stims/CritBystanders/guitar.jpeg,./stims/CritBystanders/guitarcn.jpeg,RR,RR_4,,,,,,,,,0,25,25,25,,,,,243.16339260000677,,,,,,,,,243.13123270000506,0.9990423999988707,250.96400620001077,[-0.10925925925925926],[0.1361111111111111],[1],[0],[0],[7.818395900001633],,,,,,,,,,,,,,0212_1300_SB1_36_2,001,2023-12-02_13h41.59.324,3_End,2023.2.3,59.997648091747834,2023-12-02 13h42.11.817100 +0000,
27,7,shoes,shoescn,./stims/CritBystanders/shoes.jpeg,./stims/CritBystanders/shoescn.jpeg,RS,RS_7,,,,,,,,,0,26,26,26,,,,,250.99680510000326,,,,,,,,,250.96460050001042,0.9991038000007393,256.4474540000083,[-0.11018518518518519],[0.1361111111111111],[1],[0],[0],[5.4653114000102505],,,,,,,,,,,,,,0212_1300_SB1_36_2,001,2023-12-02_13h41.59.324,3_End,2023.2.3,59.997648091747834,2023-12-02 13h42.11.817100 +0000,
28,7,video,videocn,./stims/CritBystanders/video.jpeg,./stims/CritBystanders/videocn.jpeg,SS,SS_7,,,,,,,,,0,27,27,27,,,,,256.48013530000753,,,,,,,,,256.4480518000055,1.0156975999998394,262.1973994,[-0.11018518518518519],[0.1361111111111111],[1],[0],[0],[5.732275000002119],,,,,,,,,,,,,,0212_1300_SB1_36_2,001,2023-12-02_13h41.59.324,3_End,2023.2.3,59.997648091747834,2023-12-02 13h42.11.817100 +0000,
29,8,coffeemug,coffeemugcn,./stims/CritBystanders/coffeemug.jpeg,./stims/CritBystanders/coffeemugcn.jpeg,RS,RS_3,,,,,,,,,0,28,28,28,,,,,262.2301603000087,,,,,,,,,262.1979909000074,0.9990777000057278,272.7808275999996,[-0.11018518518518519],[0.1361111111111111],[1],[0],[0],[10.565818899995065],,,,,,,,,,,,,,0212_1300_SB1_36_2,001,2023-12-02_13h41.59.324,3_End,2023.2.3,59.997648091747834,2023-12-02 13h42.11.817100 +0000,
30,8,stapler,staplercn,./stims/CritBystanders/stapler.jpeg,./stims/CritBystanders/staplercn.jpeg,SR,SR_1,,,,,,,,,0,29,29,29,,,,,272.81358380000165,,,,,,,,,272.7814286000066,0.9991002000024309,284.7976278000133,[-0.11018518518518519],[0.1361111111111111],[1],[0],[0],[12.00463330000639],,,,,,,,,,,,,,0212_1300_SB1_36_2,001,2023-12-02_13h41.59.324,3_End,2023.2.3,59.997648091747834,2023-12-02 13h42.11.817100 +0000,
31,8,wastebasket,wastebasketcn,./stims/CritBystanders/wastebasket.jpeg,./stims/CritBystanders/wastebasketcn.jpeg,SS,SS_5,,,,,,,,,0,30,30,30,,,,,284.8303719000105,,,,,,,,,284.7982234000083,1.0156869999918854,289.14742360000673,[-0.11018518518518519],[0.1361111111111111],[1],[0],[0],[4.335505999988527],,,,,,,,,,,,,,0212_1300_SB1_36_2,001,2023-12-02_13h41.59.324,3_End,2023.2.3,59.997648091747834,2023-12-02 13h42.11.817100 +0000,
32,8,watch,watchcn,./stims/CritBystanders/watch.jpeg,./stims/CritBystanders/watchcn.jpeg,RR,RR_8,,,,,,,,,0,31,31,31,,,,,289.18037660000846,,,,,,,,,289.1480092000129,0.9992655999958515,297.4977225000039,[-0.11018518518518519],[0.1361111111111111],[1],[0],[0],[8.333161900009145],,,,,,,,,,,,,,0212_1300_SB1_36_2,001,2023-12-02_13h41.59.324,3_End,2023.2.3,59.997648091747834,2023-12-02 13h42.11.817100 +0000,
,,,,,,,,1,1,pan,pancn,./stims/AcqBystanders/pan.jpeg,./stims/AcqBystanders/pancn.jpeg,SS,SS_2,,,,,0,0,0,0,297.54741680000734,,,,,,,,,,,,,,,,,,,297.5073061000003,1.0157031999988249,313.51394530000107,[],[],[],[],[],[],,,,0212_1300_SB1_36_2,001,2023-12-02_13h41.59.324,3_End,2023.2.3,59.997648091747834,2023-12-02 13h42.11.817100 +0000,
,,,,,,,,2,1,lightbulb,lightbulbcn,./stims/AcqBystanders/lightbulb.jpeg,./stims/AcqBystanders/lightbulbcn.jpeg,SR,SR_3,,,,,0,1,1,1,313.63089270000637,,,,,,,,,,,,,,,,,,,313.51481170000625,0.9991484000056516,326.6146868000069,[-0.11018518518518519],[0.1361111111111111],[1],[0],[0],[12.995300199996564],,,,0212_1300_SB1_36_2,001,2023-12-02_13h41.59.324,3_End,2023.2.3,59.997648091747834,2023-12-02 13h42.11.817100 +0000,
,,,,,,,,3,1,shampoo,shampoocn,./stims/AcqBystanders/shampoo.jpeg,./stims/AcqBystanders/shampoocn.jpeg,RS,RS_4,,,,,0,2,2,2,326.6646267000033,,,,,,,,,,,,,,,,,,,326.6152688000002,1.0156115999998292,342.63083650000044,[],[],[],[],[],[],,,,0212_1300_SB1_36_2,001,2023-12-02_13h41.59.324,3_End,2023.2.3,59.997648091747834,2023-12-02 13h42.11.817100 +0000,
,,,,,,,,4,1,mandms,mandmscn,./stims/AcqBystanders/mandms.jpeg,./stims/AcqBystanders/mandmscn.jpeg,RR,RR_2,,,,,0,3,3,3,342.6641072000057,,,,,,,,,,,,,,,,,,,342.6313491000037,0.999064300005557,358.6144989000022,[],[],[],[],[],[],15.999202799997875,,,0212_1300_SB1_36_2,001,2023-12-02_13h41.59.324,3_End,2023.2.3,59.997648091747834,2023-12-02 13h42.11.817100 +0000,
,,,,,,,,5,1,sheet,sheetcn,./stims/AcqBystanders/sheet.jpeg,./stims/AcqBystanders/sheetcn.jpeg,RS,RS_3,,,,,0,4,4,4,358.64757760000066,,,,,,,,,,,,,,,,,,,358.6150711000082,0.999238400007016,374.61459140000807,[],[],[],[],[],[],15.999296399997547,,,0212_1300_SB1_36_2,001,2023-12-02_13h41.59.324,3_End,2023.2.3,59.997648091747834,2023-12-02 13h42.11.817100 +0000,
,,,,,,,,6,1,bottle,bottlecn,./stims/AcqBystanders/bottle.jpeg,./stims/AcqBystanders/bottlecn.jpeg,SS,SS_1,,,,,0,5,5,5,374.6476440000115,,,,,,,,,,,,,,,,,,,374.61514120000356,0.999301200004993,390.61476210001274,[],[],[],[],[],[],15.999384299997473,,,0212_1300_SB1_36_2,001,2023-12-02_13h41.59.324,3_End,2023.2.3,59.997648091747834,2023-12-02 13h42.11.817100 +0000,
,,,,,,,,7,1,trunk,trunkcn,./stims/AcqBystanders/trunk.jpeg,./stims/AcqBystanders/trunkcn.jpeg,SR,SR_1,,,,,0,6,6,6,390.64782209999976,,,,,,,,,,,,,,,,,,,390.61525080000865,0.9993971000076272,406.61483450001106,[],[],[],[],[],[],15.999526700004935,,,0212_1300_SB1_36_2,001,2023-12-02_13h41.59.324,3_End,2023.2.3,59.997648091747834,2023-12-02 13h42.11.817100 +0000,
,,,,,,,,8,1,can,cancn,./stims/AcqBystanders/can.jpeg,./stims/AcqBystanders/cancn.jpeg,RR,RR_3,,,,,0,7,7,7,406.6479469000042,,,,,,,,,,,,,,,,,,,406.61539320000156,0.9995881000068039,422.615000100006,[],[],[],[],[],[],15.999687000003178,,,0212_1300_SB1_36_2,001,2023-12-02_13h41.59.324,3_End,2023.2.3,59.997648091747834,2023-12-02 13h42.11.817100 +0000,
,,,,,,,,9,1,towel,towelcn,./stims/AcqBystanders/towel.jpeg,./stims/AcqBystanders/towelcn.jpeg,RS,RS_1,,,,,0,8,8,8,422.648030700002,,,,,,,,,,,,,,,,,,,422.61549280000327,0.9996680000040215,438.6150911000004,[],[],[],[],[],[],15.999774099997012,,,0212_1300_SB1_36_2,001,2023-12-02_13h41.59.324,3_End,2023.2.3,59.997648091747834,2023-12-02 13h42.11.817100 +0000,
,,,,,,,,10,1,fireextinguisher,fireextinguishercn,./stims/AcqBystanders/fireextinguisher.jpeg,./stims/AcqBystanders/fireextinguishercn.jpeg,RR,RR_1,,,,,0,9,9,9,438.6481700000004,,,,,,,,,,,,,,,,,,,438.61562400001276,0.9998087999993004,454.61523500000476,[],[],[],[],[],[],15.999945500007016,,,0212_1300_SB1_36_2,001,2023-12-02_13h41.59.324,3_End,2023.2.3,59.997648091747834,2023-12-02 13h42.11.817100 +0000,
,,,,,,,,11,1,passport,passportcn,./stims/AcqBystanders/passport.jpeg,./stims/AcqBystanders/passportcn.jpeg,SS,SS_3,,,,,0,10,10,10,454.64827270001115,,,,,,,,,,,,,,,,,,,454.6157493000064,0.9999543000012636,465.49880680000933,[-0.11018518518518519],[0.1361111111111111],[1],[0],[0],[10.869305100000929],,,,0212_1300_SB1_36_2,001,2023-12-02_13h41.59.324,3_End,2023.2.3,59.997648091747834,2023-12-02 13h42.11.817100 +0000,
,,,,,,,,12,1,headphones,headphonescn,./stims/AcqBystanders/headphones.jpeg,./stims/AcqBystanders/headphonescn.jpeg,SR,SR_2,,,,,0,11,11,11,465.531679000007,,,,,,,,,,,,,,,,,,,465.4994316000084,0.9992068000137806,481.4987869000033,[],[],[],[],[],[],15.999285200014128,,,0212_1300_SB1_36_2,001,2023-12-02_13h41.59.324,3_End,2023.2.3,59.997648091747834,2023-12-02 13h42.11.817100 +0000,
,,,,,,,,13,1,perfume,perfumecn,./stims/AcqBystanders/perfume.jpeg,./stims/AcqBystanders/perfumecn.jpeg,SR,SR_4,,,,,0,12,12,12,481.53179590000946,,,,,,,,,,,,,,,,,,,481.4993019000103,0.9992945000121836,489.19908860001306,[-0.11018518518518519],[0.1361111111111111],[1],[0],[0],[7.680760900009773],,,,0212_1300_SB1_36_2,001,2023-12-02_13h41.59.324,3_End,2023.2.3,59.997648091747834,2023-12-02 13h42.11.817100 +0000,
,,,,,,,,14,1,cup,cupcn,./stims/AcqBystanders/cup.jpeg,./stims/AcqBystanders/cupcn.jpeg,RS,RS_2,,,,,0,13,13,13,489.31577030000335,,,,,,,,,,,,,,,,,,,489.1996751000115,0.9990552999952342,495.29924920000485,[-0.11018518518518519],[0.13796296296296295],[1],[0],[0],[5.992962400006945],,,,0212_1300_SB1_36_2,001,2023-12-02_13h41.59.324,3_End,2023.2.3,59.997648091747834,2023-12-02 13h42.11.817100 +0000,
,,,,,,,,,,,,,,,,,,,,,,,,,,,,,,,,,,,,,,,,,,,,,,,,,,,,,495.2996867000038,495.31521050000447,,,,,,,,
