﻿order_ext,blk_ext,bystander_ext,test_item_ext,bystander_loc_ext,test_item_loc_ext,trial_type_ext,itemNo_ext,order_cond_acq,blk_cond_acq,bystander_cond_acq,test_item_cond_acq,bystander_loc_cond_acq,test_item_loc_cond_acq,trial_type_cond_acq,itemNo_cond_acq,trials.thisRepN,trials.thisTrialN,trials.thisN,trials.thisIndex,trials_2.thisRepN,trials_2.thisTrialN,trials_2.thisN,trials_2.thisIndex,thisRow.t,notes,INSTRUCTION.started,instruct1.started,ok1.started,INSTRUCTION.stopped,ok1.keys,ok1.rt,ok1.duration,END_EXT.started,mouse_ext.started,END_EXT.stopped,mouse_ext.x,mouse_ext.y,mouse_ext.leftButton,mouse_ext.midButton,mouse_ext.rightButton,mouse_ext.time,mouse_ext.stopped,END_ACQ.started,mouse_cond.started,END_ACQ.stopped,mouse_cond.x,mouse_cond.y,mouse_cond.leftButton,mouse_cond.midButton,mouse_cond.rightButton,mouse_cond.time,mouse_cond.stopped,thanks.started,thanksMsg.started,participant,session,date,expName,psychopyVersion,frameRate,expStart,
,,,,,,,,,,,,,,,,,,,,,,,,,,0.005615799978841096,0.02217209999798797,0.02217209999798797,41.823359200003324,space,41.78892089999863,None,,,,,,,,,,,,,,,,,,,,,,,0412_0900_SB2_37_2,001,2023-12-04_09h45.47.726,3_End,2023.2.3,59.997900074969195,2023-12-04 09h46.08.264991 +0000,
1,1,cap,capcn,./stims/CritBystanders/cap.jpeg,./stims/CritBystanders/toiletpapercn.jpeg,SS,SS_2,,,,,,,,,0,0,0,0,,,,,41.87249039998278,,,,,,,,,41.83794889997807,0.9991623999958392,46.239804999990156,[-0.2074074074074074],[0.5],[1],[0],[0],[4.377626699977554],,,,,,,,,,,,,,0412_0900_SB2_37_2,001,2023-12-04_09h45.47.726,3_End,2023.2.3,59.997900074969195,2023-12-04 09h46.08.264991 +0000,
2,1,chessboard,chessboardcn,./stims/CritBystanders/chessboard.jpeg,./stims/CritBystanders/chaircn.jpeg,SR,SR_6,,,,,,,,,0,1,1,1,,,,,46.27250069999718,,,,,,,,,46.24078819999704,1.0153258999926038,57.739652899996145,[-0.20833333333333334],[0.5],[1],[0],[0],[11.486388499994064],,,,,,,,,,,,,,0412_0900_SB2_37_2,001,2023-12-04_09h45.47.726,3_End,2023.2.3,59.997900074969195,2023-12-04 09h46.08.264991 +0000,
3,1,wallet,walletcn,./stims/CritBystanders/wallet.jpeg,./stims/CritBystanders/chessboardcn.jpeg,RS,RS_6,,,,,,,,,0,2,2,2,,,,,57.77256519999355,,,,,,,,,57.74024559999816,0.9992842999927234,71.48991299999761,[-0.20833333333333334],[0.5],[1],[0],[0],[13.73552380001638],,,,,,,,,,,,,,0412_0900_SB2_37_2,001,2023-12-04_09h45.47.726,3_End,2023.2.3,59.997900074969195,2023-12-04 09h46.08.264991 +0000,
4,1,clipboard,clipboardcn,./stims/CritBystanders/clipboard.jpeg,./stims/CritBystanders/combcn.jpeg,RR,RR_5,,,,,,,,,0,3,3,3,,,,,71.52267899998697,,,,,,,,,71.49049919997924,0.9990397000219673,76.02324749997933,[-0.20833333333333334],[0.5],[1],[0],[0],[4.519378700002562],,,,,,,,,,,,,,0412_0900_SB2_37_2,001,2023-12-04_09h45.47.726,3_End,2023.2.3,59.997900074969195,2023-12-04 09h46.08.264991 +0000,
5,2,comb,combcn,./stims/CritBystanders/comb.jpeg,./stims/CritBystanders/peacockcn.jpeg,RS,RS_5,,,,,,,,,0,4,4,4,,,,,76.05603049998172,,,,,,,,,76.0238066999882,0.9991459000157192,79.04003519998514,[-0.20833333333333334],[0.5],[1],[0],[0],[2.9994841000007],,,,,,,,,,,,,,0412_0900_SB2_37_2,001,2023-12-04_09h45.47.726,3_End,2023.2.3,59.997900074969195,2023-12-04 09h46.08.264991 +0000,
6,2,electriccord,electriccordcn,./stims/CritBystanders/electriccord.jpeg,./stims/CritBystanders/computercn.jpeg,SS,SS_1,,,,,,,,,0,5,5,5,,,,,79.07273549999809,,,,,,,,,79.04062620000332,1.0156721000093967,92.40671799998381,[-0.20833333333333334],[0.5],[1],[0],[0],[13.353814900008729],,,,,,,,,,,,,,0412_0900_SB2_37_2,001,2023-12-04_09h45.47.726,3_End,2023.2.3,59.997900074969195,2023-12-04 09h46.08.264991 +0000,
7,2,toiletpaper,toiletpapercn,./stims/CritBystanders/toiletpaper.jpeg,./stims/CritBystanders/walkmancn.jpeg,RR,RR_2,,,,,,,,,0,6,6,6,,,,,92.4395411000005,,,,,,,,,92.4072540999914,0.9991193999885581,108.27341669998714,[-0.20833333333333334],[0.5],[1],[0],[0],[15.853223799989792],,,,,,,,,,,,,,0412_0900_SB2_37_2,001,2023-12-04_09h45.47.726,3_End,2023.2.3,59.997900074969195,2023-12-04 09h46.08.264991 +0000,
8,2,keys,keyscn,./stims/CritBystanders/keys.jpeg,./stims/CritBystanders/bucketcn.jpeg,SR,SR_3,,,,,,,,,0,7,7,7,,,,,108.30630599998403,,,,,,,,,108.27396170000429,0.9991947999806143,124.27336329998798,[],[],[],[],[],[],15.999309699982405,,,,,,,,,,,,,0412_0900_SB2_37_2,001,2023-12-04_09h45.47.726,3_End,2023.2.3,59.997900074969195,2023-12-04 09h46.08.264991 +0000,
9,3,scissors,scissorscn,./stims/CritBystanders/scissors.jpeg,./stims/CritBystanders/walletcn.jpeg,RR,RR_6,,,,,,,,,0,8,8,8,,,,,124.30640410000342,,,,,,,,,124.2738599999866,0.9993735999742057,133.54054779998842,[-0.20833333333333334],[0.5],[1],[0],[0],[9.253744200017536],,,,,,,,,,,,,,0412_0900_SB2_37_2,001,2023-12-04_09h45.47.726,3_End,2023.2.3,59.997900074969195,2023-12-04 09h46.08.264991 +0000,
10,3,soccerball,soccerballcn,./stims/CritBystanders/soccerball.jpeg,./stims/CritBystanders/videocn.jpeg,SR,SR_7,,,,,,,,,0,9,9,9,,,,,133.57316099997843,,,,,,,,,133.54115449998062,1.0156101000029594,138.4404496999923,[-0.20833333333333334],[0.5],[1],[0],[0],[4.885672000003979],,,,,,,,,,,,,,0412_0900_SB2_37_2,001,2023-12-04_09h45.47.726,3_End,2023.2.3,59.997900074969195,2023-12-04 09h46.08.264991 +0000,
11,3,crate,cratecn,./stims/CritBystanders/crate.jpeg,./stims/CritBystanders/watchcn.jpeg,SS,SS_8,,,,,,,,,0,10,10,10,,,,,138.47316809999757,,,,,,,,,138.44103769998765,0.9990289999986999,144.4238492999866,[-0.20833333333333334],[0.5],[1],[0],[0],[5.9662352000013925],,,,,,,,,,,,,,0412_0900_SB2_37_2,001,2023-12-04_09h45.47.726,3_End,2023.2.3,59.997900074969195,2023-12-04 09h46.08.264991 +0000,
12,3,walkman,walkmancn,./stims/CritBystanders/walkman.jpeg,./stims/CritBystanders/bookscn.jpeg,RS,RS_2,,,,,,,,,0,11,11,11,,,,,144.45658040000126,,,,,,,,,144.42443399998592,0.9990681000053883,155.15729790000478,[-0.20833333333333334],[0.5],[1],[0],[0],[10.721946700010449],,,,,,,,,,,,,,0412_0900_SB2_37_2,001,2023-12-04_09h45.47.726,3_End,2023.2.3,59.997900074969195,2023-12-04 09h46.08.264991 +0000,
13,4,computer,computercn,./stims/CritBystanders/computer.jpeg,./stims/CritBystanders/cardscn.jpeg,RR,RR_1,,,,,,,,,0,12,12,12,,,,,155.18996530000004,,,,,,,,,155.15788389998488,0.9990000000107102,171.15704130000086,[],[],[],[],[],[],15.999091000005137,,,,,,,,,,,,,0412_0900_SB2_37_2,001,2023-12-04_09h45.47.726,3_End,2023.2.3,59.997900074969195,2023-12-04 09h46.08.264991 +0000,
14,4,cards,cardscn,./stims/CritBystanders/cards.jpeg,./stims/CritBystanders/staplercn.jpeg,RS,RS_1,,,,,,,,,0,13,13,13,,,,,171.19009099999676,,,,,,,,,171.1576039000065,0.999090299999807,187.1571187999798,[],[],[],[],[],[],15.999201900005573,,,,,,,,,,,,,0412_0900_SB2_37_2,001,2023-12-04_09h45.47.726,3_End,2023.2.3,59.997900074969195,2023-12-04 09h46.08.264991 +0000,
15,4,calculator,calculatorcn,./stims/CritBystanders/calculator.jpeg,./stims/CritBystanders/guitarcn.jpeg,SS,SS_4,,,,,,,,,0,14,14,14,,,,,187.19020589999855,,,,,,,,,187.15765609999653,0.9992079999938142,191.74082499998622,[-0.20833333333333334],[0.5],[1],[0],[0],[4.569108600000618],,,,,,,,,,,,,,0412_0900_SB2_37_2,001,2023-12-04_09h45.47.726,3_End,2023.2.3,59.997900074969195,2023-12-04 09h46.08.264991 +0000,
16,4,telephone,telephonecn,./stims/CritBystanders/telephone.jpeg,./stims/CritBystanders/calculatorcn.jpeg,SR,SR_4,,,,,,,,,0,15,15,15,,,,,191.77356410000357,,,,,,,,,191.74141220000456,0.9990448000025935,207.7406234999944,[],[],[],[],[],[],15.999169399990933,,,,,,,,,,,,,0412_0900_SB2_37_2,001,2023-12-04_09h45.47.726,3_End,2023.2.3,59.997900074969195,2023-12-04 09h46.08.264991 +0000,
17,5,fan,fancn,./stims/CritBystanders/fan.jpeg,./stims/CritBystanders/coffeemugcn.jpeg,RR,RR_3,,,,,,,,,0,16,16,16,,,,,207.77368409998599,,,,,,,,,207.74111899998388,0.9991810999927111,223.74076159999822,[],[],[],[],[],[],15.9992986000143,,,,,,,,,,,,,0412_0900_SB2_37_2,001,2023-12-04_09h45.47.726,3_End,2023.2.3,59.997900074969195,2023-12-04 09h46.08.264991 +0000,
18,5,candle,candlecn,./stims/CritBystanders/candle.jpeg,./stims/CritBystanders/backpackcn.jpeg,RS,RS_8,,,,,,,,,0,17,17,17,,,,,223.7738105999888,,,,,,,,,223.7412589000014,0.9992792000120971,239.7410428999865,[],[],[],[],[],[],15.999461500003235,,,,,,,,,,,,,0412_0900_SB2_37_2,001,2023-12-04_09h45.47.726,3_End,2023.2.3,59.997900074969195,2023-12-04 09h46.08.264991 +0000,
19,5,bucket,bucketcn,./stims/CritBystanders/bucket.jpeg,./stims/CritBystanders/fancn.jpeg,SS,SS_3,,,,,,,,,0,18,18,18,,,,,239.77393589998246,,,,,,,,,239.74155299999984,0.9993890000041574,247.90793109999504,[-0.20833333333333334],[0.5],[1],[0],[0],[8.149765800015302],,,,,,,,,,,,,,0412_0900_SB2_37_2,001,2023-12-04_09h45.47.726,3_End,2023.2.3,59.997900074969195,2023-12-04 09h46.08.264991 +0000,
20,5,peacock,peacockcn,./stims/CritBystanders/peacock.jpeg,./stims/CritBystanders/wastebasketcn.jpeg,SR,SR_5,,,,,,,,,0,19,19,19,,,,,247.94067260000156,,,,,,,,,247.90852389999782,0.9990173999976832,263.90775929999654,[],[],[],[],[],[],15.999131699994905,,,,,,,,,,,,,0412_0900_SB2_37_2,001,2023-12-04_09h45.47.726,3_End,2023.2.3,59.997900074969195,2023-12-04 09h46.08.264991 +0000,
21,6,iron,ironcn,./stims/CritBystanders/iron.jpeg,./stims/CritBystanders/shoescn.jpeg,RR,RR_7,,,,,,,,,0,20,20,20,,,,,263.94079779999447,,,,,,,,,263.9082556999929,0.9992086999991443,268.55811419998645,[-0.20833333333333334],[0.5],[1],[0],[0],[4.632880299992394],,,,,,,,,,,,,,0412_0900_SB2_37_2,001,2023-12-04_09h45.47.726,3_End,2023.2.3,59.997900074969195,2023-12-04 09h46.08.264991 +0000,
22,6,chair,chaircn,./stims/CritBystanders/chair.jpeg,./stims/CritBystanders/scissorscn.jpeg,SS,SS_6,,,,,,,,,0,21,21,21,,,,,268.5908380000037,,,,,,,,,268.55870130000403,0.9990829000016674,280.65822829998797,[-0.20833333333333334],[0.5],[1],[0],[0],[12.085409999999683],,,,,,,,,,,,,,0412_0900_SB2_37_2,001,2023-12-04_09h45.47.726,3_End,2023.2.3,59.997900074969195,2023-12-04 09h46.08.264991 +0000,
23,6,umbrella,umbrellacn,./stims/CritBystanders/umbrella.jpeg,./stims/CritBystanders/telephonecn.jpeg,RS,RS_4,,,,,,,,,0,22,22,22,,,,,280.69089149998035,,,,,,,,,280.65881439999794,1.0157088999985717,289.0915750999993,[-0.20833333333333334],[0.5],[1],[0],[0],[8.415244100004202],,,,,,,,,,,,,,0412_0900_SB2_37_2,001,2023-12-04_09h45.47.726,3_End,2023.2.3,59.997900074969195,2023-12-04 09h46.08.264991 +0000,
24,6,books,bookscn,./stims/CritBystanders/books.jpeg,./stims/CritBystanders/capcn.jpeg,SR,SR_2,,,,,,,,,0,23,23,23,,,,,289.1242988999875,,,,,,,,,289.0921631999954,0.9990134999970905,305.09133929997915,[],[],[],[],[],[],15.999127899995074,,,,,,,,,,,,,0412_0900_SB2_37_2,001,2023-12-04_09h45.47.726,3_End,2023.2.3,59.997900074969195,2023-12-04 09h46.08.264991 +0000,
25,7,backpack,backpackcn,./stims/CritBystanders/backpack.jpeg,./stims/CritBystanders/cratecn.jpeg,SR,SR_8,,,,,,,,,0,24,24,24,,,,,305.12442989999545,,,,,,,,,305.09184509998886,0.9991497999872081,321.0914574000053,[],[],[],[],[],[],15.999280799995176,,,,,,,,,,,,,0412_0900_SB2_37_2,001,2023-12-04_09h45.47.726,3_End,2023.2.3,59.997900074969195,2023-12-04 09h46.08.264991 +0000,
26,7,guitar,guitarcn,./stims/CritBystanders/guitar.jpeg,./stims/CritBystanders/umbrellacn.jpeg,RR,RR_4,,,,,,,,,0,25,25,25,,,,,321.1245409999974,,,,,,,,,321.0919515999849,0.9992761999892537,337.09159419999924,[],[],[],[],[],[],15.999397099978523,,,,,,,,,,,,,0412_0900_SB2_37_2,001,2023-12-04_09h45.47.726,3_End,2023.2.3,59.997900074969195,2023-12-04 09h46.08.264991 +0000,
27,7,shoes,shoescn,./stims/CritBystanders/shoes.jpeg,./stims/CritBystanders/soccerballcn.jpeg,RS,RS_7,,,,,,,,,0,26,26,26,,,,,337.1246487000026,,,,,,,,,337.092087099998,0.9994458000001032,353.0917385999928,[],[],[],[],[],[],15.999523099977523,,,,,,,,,,,,,0412_0900_SB2_37_2,001,2023-12-04_09h45.47.726,3_End,2023.2.3,59.997900074969195,2023-12-04 09h46.08.264991 +0000,
28,7,video,videocn,./stims/CritBystanders/video.jpeg,./stims/CritBystanders/ironcn.jpeg,SS,SS_7,,,,,,,,,0,27,27,27,,,,,353.1247891999956,,,,,,,,,353.09225079999305,0.9995153999770992,361.1254348999937,[-0.20833333333333334],[0.5],[1],[0],[0],[8.019833400001517],,,,,,,,,,,,,,0412_0900_SB2_37_2,001,2023-12-04_09h45.47.726,3_End,2023.2.3,59.997900074969195,2023-12-04 09h46.08.264991 +0000,
29,8,coffeemug,coffeemugcn,./stims/CritBystanders/coffeemug.jpeg,./stims/CritBystanders/keyscn.jpeg,RS,RS_3,,,,,,,,,0,28,28,28,,,,,361.15817939999397,,,,,,,,,361.126253800001,1.0155042000114918,366.8921738000063,[-0.20833333333333334],[0.5],[1],[0],[0],[5.7490385999844875],,,,,,,,,,,,,,0412_0900_SB2_37_2,001,2023-12-04_09h45.47.726,3_End,2023.2.3,59.997900074969195,2023-12-04 09h46.08.264991 +0000,
30,8,stapler,staplercn,./stims/CritBystanders/stapler.jpeg,./stims/CritBystanders/electriccordcn.jpeg,SR,SR_1,,,,,,,,,0,29,29,29,,,,,366.9248990000051,,,,,,,,,366.8927676999883,0.9990351999877021,378.15881880000234,[-0.20833333333333334],[0.5],[1],[0],[0],[11.249653099977877],,,,,,,,,,,,,,0412_0900_SB2_37_2,001,2023-12-04_09h45.47.726,3_End,2023.2.3,59.997900074969195,2023-12-04 09h46.08.264991 +0000,
31,8,wastebasket,wastebasketcn,./stims/CritBystanders/wastebasket.jpeg,./stims/CritBystanders/clipboardcn.jpeg,SS,SS_5,,,,,,,,,0,30,30,30,,,,,378.19164259999525,,,,,,,,,378.1594111000013,0.9991251000028569,389.94235589998425,[-0.20833333333333334],[0.5],[1],[0],[0],[11.769738200004213],,,,,,,,,,,,,,0412_0900_SB2_37_2,001,2023-12-04_09h45.47.726,3_End,2023.2.3,59.997900074969195,2023-12-04 09h46.08.264991 +0000,
32,8,watch,watchcn,./stims/CritBystanders/watch.jpeg,./stims/CritBystanders/candlecn.jpeg,RR,RR_8,,,,,,,,,0,31,31,31,,,,,389.9750750999956,,,,,,,,,389.9428934000025,0.9990936999965925,393.3091179000039,[-0.20833333333333334],[0.5],[1],[0],[0],[3.34961309999926],,,,,,,,,,,,,,0412_0900_SB2_37_2,001,2023-12-04_09h45.47.726,3_End,2023.2.3,59.997900074969195,2023-12-04 09h46.08.264991 +0000,
,,,,,,,,1,1,pan,pancn,./stims/AcqBystanders/pan.jpeg,./stims/AcqBystanders/pancn.jpeg,SS,SS_2,,,,,0,0,0,0,393.3587597000005,,,,,,,,,,,,,,,,,,,393.3187451999984,1.0156333000049926,401.4257804999652,[-0.20833333333333334],[0.5],[1],[0],[0],[8.081602699996438],,,,0412_0900_SB2_37_2,001,2023-12-04_09h45.47.726,3_End,2023.2.3,59.997900074969195,2023-12-04 09h46.08.264991 +0000,
,,,,,,,,2,1,lightbulb,lightbulbcn,./stims/AcqBystanders/lightbulb.jpeg,./stims/AcqBystanders/lightbulbcn.jpeg,SR,SR_3,,,,,0,1,1,1,401.5421936000057,,,,,,,,,,,,,,,,,,,401.4266739000159,1.015372900001239,413.2591577999701,[-0.20833333333333334],[0.5],[1],[0],[0],[11.728195699979551],,,,0412_0900_SB2_37_2,001,2023-12-04_09h45.47.726,3_End,2023.2.3,59.997900074969195,2023-12-04 09h46.08.264991 +0000,
,,,,,,,,3,1,shampoo,shampoocn,./stims/AcqBystanders/shampoo.jpeg,./stims/AcqBystanders/shampoocn.jpeg,RS,RS_4,,,,,0,2,2,2,413.30907479996677,,,,,,,,,,,,,,,,,,,413.2597389999719,0.9990531000075862,420.32574689996545,[-0.20833333333333334],[0.5],[1],[0],[0],[7.037015700014308],,,,0412_0900_SB2_37_2,001,2023-12-04_09h45.47.726,3_End,2023.2.3,59.997900074969195,2023-12-04 09h46.08.264991 +0000,
,,,,,,,,4,1,mandms,mandmscn,./stims/AcqBystanders/mandms.jpeg,./stims/AcqBystanders/mandmscn.jpeg,RR,RR_2,,,,,0,3,3,3,420.3586134999932,,,,,,,,,,,,,,,,,,,420.32634529998177,0.9991918999585323,436.32576860001427,[],[],[],[],[],[],15.999330699967686,,,0412_0900_SB2_37_2,001,2023-12-04_09h45.47.726,3_End,2023.2.3,59.997900074969195,2023-12-04 09h46.08.264991 +0000,
,,,,,,,,5,1,sheet,sheetcn,./stims/AcqBystanders/sheet.jpeg,./stims/AcqBystanders/sheetcn.jpeg,RS,RS_3,,,,,0,4,4,4,436.35874849997344,,,,,,,,,,,,,,,,,,,436.3262851999898,0.9993325999821536,443.19273260000045,[-0.20833333333333334],[0.5],[1],[0],[0],[6.848237199999858],,,,0412_0900_SB2_37_2,001,2023-12-04_09h45.47.726,3_End,2023.2.3,59.997900074969195,2023-12-04 09h46.08.264991 +0000,
,,,,,,,,6,1,bottle,bottlecn,./stims/AcqBystanders/bottle.jpeg,./stims/AcqBystanders/bottlecn.jpeg,SS,SS_1,,,,,0,5,5,5,443.22546720001264,,,,,,,,,,,,,,,,,,,443.1933306000137,0.9990306999534369,457.84297159998096,[-0.20833333333333334],[0.5],[1],[0],[0],[14.636163699964527],,,,0412_0900_SB2_37_2,001,2023-12-04_09h45.47.726,3_End,2023.2.3,59.997900074969195,2023-12-04 09h46.08.264991 +0000,
,,,,,,,,7,1,trunk,trunkcn,./stims/AcqBystanders/trunk.jpeg,./stims/AcqBystanders/trunkcn.jpeg,SR,SR_1,,,,,0,6,6,6,457.8755552000075,,,,,,,,,,,,,,,,,,,457.84355319998576,1.0155676000285894,473.8591357000114,[],[],[],[],[],[],,,,0412_0900_SB2_37_2,001,2023-12-04_09h45.47.726,3_End,2023.2.3,59.997900074969195,2023-12-04 09h46.08.264991 +0000,
,,,,,,,,8,1,can,cancn,./stims/AcqBystanders/can.jpeg,./stims/AcqBystanders/cancn.jpeg,RR,RR_3,,,,,0,7,7,7,473.89235419998295,,,,,,,,,,,,,,,,,,,473.85965460000443,0.9990340000367723,489.84283419998246,[],[],[],[],[],[],15.999123900022823,,,0412_0900_SB2_37_2,001,2023-12-04_09h45.47.726,3_End,2023.2.3,59.997900074969195,2023-12-04 09h46.08.264991 +0000,
,,,,,,,,9,1,towel,towelcn,./stims/AcqBystanders/towel.jpeg,./stims/AcqBystanders/towelcn.jpeg,RS,RS_1,,,,,0,8,8,8,489.8757906999963,,,,,,,,,,,,,,,,,,,489.84334260001197,0.9991847000201233,500.32630220000283,[-0.20833333333333334],[0.5],[1],[0],[0],[10.46965069998987],,,,0412_0900_SB2_37_2,001,2023-12-04_09h45.47.726,3_End,2023.2.3,59.997900074969195,2023-12-04 09h46.08.264991 +0000,
,,,,,,,,10,1,fireextinguisher,fireextinguishercn,./stims/AcqBystanders/fireextinguisher.jpeg,./stims/AcqBystanders/fireextinguishercn.jpeg,RR,RR_1,,,,,0,9,9,9,500.3592597999668,,,,,,,,,,,,,,,,,,,500.3269059000013,0.9992353999987245,509.0765523999871,[-0.20833333333333334],[0.5],[1],[0],[0],[8.732281300006434],,,,0412_0900_SB2_37_2,001,2023-12-04_09h45.47.726,3_End,2023.2.3,59.997900074969195,2023-12-04 09h46.08.264991 +0000,
,,,,,,,,11,1,passport,passportcn,./stims/AcqBystanders/passport.jpeg,./stims/AcqBystanders/passportcn.jpeg,SS,SS_3,,,,,0,10,10,10,509.10929730001953,,,,,,,,,,,,,,,,,,,509.07714009998017,0.9990220000036061,521.7766250999703,[-0.20833333333333334],[0.5],[1],[0],[0],[12.680864800000563],,,,0412_0900_SB2_37_2,001,2023-12-04_09h45.47.726,3_End,2023.2.3,59.997900074969195,2023-12-04 09h46.08.264991 +0000,
,,,,,,,,12,1,headphones,headphonescn,./stims/AcqBystanders/headphones.jpeg,./stims/AcqBystanders/headphonescn.jpeg,SR,SR_2,,,,,0,11,11,11,521.8093757999886,,,,,,,,,,,,,,,,,,,521.7771688999783,0.9991412000381388,537.7765430999862,[],[],[],[],[],[],15.999247200030368,,,0412_0900_SB2_37_2,001,2023-12-04_09h45.47.726,3_End,2023.2.3,59.997900074969195,2023-12-04 09h46.08.264991 +0000,
,,,,,,,,13,1,perfume,perfumecn,./stims/AcqBystanders/perfume.jpeg,./stims/AcqBystanders/perfumecn.jpeg,SR,SR_4,,,,,0,12,12,12,537.8095023999631,,,,,,,,,,,,,,,,,,,537.7770383999741,0.9992482000379823,553.7766336999775,[],[],[],[],[],[],15.999362700036727,,,0412_0900_SB2_37_2,001,2023-12-04_09h45.47.726,3_End,2023.2.3,59.997900074969195,2023-12-04 09h46.08.264991 +0000,
,,,,,,,,14,1,cup,cupcn,./stims/AcqBystanders/cup.jpeg,./stims/AcqBystanders/cupcn.jpeg,RS,RS_2,,,,,0,13,13,13,553.8933667000092,,,,,,,,,,,,,,,,,,,553.7772071999789,0.9994237000355497,559.6102396999777,[-0.20833333333333334],[0.5],[1],[0],[0],[5.731159399962053],,,,0412_0900_SB2_37_2,001,2023-12-04_09h45.47.726,3_End,2023.2.3,59.997900074969195,2023-12-04 09h46.08.264991 +0000,
,,,,,,,,,,,,,,,,,,,,,,,,,,,,,,,,,,,,,,,,,,,,,,,,,,,,,559.6107059999777,559.6263443999633,,,,,,,,
