﻿RATING_PRAC.thisRepN,RATING_PRAC.thisTrialN,RATING_PRAC.thisN,RATING_PRAC.thisIndex,randomise.thisRepN,randomise.thisTrialN,randomise.thisN,randomise.thisIndex,trials_2.thisRepN,trials_2.thisTrialN,trials_2.thisN,trials_2.thisIndex,trials_3.thisRepN,trials_3.thisTrialN,trials_3.thisN,trials_3.thisIndex,USrate.thisRepN,USrate.thisTrialN,USrate.thisN,USrate.thisIndex,thisRow.t,notes,INSTR.started,instruct1.started,ok1.started,INSTR.stopped,ok1.keys,ok1.rt,ok1.duration,RATING_INTRO.started,instruct1_3.started,ok1_3.started,RATING_INTRO.stopped,ok1_3.keys,ok1_3.rt,ok1_3.duration,FILL_EXP.started,expect_txt.started,exp_resp_fill.started,star_3.started,expect_rating.started,FILL_EXP.stopped,slider_3.response,slider_3.history,exp_resp_fill.keys,exp_resp_fill.rt,exp_resp_fill.duration,FILL_VAL.started,val_text.started,star.started,SAM_val.started,resp_fill_val.started,FILL_VAL.stopped,resp_fill_val.keys,resp_fill_val.rt,resp_fill_val.duration,FILL_ARSL.started,text_arsl.started,star_2.started,SAM_arsl.started,resp_fill_arsl.started,FILL_ARSL.stopped,resp_fill_arsl.keys,resp_fill_arsl.rt,resp_fill_arsl.duration,CRC_EXP.started,expect_txt_2.started,exp_resp_crc.started,image_4.started,expect_rating_2.started,CRC_EXP.stopped,exp_resp_crc.keys,exp_resp_crc.rt,exp_resp_crc.duration,slider.response,slider.history,CRC_VAL.started,val_text_2.started,image.started,SAM_val_2.started,val_resp_crc.started,CRC_VAL.stopped,val_resp_crc.keys,val_resp_crc.rt,val_resp_crc.duration,CRC_ARSL.started,text_arsl_2.started,image_2.started,SAM_arsl_2.started,arsl_resp_crc.started,CRC_ARSL.stopped,arsl_resp_crc.keys,arsl_resp_crc.rt,arsl_resp_crc.duration,SQ_EXP.started,expect_txt_3.started,exp_resp_sq.started,image_sqr.started,expect_rating_3.started,SQ_EXP.stopped,slider_4.response,slider_4.history,exp_resp_sq.keys,exp_resp_sq.rt,exp_resp_sq.duration,SQ_VAL.started,val_text_3.started,image_sqr_2.started,SAM_val_3.started,val_resp_sq.started,SQ_VAL.stopped,val_resp_sq.keys,val_resp_sq.rt,val_resp_sq.duration,SQ_ARSL.started,text_arsl_3.started,image_sqr_3.started,SAM_arsl_3.started,arsl_resp_sq.started,SQ_ARSL.stopped,arsl_resp_sq.keys,arsl_resp_sq.rt,arsl_resp_sq.duration,US_INTRO.started,instruct1_2.started,ok1_2.started,US_INTRO.stopped,ok1_2.keys,ok1_2.rt,ok1_2.duration,US.started,p_port.started,p_port.stopped,US.stopped,ITI_3s.started,iti_3.started,iti_3.stopped,ITI_3s.stopped,US_VAL.started,val_text_4.started,SAM_val_4.started,val_resp_US.started,participant,session,date,expName,psychopyVersion,frameRate,expStart,
,,,,,,,,,,,,,,,,,,,,,,0.007835500000510365,0.02371449998463504,0.02371449998463504,384.2937572999799,space,384.2621092000045,None,,,,,,,,,,,,,,,,,,,,,,,,,,,,,,,,,,,,,,,,,,,,,,,,,,,,,,,,,,,,,,,,,,,,,,,,,,,,,,,,,,,,,,,,,,,,,,,,,,,,,,,,,,,,,,,,,,0412_0900_SB2_37_2,001,2023-12-04_09h10.54.285,PreAcq,2023.2.3,59.98048235604257,2023-12-04 09h11.09.964498 +0000,
,,,,,,,,,,,,,,,,,,,,,,,,,,,,,384.29378330000327,384.3096816999896,384.3096816999896,390.5773930999858,space,6.263877100020181,None,,,,,,,,,,,,,,,,,,,,,,,,,,,,,,,,,,,,,,,,,,,,,,,,,,,,,,,,,,,,,,,,,,,,,,,,,,,,,,,,,,,,,,,,,,,,,,,,,,,,,,,,,,,0412_0900_SB2_37_2,001,2023-12-04_09h10.54.285,PreAcq,2023.2.3,59.98048235604257,2023-12-04 09h11.09.964498 +0000,
0,0,0,0,0,0,0,0,0,0,0,0,,,,,,,,,404.64316350000445,,,,,,,,,,,,,,,,390.5780758000037,390.6097226999991,390.6097226999991,392.09306889999425,393.09309139999095,395.0957159999816,None,[],5,4.476280400005635,None,395.0962695000053,395.10974429998896,396.6097490999964,397.6097969999828,397.6097969999828,399.1770438999811,1,1.5638458000030369,None,399.17740099999355,399.1931598999945,400.6764919999987,401.6764961000008,401.6764961000008,404.6270038000075,9,2.9370370999968145,None,404.62814650000655,404.64316350000445,404.64316350000445,406.1265080999874,407.1265332000039,408.59593919999315,5,3.9460902999853715,None,None,[],408.5964679000026,408.60986209998373,410.1098675999965,411.1098757,411.1098757,415.77709469999536,1,4.663339599996107,None,415.77747499998077,415.79323609999847,417.2766039999842,418.27660260000266,418.27660260000266,420.3605785999971,9,2.080989399983082,None,,,,,,,,,,,,,,,,,,,,,,,,,,,,,,,,,,,,,,,,,,,,,,,,,0412_0900_SB2_37_2,001,2023-12-04_09h10.54.285,PreAcq,2023.2.3,59.98048235604257,2023-12-04 09h11.09.964498 +0000,
0,0,0,0,0,0,0,0,,,,,0,0,0,0,,,,,420.3766565999831,,,,,,,,,,,,,,,,,,,,,,,,,,,,,,,,,,,,,,,,,,,,,,,,,,,,,,,,,,,,,,,,,,,,,,,,,,420.3614052000048,420.3766565999831,420.3766565999831,421.87662619998446,422.87663759998395,424.545856599987,None,[],5,4.164535999996588,None,424.5463918999885,424.559975799988,426.06000080000376,427.0600043000013,427.0600043000013,428.7105301999836,1,1.6418392999912612,None,428.7109194000077,428.7266565999889,430.2100151999912,431.21005999998306,431.21005999998306,432.4772662000032,9,1.259605899977032,None,,,,,,,,,,,,,,,,,,,,0412_0900_SB2_37_2,001,2023-12-04_09h10.54.285,PreAcq,2023.2.3,59.98048235604257,2023-12-04 09h11.09.964498 +0000,
0,0,0,0,0,0,0,0,,,,,,,,,,,,,,,,,,,,,,,,,,,,,,,,,,,,,,,,,,,,,,,,,,,,,,,,,,,,,,,,,,,,,,,,,,,,,,,,,,,,,,,,,,,,,,,,,,,,,,,,,,,,,,,,,,,,,,,,,,,,,,,,,,,,,,,0412_0900_SB2_37_2,001,2023-12-04_09h10.54.285,PreAcq,2023.2.3,59.98048235604257,2023-12-04 09h11.09.964498 +0000,
0,0,0,0,,,,,,,,,,,,,,,,,,,,,,,,,,,,,,,,,,,,,,,,,,,,,,,,,,,,,,,,,,,,,,,,,,,,,,,,,,,,,,,,,,,,,,,,,,,,,,,,,,,,,,,,,,,,,,,,,,,,,,,,,,,,,,,,,,,,,,,,,,,0412_0900_SB2_37_2,001,2023-12-04_09h10.54.285,PreAcq,2023.2.3,59.98048235604257,2023-12-04 09h11.09.964498 +0000,
,,,,,,,,,,,,,,,,,,,,,,432.47772659998736,432.4933972999861,432.4933972999861,457.1441081999801,space,24.640168299985817,None,,,,,,,,,,,,,,,,,,,,,,,,,,,,,,,,,,,,,,,,,,,,,,,,,,,,,,,,,,,,,,,,,,,,,,,,,,,,,,,,,,,,,,,,,,,,,,,,,,,,,,,,,,,,,,,,,,0412_0900_SB2_37_2,001,2023-12-04_09h10.54.285,PreAcq,2023.2.3,59.98048235604257,2023-12-04 09h11.09.964498 +0000,
,,,,,,,,,,,,,,,,,,,,,,,,,,,,,,,,,,,,,,,,,,,,,,,,,,,,,,,,,,,,,,,,,,,,,,,,,,,,,,,,,,,,,,,,,,,,,,,,,,,,,,,,,,,,,,,,,,,,,,,,,,,457.14413030000287,457.16021669999463,457.16021669999463,460.87751910000225,space,3.709200299985241,None,,,,,,,,,,,,,0412_0900_SB2_37_2,001,2023-12-04_09h10.54.285,PreAcq,2023.2.3,59.98048235604257,2023-12-04 09h11.09.964498 +0000,
,,,,,,,,,,,,,,,,,,,,460.89358340000035,,,,,,,,,,,,,,,,,,,,,,,,,,,,,,,,,,,,,,,,,,,,,,,,,,,,,,,,,,,,,,,,,,,,,,,,,,,,,,,,,,,,,,,,,,,,,,,,,,,,,,,,,,,,,,460.8779930000019,2.999441599997226,3.099416300014127,463.9771894000005,463.9772004999977,463.9936558000045,466.99364969998715,466.9772876999923,466.977300700004,466.99364969998715,469.4769821999944,469.4769821999944,,,,,,,,
