﻿order_ext,blk_ext,bystander_ext,test_item_ext,bystander_loc_ext,test_item_loc_ext,trial_type_ext,itemNo_ext,order_cond_acq,blk_cond_acq,bystander_cond_acq,test_item_cond_acq,bystander_loc_cond_acq,test_item_loc_cond_acq,trial_type_cond_acq,itemNo_cond_acq,trials.thisRepN,trials.thisTrialN,trials.thisN,trials.thisIndex,trials_2.thisRepN,trials_2.thisTrialN,trials_2.thisN,trials_2.thisIndex,thisRow.t,notes,INSTRUCTION.started,instruct1.started,ok1.started,INSTRUCTION.stopped,ok1.keys,ok1.rt,ok1.duration,END_EXT.started,mouse_ext.started,END_EXT.stopped,mouse_ext.x,mouse_ext.y,mouse_ext.leftButton,mouse_ext.midButton,mouse_ext.rightButton,mouse_ext.time,mouse_ext.stopped,END_ACQ.started,mouse_cond.started,mouse_cond.stopped,END_ACQ.stopped,mouse_cond.x,mouse_cond.y,mouse_cond.leftButton,mouse_cond.midButton,mouse_cond.rightButton,mouse_cond.time,thanks.started,thanksMsg.started,participant,session,date,expName,psychopyVersion,frameRate,expStart,
,,,,,,,,,,,,,,,,,,,,,,,,,,0.011958999966736883,0.028511499986052513,0.028511499986052513,2.295873199997004,space,2.2644174000015482,None,,,,,,,,,,,,,,,,,,,,,,,0612_1500_SB3_38_2,001,2023-12-06_15h40.46.131,3_End,2023.2.3,59.99394059379771,2023-12-06 15h40.56.351621 +0000,
1,1,walkman,walkmancn,./stims/CritBystanders/cap.jpeg,./stims/CritBystanders/walkmancn.jpeg,SS,SS_2,,,,,,,,,0,0,0,0,,,,,2.345156399998814,,,,,,,,,2.3096564000006765,0.9993468000320718,14.94561930000782,[-0.262037037037037],[0.23148148148148148],[1],[0],[0],[12.609792200033553],,,,,,,,,,,,,,0612_1500_SB3_38_2,001,2023-12-06_15h40.46.131,3_End,2023.2.3,59.99394059379771,2023-12-06 15h40.56.351621 +0000,
2,1,scissors,scissorscn,./stims/CritBystanders/chessboard.jpeg,./stims/CritBystanders/scissorscn.jpeg,SR,SR_6,,,,,,,,,0,1,1,1,,,,,14.978627300006337,,,,,,,,,14.946540599979926,1.0155937999952585,19.412587200000416,[-0.20925925925925926],[0.22592592592592592],[1],[0],[0],[4.448718600033317],,,,,,,,,,,,,,0612_1500_SB3_38_2,001,2023-12-06_15h40.46.131,3_End,2023.2.3,59.99394059379771,2023-12-06 15h40.56.351621 +0000,
3,1,chair,chaircn,./stims/CritBystanders/wallet.jpeg,./stims/CritBystanders/chaircn.jpeg,RS,RS_6,,,,,,,,,0,2,2,2,,,,,19.445249299984425,,,,,,,,,19.41321839997545,0.9990010000183247,22.962604600004852,[-0.20925925925925926],[0.22592592592592592],[1],[0],[0],[3.533175399992615],,,,,,,,,,,,,,0612_1500_SB3_38_2,001,2023-12-06_15h40.46.131,3_End,2023.2.3,59.99394059379771,2023-12-06 15h40.56.351621 +0000,
4,1,peacock,peacockcn,./stims/CritBystanders/clipboard.jpeg,./stims/CritBystanders/peacockcn.jpeg,RR,RR_5,,,,,,,,,0,3,3,3,,,,,22.995319499983452,,,,,,,,,22.963199499994516,1.015662699996028,31.479331300011836,[-0.20925925925925926],[0.22592592592592592],[1],[0],[0],[8.502584200003184],,,,,,,,,,,,,,0612_1500_SB3_38_2,001,2023-12-06_15h40.46.131,3_End,2023.2.3,59.99394059379771,2023-12-06 15h40.56.351621 +0000,
5,2,wastebasket,wastebasketcn,./stims/CritBystanders/comb.jpeg,./stims/CritBystanders/wastebasketcn.jpeg,RS,RS_5,,,,,,,,,0,4,4,4,,,,,31.512055600003805,,,,,,,,,31.479931299982127,0.9990223000058904,35.096069299965166,[-0.20925925925925926],[0.22592592592592592],[1],[0],[0],[3.6027983000385575],,,,,,,,,,,,,,0612_1500_SB3_38_2,001,2023-12-06_15h40.46.131,3_End,2023.2.3,59.99394059379771,2023-12-06 15h40.56.351621 +0000,
6,2,card,cardcn,./stims/CritBystanders/electriccord.jpeg,./stims/CritBystanders/cardscn.jpeg,SS,SS_1,,,,,,,,,0,5,5,5,,,,,35.12873080000281,,,,,,,,,35.096700499998406,1.0156322999973781,43.27943589998176,[-0.20925925925925926],[0.22592592592592592],[1],[0],[0],[8.165454400004819],,,,,,,,,,,,,,0612_1500_SB3_38_2,001,2023-12-06_15h40.46.131,3_End,2023.2.3,59.99394059379771,2023-12-06 15h40.56.351621 +0000,
7,2,books,bookscn,./stims/CritBystanders/toiletpaper.jpeg,./stims/CritBystanders/bookscn.jpeg,RR,RR_2,,,,,,,,,0,6,6,6,,,,,43.312162499991246,,,,,,,,,43.28001260000747,0.9990331999724731,51.86288729996886,[-0.20925925925925926],[0.22592592592592592],[1],[0],[0],[8.570190600003116],,,,,,,,,,,,,,0612_1500_SB3_38_2,001,2023-12-06_15h40.46.131,3_End,2023.2.3,59.99394059379771,2023-12-06 15h40.56.351621 +0000,
8,2,fan,fancn,./stims/CritBystanders/keys.jpeg,./stims/CritBystanders/fancn.jpeg,SR,SR_3,,,,,,,,,0,7,7,7,,,,,51.89553889998933,,,,,,,,,51.863503300002776,1.0156075999839231,57.5128485999885,[-0.20925925925925926],[0.22592592592592592],[1],[0],[0],[5.632210399955511],,,,,,,,,,,,,,0612_1500_SB3_38_2,001,2023-12-06_15h40.46.131,3_End,2023.2.3,59.99394059379771,2023-12-06 15h40.56.351621 +0000,
9,3,chessboard,chessboardcn,./stims/CritBystanders/scissors.jpeg,./stims/CritBystanders/chessboardcn.jpeg,RR,RR_6,,,,,,,,,0,8,8,8,,,,,57.54557700001169,,,,,,,,,57.513491499994416,1.0157521999790333,73.21306909999112,[-0.20925925925925926],[0.22592592592592592],[1],[0],[0],[15.683000899967737],,,,,,,,,,,,,,0612_1500_SB3_38_2,001,2023-12-06_15h40.46.131,3_End,2023.2.3,59.99394059379771,2023-12-06 15h40.56.351621 +0000,
10,3,iron,ironcn,./stims/CritBystanders/soccerball.jpeg,./stims/CritBystanders/ironcn.jpeg,SR,SR_7,,,,,,,,,0,9,9,9,,,,,73.24571609997656,,,,,,,,,73.21368839999195,1.0155815000180155,76.26299469999503,[-0.20925925925925926],[0.22592592592592592],[1],[0],[0],[3.0369402999640442],,,,,,,,,,,,,,0612_1500_SB3_38_2,001,2023-12-06_15h40.46.131,3_End,2023.2.3,59.99394059379771,2023-12-06 15h40.56.351621 +0000,
11,3,candle,candlecn,./stims/CritBystanders/crate.jpeg,./stims/CritBystanders/candlecn.jpeg,SS,SS_8,,,,,,,,,0,10,10,10,,,,,76.29574219998904,,,,,,,,,76.26361219998216,0.9990341000375338,82.92967280000448,[-0.20925925925925926],[0.2222222222222222],[1],[0],[0],[6.652911500015762],,,,,,,,,,,,,,0612_1500_SB3_38_2,001,2023-12-06_15h40.46.131,3_End,2023.2.3,59.99394059379771,2023-12-06 15h40.56.351621 +0000,
12,3,cap,capcn,./stims/CritBystanders/walkman.jpeg,./stims/CritBystanders/capcn.jpeg,RS,RS_2,,,,,,,,,0,11,11,11,,,,,82.96243069996126,,,,,,,,,82.93027989997063,0.9990620999597013,94.4132249999675,[-0.20925925925925926],[0.2222222222222222],[1],[0],[0],[11.46944529999746],,,,,,,,,,,,,,0612_1500_SB3_38_2,001,2023-12-06_15h40.46.131,3_End,2023.2.3,59.99394059379771,2023-12-06 15h40.56.351621 +0000,
13,4,stapler,staplercn,./stims/CritBystanders/computer.jpeg,./stims/CritBystanders/staplercn.jpeg,RR,RR_1,,,,,,,,,0,12,12,12,,,,,94.44585729995742,,,,,,,,,94.4138399999938,1.0155779999913648,103.91327169997385,[-0.20925925925925926],[0.2222222222222222],[1],[0],[0],[9.487717399955727],,,,,,,,,,,,,,0612_1500_SB3_38_2,001,2023-12-06_15h40.46.131,3_End,2023.2.3,59.99394059379771,2023-12-06 15h40.56.351621 +0000,
14,4,electriccord,electriccordcn,./stims/CritBystanders/cards.jpeg,./stims/CritBystanders/electriccordcn.jpeg,RS,RS_1,,,,,,,,,0,13,13,13,,,,,103.94591650000075,,,,,,,,,103.91389659995912,1.0156309999874793,115.21326459996635,[-0.20925925925925926],[0.2222222222222222],[1],[0],[0],[11.285127700015437],,,,,,,,,,,,,,0612_1500_SB3_38_2,001,2023-12-06_15h40.46.131,3_End,2023.2.3,59.99394059379771,2023-12-06 15h40.56.351621 +0000,
15,4,umbrella,umbrellacn,./stims/CritBystanders/calculator.jpeg,./stims/CritBystanders/umbrellacn.jpeg,SS,SS_4,,,,,,,,,0,14,14,14,,,,,115.2459904999705,,,,,,,,,115.21387699997285,1.0156729000154883,126.44670189998578,[-0.20925925925925926],[0.2222222222222222],[1],[0],[0],[11.216152699955273],,,,,,,,,,,,,,0612_1500_SB3_38_2,001,2023-12-06_15h40.46.131,3_End,2023.2.3,59.99394059379771,2023-12-06 15h40.56.351621 +0000,
16,4,guitar,guitarcn,./stims/CritBystanders/telephone.jpeg,./stims/CritBystanders/guitarcn.jpeg,SR,SR_4,,,,,,,,,0,15,15,15,,,,,126.47944669995923,,,,,,,,,126.44727669999702,0.9990605000057258,130.3633950999938,[-0.2064814814814815],[0.21944444444444444],[1],[0],[0],[3.9021913000033237],,,,,,,,,,,,,,0612_1500_SB3_38_2,001,2023-12-06_15h40.46.131,3_End,2023.2.3,59.99394059379771,2023-12-06 15h40.56.351621 +0000,
17,5,keys,keyscn,./stims/CritBystanders/fan.jpeg,./stims/CritBystanders/keyscn.jpeg,RR,RR_3,,,,,,,,,0,16,16,16,,,,,130.39612699998543,,,,,,,,,130.36398540000664,0.999009000021033,136.01353830000153,[-0.1935185185185185],[0.21574074074074073],[1],[0],[0],[5.632488000032026],,,,,,,,,,,,,,0612_1500_SB3_38_2,001,2023-12-06_15h40.46.131,3_End,2023.2.3,59.99394059379771,2023-12-06 15h40.56.351621 +0000,
18,5,crate,cratecn,./stims/CritBystanders/candle.jpeg,./stims/CritBystanders/cratecn.jpeg,RS,RS_8,,,,,,,,,0,17,17,17,,,,,136.04616159998113,,,,,,,,,136.01414929999737,1.015590000024531,148.71353710000403,[-0.1935185185185185],[0.21574074074074073],[1],[0],[0],[12.68274229997769],,,,,,,,,,,,,,0612_1500_SB3_38_2,001,2023-12-06_15h40.46.131,3_End,2023.2.3,59.99394059379771,2023-12-06 15h40.56.351621 +0000,
19,5,coffeemug,coffeemugcn,./stims/CritBystanders/bucket.jpeg,./stims/CritBystanders/coffeemugcn.jpeg,SS,SS_3,,,,,,,,,0,18,18,18,,,,,148.74628819996724,,,,,,,,,148.7141430999618,0.9990214999997988,158.0302870000014,[-0.1935185185185185],[0.21574074074074073],[1],[0],[0],[9.302539700001944],,,,,,,,,,,,,,0612_1500_SB3_38_2,001,2023-12-06_15h40.46.131,3_End,2023.2.3,59.99394059379771,2023-12-06 15h40.56.351621 +0000,
20,5,clipboard,clipboardcn,./stims/CritBystanders/peacock.jpeg,./stims/CritBystanders/clipboardcn.jpeg,SR,SR_5,,,,,,,,,0,19,19,19,,,,,158.06299319997197,,,,,,,,,158.03090839996003,0.9990071000065655,169.51355149998562,[-0.1925925925925926],[0.21666666666666667],[1],[0],[0],[11.47096090001287],,,,,,,,,,,,,,0612_1500_SB3_38_2,001,2023-12-06_15h40.46.131,3_End,2023.2.3,59.99394059379771,2023-12-06 15h40.56.351621 +0000,
21,6,soccerball,soccerballcn,./stims/CritBystanders/iron.jpeg,./stims/CritBystanders/soccerballcn.jpeg,RR,RR_7,,,,,,,,,0,20,20,20,,,,,169.5464159999974,,,,,,,,,169.5141600999632,0.9991507999948226,179.91378209996037,[-0.1925925925925926],[0.21666666666666667],[1],[0],[0],[10.385663900000509],,,,,,,,,,,,,,0612_1500_SB3_38_2,001,2023-12-06_15h40.46.131,3_End,2023.2.3,59.99394059379771,2023-12-06 15h40.56.351621 +0000,
22,6,wallet,walletcn,./stims/CritBystanders/chair.jpeg,./stims/CritBystanders/walletcn.jpeg,SS,SS_6,,,,,,,,,0,21,21,21,,,,,179.94648379995488,,,,,,,,,179.91440439998405,1.0157050999696366,195.93007159995614,[],[],[],[],[],[],,,,,,,,,,,,,,0612_1500_SB3_38_2,001,2023-12-06_15h40.46.131,3_End,2023.2.3,59.99394059379771,2023-12-06 15h40.56.351621 +0000,
23,6,calculator,calculatorcn,./stims/CritBystanders/umbrella.jpeg,./stims/CritBystanders/calculatorcn.jpeg,RS,RS_4,,,,,,,,,0,22,22,22,,,,,195.9632838999969,,,,,,,,,195.93071340001188,0.9992157999658957,211.91393589996733,[],[],[],[],[],[],15.999234899994917,,,,,,,,,,,,,0612_1500_SB3_38_2,001,2023-12-06_15h40.46.131,3_End,2023.2.3,59.99394059379771,2023-12-06 15h40.56.351621 +0000,
24,6,toiletpaper,toiletpapercn,./stims/CritBystanders/books.jpeg,./stims/CritBystanders/toiletpapercn.jpeg,SR,SR_2,,,,,,,,,0,23,23,23,,,,,211.94671009999,,,,,,,,,211.91452569997637,0.9992901999503374,227.06405200000154,[-0.1925925925925926],[0.21666666666666667],[1],[0],[0],[15.135856599954423],,,,,,,,,,,,,,0612_1500_SB3_38_2,001,2023-12-06_15h40.46.131,3_End,2023.2.3,59.99394059379771,2023-12-06 15h40.56.351621 +0000,
25,7,watch,watchcn,./stims/CritBystanders/backpack.jpeg,./stims/CritBystanders/watchcn.jpeg,SR,SR_8,,,,,,,,,0,24,24,24,,,,,227.09685349999927,,,,,,,,,227.0647071999847,0.9990842000115663,243.06392719998257,[],[],[],[],[],[],15.999148999981117,,,,,,,,,,,,,0612_1500_SB3_38_2,001,2023-12-06_15h40.46.131,3_End,2023.2.3,59.99394059379771,2023-12-06 15h40.56.351621 +0000,
26,7,telephone,telephonecn,./stims/CritBystanders/guitar.jpeg,./stims/CritBystanders/telephonecn.jpeg,RR,RR_4,,,,,,,,,0,25,25,25,,,,,243.09696039999835,,,,,,,,,243.06445289996918,0.9992137000081129,259.0640209999983,[],[],[],[],[],[],15.999297900008969,,,,,,,,,,,,,0612_1500_SB3_38_2,001,2023-12-06_15h40.46.131,3_End,2023.2.3,59.99394059379771,2023-12-06 15h40.56.351621 +0000,
27,7,video,videocn,./stims/CritBystanders/shoes.jpeg,./stims/CritBystanders/videocn.jpeg,RS,RS_7,,,,,,,,,0,26,26,26,,,,,259.09710939996876,,,,,,,,,259.06454539997503,0.9992880999925546,265.69752220000373,[-0.1925925925925926],[0.21666666666666667],[1],[0],[0],[6.615820100007113],,,,,,,,,,,,,,0612_1500_SB3_38_2,001,2023-12-06_15h40.46.131,3_End,2023.2.3,59.99394059379771,2023-12-06 15h40.56.351621 +0000,
28,7,shoes,shoescn,./stims/CritBystanders/video.jpeg,./stims/CritBystanders/shoescn.jpeg,SS,SS_7,,,,,,,,,0,27,27,27,,,,,265.7304845000035,,,,,,,,,265.69808409997495,0.9992622000281699,276.5644888000097,[-0.1925925925925926],[0.21666666666666667],[1],[0],[0],[10.84905910002999],,,,,,,,,,,,,,0612_1500_SB3_38_2,001,2023-12-06_15h40.46.131,3_End,2023.2.3,59.99394059379771,2023-12-06 15h40.56.351621 +0000,
29,8,bucket,bucketcn,./stims/CritBystanders/coffeemug.jpeg,./stims/CritBystanders/bucketcn.jpeg,RS,RS_3,,,,,,,,,0,28,28,28,,,,,276.5972114999895,,,,,,,,,276.565103299974,1.0156586999655701,283.1145818000077,[-0.1925925925925926],[0.21666666666666667],[1],[0],[0],[6.535190299968235],,,,,,,,,,,,,,0612_1500_SB3_38_2,001,2023-12-06_15h40.46.131,3_End,2023.2.3,59.99394059379771,2023-12-06 15h40.56.351621 +0000,
30,8,computer,computercn,./stims/CritBystanders/stapler.jpeg,./stims/CritBystanders/computercn.jpeg,SR,SR_1,,,,,,,,,0,29,29,29,,,,,283.14723070000764,,,,,,,,,283.11520549998386,1.0156279999646358,292.23135089996504,[-0.1925925925925926],[0.21666666666666667],[1],[0],[0],[9.099249900027644],,,,,,,,,,,,,,0612_1500_SB3_38_2,001,2023-12-06_15h40.46.131,3_End,2023.2.3,59.99394059379771,2023-12-06 15h40.56.351621 +0000,
31,8,comb,combcn,./stims/CritBystanders/wastebasket.jpeg,./stims/CritBystanders/combcn.jpeg,SS,SS_5,,,,,,,,,0,30,30,30,,,,,292.26397189998534,,,,,,,,,292.2319408999756,1.0156536000431515,308.2475348999724,[],[],[],[],[],[],,,,,,,,,,,,,,0612_1500_SB3_38_2,001,2023-12-06_15h40.46.131,3_End,2023.2.3,59.99394059379771,2023-12-06 15h40.56.351621 +0000,
32,8,backpack,backpackcn,./stims/CritBystanders/watch.jpeg,./stims/CritBystanders/backpackcn.jpeg,RR,RR_8,,,,,,,,,0,31,31,31,,,,,308.28080619999673,,,,,,,,,308.24810189998243,0.999068700009957,311.9978742999956,[-0.1925925925925926],[0.21666666666666667],[1],[0],[0],[3.7328729000291787],,,,,,,,,,,,,,0612_1500_SB3_38_2,001,2023-12-06_15h40.46.131,3_End,2023.2.3,59.99394059379771,2023-12-06 15h40.56.351621 +0000,
,,,,,,,,1,1,pan,pancn,./stims/AcqBystanders/pan.jpeg,./stims/AcqBystanders/pancn.jpeg,SS,SS_2,,,,,0,0,0,0,312.0477327000117,,,,,,,,,,,,,,,,,,,312.0073066999903,0.9993053000071086,15.999320700007956,327.9978349999874,[],[],[],[],[],[],,,0612_1500_SB3_38_2,001,2023-12-06_15h40.46.131,3_End,2023.2.3,59.99394059379771,2023-12-06 15h40.56.351621 +0000,
,,,,,,,,2,1,lightbulb,lightbulbcn,./stims/AcqBystanders/lightbulb.jpeg,./stims/AcqBystanders/lightbulbcn.jpeg,SR,SR_3,,,,,0,1,1,1,328.1146289999597,,,,,,,,,,,,,,,,,,,327.99868709995644,0.99936620000517,,338.5317151999916,[-0.1925925925925926],[0.21666666666666667],[1],[0],[0],[10.42758059996413],,,0612_1500_SB3_38_2,001,2023-12-06_15h40.46.131,3_End,2023.2.3,59.99394059379771,2023-12-06 15h40.56.351621 +0000,
,,,,,,,,3,1,shampoo,shampoocn,./stims/AcqBystanders/shampoo.jpeg,./stims/AcqBystanders/shampoocn.jpeg,RS,RS_4,,,,,0,2,2,2,338.56474609998986,,,,,,,,,,,,,,,,,,,338.5323273999966,1.0156320000533015,,349.66506909998134,[-0.1925925925925926],[0.21666666666666667],[1],[0],[0],[11.10660659999121],,,0612_1500_SB3_38_2,001,2023-12-06_15h40.46.131,3_End,2023.2.3,59.99394059379771,2023-12-06 15h40.56.351621 +0000,
,,,,,,,,4,1,mandms,mandmscn,./stims/AcqBystanders/mandms.jpeg,./stims/AcqBystanders/mandmscn.jpeg,RR,RR_2,,,,,0,3,3,3,349.69778349995613,,,,,,,,,,,,,,,,,,,349.66562479996355,0.9990375000052154,15.999178300029598,365.66484499996295,[],[],[],[],[],[],,,0612_1500_SB3_38_2,001,2023-12-06_15h40.46.131,3_End,2023.2.3,59.99394059379771,2023-12-06 15h40.56.351621 +0000,
,,,,,,,,5,1,sheet,sheetcn,./stims/AcqBystanders/sheet.jpeg,./stims/AcqBystanders/sheetcn.jpeg,RS,RS_3,,,,,0,4,4,4,365.69786499999464,,,,,,,,,,,,,,,,,,,365.6653476000065,0.9991715000360273,,371.4818495999789,[-0.1925925925925926],[0.21666666666666667],[1],[0],[0],[5.7986443000263534],,,0612_1500_SB3_38_2,001,2023-12-06_15h40.46.131,3_End,2023.2.3,59.99394059379771,2023-12-06 15h40.56.351621 +0000,
,,,,,,,,6,1,bottle,bottlecn,./stims/AcqBystanders/bottle.jpeg,./stims/AcqBystanders/bottlecn.jpeg,SS,SS_1,,,,,0,5,5,5,371.5146015000064,,,,,,,,,,,,,,,,,,,371.4824474999914,0.9990474000223912,,377.2152516999631,[-0.1925925925925926],[0.21666666666666667],[1],[0],[0],[5.719542299979366],,,0612_1500_SB3_38_2,001,2023-12-06_15h40.46.131,3_End,2023.2.3,59.99394059379771,2023-12-06 15h40.56.351621 +0000,
,,,,,,,,7,1,trunk,trunkcn,./stims/AcqBystanders/trunk.jpeg,./stims/AcqBystanders/trunkcn.jpeg,SR,SR_1,,,,,0,6,6,6,377.24797139997827,,,,,,,,,,,,,,,,,,,377.2158659999841,1.0157140000374056,,384.5817512999638,[-0.1925925925925926],[0.21666666666666667],[1],[0],[0],[7.349616700026672],,,0612_1500_SB3_38_2,001,2023-12-06_15h40.46.131,3_End,2023.2.3,59.99394059379771,2023-12-06 15h40.56.351621 +0000,
,,,,,,,,8,1,can,cancn,./stims/AcqBystanders/can.jpeg,./stims/AcqBystanders/cancn.jpeg,RR,RR_3,,,,,0,7,7,7,384.61471239995444,,,,,,,,,,,,,,,,,,,384.58236569998553,0.9992121999966912,15.999355700041633,400.58178249996854,[],[],[],[],[],[],,,0612_1500_SB3_38_2,001,2023-12-06_15h40.46.131,3_End,2023.2.3,59.99394059379771,2023-12-06 15h40.56.351621 +0000,
,,,,,,,,9,1,towel,towelcn,./stims/AcqBystanders/towel.jpeg,./stims/AcqBystanders/towelcn.jpeg,RS,RS_1,,,,,0,8,8,8,400.61483479995513,,,,,,,,,,,,,,,,,,,400.58228099998087,0.9993333000456914,15.999449199996889,416.581844899978,[],[],[],[],[],[],,,0612_1500_SB3_38_2,001,2023-12-06_15h40.46.131,3_End,2023.2.3,59.99394059379771,2023-12-06 15h40.56.351621 +0000,
,,,,,,,,10,1,fireextinguisher,fireextinguishercn,./stims/AcqBystanders/fireextinguisher.jpeg,./stims/AcqBystanders/fireextinguishercn.jpeg,RR,RR_1,,,,,0,9,9,9,416.61495640000794,,,,,,,,,,,,,,,,,,,416.58235059998697,0.999466700013727,15.999565300007816,432.5819442999782,[],[],[],[],[],[],,,0612_1500_SB3_38_2,001,2023-12-06_15h40.46.131,3_End,2023.2.3,59.99394059379771,2023-12-06 15h40.56.351621 +0000,
,,,,,,,,11,1,passport,passportcn,./stims/AcqBystanders/passport.jpeg,./stims/AcqBystanders/passportcn.jpeg,SS,SS_3,,,,,0,10,10,10,432.6150508999708,,,,,,,,,,,,,,,,,,,432.5824687999557,0.999586200050544,,439.6155090999673,[-0.1925925925925926],[0.21666666666666667],[1],[0],[0],[7.014455900003668],,,0612_1500_SB3_38_2,001,2023-12-06_15h40.46.131,3_End,2023.2.3,59.99394059379771,2023-12-06 15h40.56.351621 +0000,
,,,,,,,,12,1,headphones,headphonescn,./stims/AcqBystanders/headphones.jpeg,./stims/AcqBystanders/headphonescn.jpeg,SR,SR_2,,,,,0,11,11,11,439.6484333999688,,,,,,,,,,,,,,,,,,,439.61610929999733,0.9992397999740206,,445.4656913999934,[-0.1925925925925926],[0.21666666666666667],[1],[0],[0],[5.835831700009294],,,0612_1500_SB3_38_2,001,2023-12-06_15h40.46.131,3_End,2023.2.3,59.99394059379771,2023-12-06 15h40.56.351621 +0000,
,,,,,,,,13,1,perfume,perfumecn,./stims/AcqBystanders/perfume.jpeg,./stims/AcqBystanders/perfumecn.jpeg,SR,SR_4,,,,,0,12,12,12,445.4985483000055,,,,,,,,,,,,,,,,,,,445.46630899998127,0.9990631000255235,,450.73224709997885,[-0.1925925925925926],[0.21666666666666667],[1],[0],[0],[5.251849299995229],,,0612_1500_SB3_38_2,001,2023-12-06_15h40.46.131,3_End,2023.2.3,59.99394059379771,2023-12-06 15h40.56.351621 +0000,
,,,,,,,,14,1,cup,cupcn,./stims/AcqBystanders/cup.jpeg,./stims/AcqBystanders/cupcn.jpeg,RS,RS_2,,,,,0,13,13,13,450.8488846999826,,,,,,,,,,,,,,,,,,,450.7328182999627,0.9992881999933161,,456.4659037999809,[-0.1925925925925926],[0.21666666666666667],[1],[0],[0],[5.625787400000263],,,0612_1500_SB3_38_2,001,2023-12-06_15h40.46.131,3_End,2023.2.3,59.99394059379771,2023-12-06 15h40.56.351621 +0000,
,,,,,,,,,,,,,,,,,,,,,,,,,,,,,,,,,,,,,,,,,,,,,,,,,,,,,456.4663538999739,456.48192809999455,,,,,,,,
