﻿order_ext,blk_ext,bystander_ext,test_item_ext,bystander_loc_ext,test_item_loc_ext,trial_type_ext,itemNo_ext,order_cond_acq,blk_cond_acq,bystander_cond_acq,test_item_cond_acq,bystander_loc_cond_acq,test_item_loc_cond_acq,trial_type_cond_acq,itemNo_cond_acq,trials.thisRepN,trials.thisTrialN,trials.thisN,trials.thisIndex,trials_2.thisRepN,trials_2.thisTrialN,trials_2.thisN,trials_2.thisIndex,thisRow.t,notes,INSTRUCTION.started,instruct1.started,ok1.started,INSTRUCTION.stopped,ok1.keys,ok1.rt,ok1.duration,END_EXT.started,mouse_ext.started,mouse_ext.stopped,END_EXT.stopped,mouse_ext.x,mouse_ext.y,mouse_ext.leftButton,mouse_ext.midButton,mouse_ext.rightButton,mouse_ext.time,END_ACQ.started,mouse_cond.started,END_ACQ.stopped,mouse_cond.x,mouse_cond.y,mouse_cond.leftButton,mouse_cond.midButton,mouse_cond.rightButton,mouse_cond.time,thanks.started,thanksMsg.started,participant,session,date,expName,psychopyVersion,frameRate,expStart,
,,,,,,,,,,,,,,,,,,,,,,,,,,0.02025669999420643,0.03684449999127537,0.03684449999127537,15.587383799953386,space,15.53571920003742,None,,,,,,,,,,,,,,,,,,,,,,0712_1330_CB1_41_2,001,2023-12-07_14h10.54.355,3_End,2023.2.3,59.9918530722542,2023-12-07 14h11.25.274464 +0000,
1,1,cap,capcn,./stims/CritBystanders/cap.jpeg,./stims/CritBystanders/capcn.jpeg,SS,SS_2,,,,,,,,,0,0,0,0,,,,,15.636882000020705,,,,,,,,,15.600994299980812,0.9995667999610305,15.999688699957915,31.587344600004144,[],[],[],[],[],[],,,,,,,,,,,,0712_1330_CB1_41_2,001,2023-12-07_14h10.54.355,3_End,2023.2.3,59.9918530722542,2023-12-07 14h11.25.274464 +0000,
2,1,chessboard,chessboardcn,./stims/CritBystanders/chessboard.jpeg,./stims/CritBystanders/chessboardcn.jpeg,SR,SR_6,,,,,,,,,0,1,1,1,,,,,31.62032729992643,,,,,,,,,31.588201300008222,0.9996408999431878,,43.83749229996465,[0.41388888888888886],[0.5],[1],[0],[0],[12.235638900077902],,,,,,,,,,,,0712_1330_CB1_41_2,001,2023-12-07_14h10.54.355,3_End,2023.2.3,59.9918530722542,2023-12-07 14h11.25.274464 +0000,
3,1,wallet,walletcn,./stims/CritBystanders/wallet.jpeg,./stims/CritBystanders/walletcn.jpeg,RS,RS_6,,,,,,,,,0,2,2,2,,,,,43.870456899981946,,,,,,,,,43.83810029993765,0.9992226000176743,,54.921100699924864,[0.412962962962963],[0.5],[1],[0],[0],[11.065569099970162],,,,,,,,,,,,0712_1330_CB1_41_2,001,2023-12-07_14h10.54.355,3_End,2023.2.3,59.9918530722542,2023-12-07 14h11.25.274464 +0000,
4,1,clipboard,clipboardcn,./stims/CritBystanders/clipboard.jpeg,./stims/CritBystanders/clipboardcn.jpeg,RR,RR_5,,,,,,,,,0,3,3,3,,,,,54.95383769995533,,,,,,,,,54.92169059999287,0.999024499906227,,60.13781270000618,[0.412962962962963],[0.5],[1],[0],[0],[5.199196100002155],,,,,,,,,,,,0712_1330_CB1_41_2,001,2023-12-07_14h10.54.355,3_End,2023.2.3,59.9918530722542,2023-12-07 14h11.25.274464 +0000,
5,2,comb,combcn,./stims/CritBystanders/comb.jpeg,./stims/CritBystanders/combcn.jpeg,RS,RS_5,,,,,,,,,0,4,4,4,,,,,60.170600099954754,,,,,,,,,60.13840319996234,0.9990082000149414,,63.671301499940455,[0.4101851851851852],[0.5],[1],[0],[0],[3.51905500004068],,,,,,,,,,,,0712_1330_CB1_41_2,001,2023-12-07_14h10.54.355,3_End,2023.2.3,59.9918530722542,2023-12-07 14h11.25.274464 +0000,
6,2,electriccord,electriccordcn,./stims/CritBystanders/electriccord.jpeg,./stims/CritBystanders/electriccordcn.jpeg,SS,SS_1,,,,,,,,,0,5,5,5,,,,,63.703897599945776,,,,,,,,,63.671892300015315,1.0155710000544786,,77.38789889996406,[0.4101851851851852],[0.5],[1],[0],[0],[13.702774399891496],,,,,,,,,,,,0712_1330_CB1_41_2,001,2023-12-07_14h10.54.355,3_End,2023.2.3,59.9918530722542,2023-12-07 14h11.25.274464 +0000,
7,2,toiletpaper,toiletpapercn,./stims/CritBystanders/toiletpaper.jpeg,./stims/CritBystanders/toiletpapercn.jpeg,RR,RR_2,,,,,,,,,0,6,6,6,,,,,77.42067030002363,,,,,,,,,77.38843449996784,0.9991348000476137,,84.55471609998494,[0.4101851851851852],[0.5],[1],[0],[0],[7.144501599948853],,,,,,,,,,,,0712_1330_CB1_41_2,001,2023-12-07_14h10.54.355,3_End,2023.2.3,59.9918530722542,2023-12-07 14h11.25.274464 +0000,
8,2,keys,keyscn,./stims/CritBystanders/keys.jpeg,./stims/CritBystanders/keyscn.jpeg,SR,SR_3,,,,,,,,,0,7,7,7,,,,,84.58737900003325,,,,,,,,,84.55529950000346,1.0156489999499172,,97.32141919992864,[0.6166666666666667],[0.5],[1],[0],[0],[12.75229259999469],,,,,,,,,,,,0712_1330_CB1_41_2,001,2023-12-07_14h10.54.355,3_End,2023.2.3,59.9918530722542,2023-12-07 14h11.25.274464 +0000,
9,3,scissors,scissorscn,./stims/CritBystanders/scissors.jpeg,./stims/CritBystanders/scissorscn.jpeg,RR,RR_6,,,,,,,,,0,8,8,8,,,,,97.35415110003669,,,,,,,,,97.32200239994563,0.9990399000234902,,105.07155110000167,[0.6166666666666667],[0.5],[1],[0],[0],[7.735579099971801],,,,,,,,,,,,0712_1330_CB1_41_2,001,2023-12-07_14h10.54.355,3_End,2023.2.3,59.9918530722542,2023-12-07 14h11.25.274464 +0000,
10,3,soccerball,soccerballcn,./stims/CritBystanders/soccerball.jpeg,./stims/CritBystanders/soccerballcn.jpeg,SR,SR_7,,,,,,,,,0,9,9,9,,,,,105.10421439993661,,,,,,,,,105.0721377999289,1.0156355000799522,,112.82154679996893,[0.6166666666666667],[0.5],[1],[0],[0],[7.734954299987294],,,,,,,,,,,,0712_1330_CB1_41_2,001,2023-12-07_14h10.54.355,3_End,2023.2.3,59.9918530722542,2023-12-07 14h11.25.274464 +0000,
11,3,crate,cratecn,./stims/CritBystanders/crate.jpeg,./stims/CritBystanders/cratecn.jpeg,SS,SS_8,,,,,,,,,0,10,10,10,,,,,112.85427809995599,,,,,,,,,112.82213580003008,0.9990270999260247,,117.03834929992445,[0.6166666666666667],[0.5],[1],[0],[0],[4.1993024999974295],,,,,,,,,,,,0712_1330_CB1_41_2,001,2023-12-07_14h10.54.355,3_End,2023.2.3,59.9918530722542,2023-12-07 14h11.25.274464 +0000,
12,3,walkman,walkmancn,./stims/CritBystanders/walkman.jpeg,./stims/CritBystanders/walkmancn.jpeg,RS,RS_2,,,,,,,,,0,11,11,11,,,,,117.07096659997478,,,,,,,,,117.03893000003882,1.0156091999961063,,128.37161699996796,[0.6888888888888889],[0.5],[1],[0],[0],[11.315874900086783],,,,,,,,,,,,0712_1330_CB1_41_2,001,2023-12-07_14h10.54.355,3_End,2023.2.3,59.9918530722542,2023-12-07 14h11.25.274464 +0000,
13,4,computer,computercn,./stims/CritBystanders/computer.jpeg,./stims/CritBystanders/computercn.jpeg,RR,RR_1,,,,,,,,,0,12,12,12,,,,,128.40439149993472,,,,,,,,,128.37214939994738,0.9991157000185922,,141.43829369999003,[0.6731481481481482],[0.4703703703703704],[1],[0],[0],[13.05346689990256],,,,,,,,,,,,0712_1330_CB1_41_2,001,2023-12-07_14h10.54.355,3_End,2023.2.3,59.9918530722542,2023-12-07 14h11.25.274464 +0000,
14,4,cards,cardscn,./stims/CritBystanders/cards.jpeg,./stims/CritBystanders/cardscn.jpeg,RS,RS_1,,,,,,,,,0,13,13,13,,,,,141.47120639996137,,,,,,,,,141.43914000003133,1.015589600079693,,147.35510329995304,[0.6731481481481482],[0.4703703703703704],[1],[0],[0],[5.902761799981818],,,,,,,,,,,,0712_1330_CB1_41_2,001,2023-12-07_14h10.54.355,3_End,2023.2.3,59.9918530722542,2023-12-07 14h11.25.274464 +0000,
15,4,calculator,calculatorcn,./stims/CritBystanders/calculator.jpeg,./stims/CritBystanders/calculatorcn.jpeg,SS,SS_4,,,,,,,,,0,14,14,14,,,,,147.38787380000576,,,,,,,,,147.35570059996098,0.9990569000365213,,157.8219026000006,[0.6731481481481482],[0.4703703703703704],[1],[0],[0],[10.449634599965066],,,,,,,,,,,,0712_1330_CB1_41_2,001,2023-12-07_14h10.54.355,3_End,2023.2.3,59.9918530722542,2023-12-07 14h11.25.274464 +0000,
16,4,telephone,telephonecn,./stims/CritBystanders/telephone.jpeg,./stims/CritBystanders/telephonecn.jpeg,SR,SR_4,,,,,,,,,0,15,15,15,,,,,157.85461799998302,,,,,,,,,157.8224914999446,0.9990235000150278,,161.52195700001903,[0.6731481481481482],[0.4703703703703704],[1],[0],[0],[3.6824004999361932],,,,,,,,,,,,0712_1330_CB1_41_2,001,2023-12-07_14h10.54.355,3_End,2023.2.3,59.9918530722542,2023-12-07 14h11.25.274464 +0000,
17,5,fan,fancn,./stims/CritBystanders/fan.jpeg,./stims/CritBystanders/fancn.jpeg,RR,RR_3,,,,,,,,,0,16,16,16,,,,,161.55464009998832,,,,,,,,,161.5225166999735,0.9990058999974281,,166.80531840003096,[0.6731481481481482],[0.4703703703703704],[1],[0],[0],[5.269458100083284],,,,,,,,,,,,0712_1330_CB1_41_2,001,2023-12-07_14h10.54.355,3_End,2023.2.3,59.9918530722542,2023-12-07 14h11.25.274464 +0000,
18,5,candle,candlecn,./stims/CritBystanders/candle.jpeg,./stims/CritBystanders/candlecn.jpeg,RS,RS_8,,,,,,,,,0,17,17,17,,,,,166.83807599998545,,,,,,,,,166.8058973000152,0.9990304000675678,,175.88878109992947,[0.6731481481481482],[0.4703703703703704],[1],[0],[0],[9.069974299985915],,,,,,,,,,,,0712_1330_CB1_41_2,001,2023-12-07_14h10.54.355,3_End,2023.2.3,59.9918530722542,2023-12-07 14h11.25.274464 +0000,
19,5,bucket,bucketcn,./stims/CritBystanders/bucket.jpeg,./stims/CritBystanders/bucketcn.jpeg,SS,SS_3,,,,,,,,,0,18,18,18,,,,,175.92141980002634,,,,,,,,,175.8893773999298,1.0156239999923855,,189.78887499996927,[0.6731481481481482],[0.4703703703703704],[1],[0],[0],[13.883259100024588],,,,,,,,,,,,0712_1330_CB1_41_2,001,2023-12-07_14h10.54.355,3_End,2023.2.3,59.9918530722542,2023-12-07 14h11.25.274464 +0000,
20,5,peacock,peacockcn,./stims/CritBystanders/peacock.jpeg,./stims/CritBystanders/peacockcn.jpeg,SR,SR_5,,,,,,,,,0,19,19,19,,,,,189.82154989999253,,,,,,,,,189.7894590999931,1.0156242999946699,,198.37217049999163,[0.6611111111111111],[0.487962962962963],[1],[0],[0],[8.563036400009878],,,,,,,,,,,,0712_1330_CB1_41_2,001,2023-12-07_14h10.54.355,3_End,2023.2.3,59.9918530722542,2023-12-07 14h11.25.274464 +0000,
21,6,iron,ironcn,./stims/CritBystanders/iron.jpeg,./stims/CritBystanders/ironcn.jpeg,RR,RR_7,,,,,,,,,0,20,20,20,,,,,198.40492539992556,,,,,,,,,198.37275049998425,0.999101199908182,,203.35547429998405,[0.6611111111111111],[0.487962962962963],[1],[0],[0],[4.9604926001047716],,,,,,,,,,,,0712_1330_CB1_41_2,001,2023-12-07_14h10.54.355,3_End,2023.2.3,59.9918530722542,2023-12-07 14h11.25.274464 +0000,
22,6,chair,chaircn,./stims/CritBystanders/chair.jpeg,./stims/CritBystanders/chaircn.jpeg,SS,SS_6,,,,,,,,,0,21,21,21,,,,,203.3883190000197,,,,,,,,,203.35604999994393,0.9991632000310346,,206.27209440001752,[0.6611111111111111],[0.487962962962963],[1],[0],[0],[2.89955930004362],,,,,,,,,,,,0712_1330_CB1_41_2,001,2023-12-07_14h10.54.355,3_End,2023.2.3,59.9918530722542,2023-12-07 14h11.25.274464 +0000,
23,6,umbrella,umbrellacn,./stims/CritBystanders/umbrella.jpeg,./stims/CritBystanders/umbrellacn.jpeg,RS,RS_4,,,,,,,,,0,22,22,22,,,,,206.30497820000164,,,,,,,,,206.27267869992647,0.9992167999735102,,215.4057425999781,[0.6611111111111111],[0.487962962962963],[1],[0],[0],[9.116469500004314],,,,,,,,,,,,0712_1330_CB1_41_2,001,2023-12-07_14h10.54.355,3_End,2023.2.3,59.9918530722542,2023-12-07 14h11.25.274464 +0000,
24,6,books,bookscn,./stims/CritBystanders/books.jpeg,./stims/CritBystanders/bookscn.jpeg,SR,SR_2,,,,,,,,,0,23,23,23,,,,,215.4383627999341,,,,,,,,,215.40633629995864,1.0156512999674305,,218.7223442000104,[0.6611111111111111],[0.487962962962963],[1],[0],[0],[3.3028643999714404],,,,,,,,,,,,0712_1330_CB1_41_2,001,2023-12-07_14h10.54.355,3_End,2023.2.3,59.9918530722542,2023-12-07 14h11.25.274464 +0000,
25,7,backpack,backpackcn,./stims/CritBystanders/backpack.jpeg,./stims/CritBystanders/backpackcn.jpeg,SR,SR_8,,,,,,,,,0,24,24,24,,,,,218.75510419998318,,,,,,,,,218.72293119993992,0.9990295000607148,,222.97233649995178,[0.6611111111111111],[0.487962962962963],[1],[0],[0],[4.232473099953495],,,,,,,,,,,,0712_1330_CB1_41_2,001,2023-12-07_14h10.54.355,3_End,2023.2.3,59.9918530722542,2023-12-07 14h11.25.274464 +0000,
26,7,guitar,guitarcn,./stims/CritBystanders/guitar.jpeg,./stims/CritBystanders/guitarcn.jpeg,RR,RR_4,,,,,,,,,0,25,25,25,,,,,223.00510579999536,,,,,,,,,222.97286829992663,0.9991336000384763,,232.0727643999271,[0.649074074074074],[0.5],[1],[0],[0],[9.08173470001202],,,,,,,,,,,,0712_1330_CB1_41_2,001,2023-12-07_14h10.54.355,3_End,2023.2.3,59.9918530722542,2023-12-07 14h11.25.274464 +0000,
27,7,shoes,shoescn,./stims/CritBystanders/shoes.jpeg,./stims/CritBystanders/shoescn.jpeg,RS,RS_7,,,,,,,,,0,26,26,26,,,,,232.10523320001084,,,,,,,,,232.0733157999348,1.0154272000072524,,237.4725208999589,[0.6481481481481481],[0.5],[1],[0],[0],[5.383956100093201],,,,,,,,,,,,0712_1330_CB1_41_2,001,2023-12-07_14h10.54.355,3_End,2023.2.3,59.9918530722542,2023-12-07 14h11.25.274464 +0000,
28,7,video,videocn,./stims/CritBystanders/video.jpeg,./stims/CritBystanders/videocn.jpeg,SS,SS_7,,,,,,,,,0,27,27,27,,,,,237.5052307000151,,,,,,,,,237.47311140003148,0.9990137000568211,,243.27258540003095,[0.6314814814814815],[0.5],[1],[0],[0],[5.785304100019857],,,,,,,,,,,,0712_1330_CB1_41_2,001,2023-12-07_14h10.54.355,3_End,2023.2.3,59.9918530722542,2023-12-07 14h11.25.274464 +0000,
29,8,coffeemug,coffeemugcn,./stims/CritBystanders/coffeemug.jpeg,./stims/CritBystanders/coffeemugcn.jpeg,RS,RS_3,,,,,,,,,0,28,28,28,,,,,243.30528710002545,,,,,,,,,243.27316869993228,1.0156610000412911,,250.68922609998845,[0.6314814814814815],[0.5],[1],[0],[0],[7.3994467000011355],,,,,,,,,,,,0712_1330_CB1_41_2,001,2023-12-07_14h10.54.355,3_End,2023.2.3,59.9918530722542,2023-12-07 14h11.25.274464 +0000,
30,8,stapler,staplercn,./stims/CritBystanders/stapler.jpeg,./stims/CritBystanders/staplercn.jpeg,SR,SR_1,,,,,,,,,0,29,29,29,,,,,250.7219871999696,,,,,,,,,250.68981719994918,0.9990672999992967,,260.3727084000129,[0.6314814814814815],[0.5],[1],[0],[0],[9.666021000011824],,,,,,,,,,,,0712_1330_CB1_41_2,001,2023-12-07_14h10.54.355,3_End,2023.2.3,59.9918530722542,2023-12-07 14h11.25.274464 +0000,
31,8,wastebasket,wastebasketcn,./stims/CritBystanders/wastebasket.jpeg,./stims/CritBystanders/wastebasketcn.jpeg,SS,SS_5,,,,,,,,,0,30,30,30,,,,,260.4054150999291,,,,,,,,,260.3734680999769,1.01551479997579,,265.389212399954,[0.6314814814814815],[0.5],[1],[0],[0],[5.002279300009832],,,,,,,,,,,,0712_1330_CB1_41_2,001,2023-12-07_14h10.54.355,3_End,2023.2.3,59.9918530722542,2023-12-07 14h11.25.274464 +0000,
32,8,watch,watchcn,./stims/CritBystanders/watch.jpeg,./stims/CritBystanders/watchcn.jpeg,RR,RR_8,,,,,,,,,0,31,31,31,,,,,265.4221034999937,,,,,,,,,265.38978640001733,0.9992394000291824,,272.1059043999994,[0.6314814814814815],[0.5],[1],[0],[0],[6.699247300042771],,,,,,,,,,,,0712_1330_CB1_41_2,001,2023-12-07_14h10.54.355,3_End,2023.2.3,59.9918530722542,2023-12-07 14h11.25.274464 +0000,
,,,,,,,,1,1,pan,pancn,./stims/AcqBystanders/pan.jpeg,./stims/AcqBystanders/pancn.jpeg,SS,SS_2,,,,,0,0,0,0,272.1558189999778,,,,,,,,,,,,,,,,,,,272.1152939000167,0.9992521000094712,278.93943979998585,[0.6314814814814815],[0.5],[1],[0],[0],[6.800513599999249],,,0712_1330_CB1_41_2,001,2023-12-07_14h10.54.355,3_End,2023.2.3,59.9918530722542,2023-12-07 14h11.25.274464 +0000,
,,,,,,,,2,1,lightbulb,lightbulbcn,./stims/AcqBystanders/lightbulb.jpeg,./stims/AcqBystanders/lightbulbcn.jpeg,SR,SR_3,,,,,0,1,1,1,279.05589800002053,,,,,,,,,,,,,,,,,,,278.94025660003535,1.015492400038056,290.3061451999238,[0.6314814814814815],[0.5],[1],[0],[0],[11.257368299993686],,,0712_1330_CB1_41_2,001,2023-12-07_14h10.54.355,3_End,2023.2.3,59.9918530722542,2023-12-07 14h11.25.274464 +0000,
,,,,,,,,3,1,shampoo,shampoocn,./stims/AcqBystanders/shampoo.jpeg,./stims/AcqBystanders/shampoocn.jpeg,RS,RS_4,,,,,0,2,2,2,290.35617289994843,,,,,,,,,,,,,,,,,,,290.30671859998256,0.9991249999729916,297.12301440001465,[0.6314814814814815],[0.5],[1],[0],[0],[6.784520699991845],,,0712_1330_CB1_41_2,001,2023-12-07_14h10.54.355,3_End,2023.2.3,59.9918530722542,2023-12-07 14h11.25.274464 +0000,
,,,,,,,,4,1,mandms,mandmscn,./stims/AcqBystanders/mandms.jpeg,./stims/AcqBystanders/mandmscn.jpeg,RR,RR_2,,,,,0,3,3,3,297.1556575000286,,,,,,,,,,,,,,,,,,,297.1235936000012,1.0156318999361247,306.122971600038,[0.6314814814814815],[0.5],[1],[0],[0],[8.9827180999564],,,0712_1330_CB1_41_2,001,2023-12-07_14h10.54.355,3_End,2023.2.3,59.9918530722542,2023-12-07 14h11.25.274464 +0000,
,,,,,,,,5,1,sheet,sheetcn,./stims/AcqBystanders/sheet.jpeg,./stims/AcqBystanders/sheetcn.jpeg,RS,RS_3,,,,,0,4,4,4,306.15574459999334,,,,,,,,,,,,,,,,,,,306.1235569999553,0.9990912999492139,311.4397563999519,[0.6361111111111111],[0.5],[1],[0],[0],[5.301407000049949],,,0712_1330_CB1_41_2,001,2023-12-07_14h10.54.355,3_End,2023.2.3,59.9918530722542,2023-12-07 14h11.25.274464 +0000,
,,,,,,,,6,1,bottle,bottlecn,./stims/AcqBystanders/bottle.jpeg,./stims/AcqBystanders/bottlecn.jpeg,SS,SS_1,,,,,0,5,5,5,311.4724874999374,,,,,,,,,,,,,,,,,,,311.4403497999301,1.0157092000590637,319.3232163999928,[0.6361111111111111],[0.5],[1],[0],[0],[7.865724100032821],,,0712_1330_CB1_41_2,001,2023-12-07_14h10.54.355,3_End,2023.2.3,59.9918530722542,2023-12-07 14h11.25.274464 +0000,
,,,,,,,,7,1,trunk,trunkcn,./stims/AcqBystanders/trunk.jpeg,./stims/AcqBystanders/trunkcn.jpeg,SR,SR_1,,,,,0,6,6,6,319.35584069998004,,,,,,,,,,,,,,,,,,,319.32379739999305,1.015595500008203,326.3731027999893,[0.6361111111111111],[0.5],[1],[0],[0],[7.032766600023024],,,0712_1330_CB1_41_2,001,2023-12-07_14h10.54.355,3_End,2023.2.3,59.9918530722542,2023-12-07 14h11.25.274464 +0000,
,,,,,,,,8,1,can,cancn,./stims/AcqBystanders/can.jpeg,./stims/AcqBystanders/cancn.jpeg,RR,RR_3,,,,,0,7,7,7,326.40592910000123,,,,,,,,,,,,,,,,,,,326.3736390999984,0.9991444000042975,333.72324399999343,[0.6361111111111111],[0.5],[1],[0],[0],[7.335981499985792],,,0712_1330_CB1_41_2,001,2023-12-07_14h10.54.355,3_End,2023.2.3,59.9918530722542,2023-12-07 14h11.25.274464 +0000,
,,,,,,,,9,1,towel,towelcn,./stims/AcqBystanders/towel.jpeg,./stims/AcqBystanders/towelcn.jpeg,RS,RS_1,,,,,0,8,8,8,333.7559676999226,,,,,,,,,,,,,,,,,,,333.7238306000363,1.015678400057368,338.2732449999312,[0.6370370370370371],[0.5],[1],[0],[0],[4.532651400077157],,,0712_1330_CB1_41_2,001,2023-12-07_14h10.54.355,3_End,2023.2.3,59.9918530722542,2023-12-07 14h11.25.274464 +0000,
,,,,,,,,10,1,fireextinguisher,fireextinguishercn,./stims/AcqBystanders/fireextinguisher.jpeg,./stims/AcqBystanders/fireextinguishercn.jpeg,RR,RR_1,,,,,0,9,9,9,338.30598930001725,,,,,,,,,,,,,,,,,,,338.27382699993905,0.9990103000309318,342.4067414000165,[0.6462962962962963],[0.5],[1],[0],[0],[4.1150853000581264],,,0712_1330_CB1_41_2,001,2023-12-07_14h10.54.355,3_End,2023.2.3,59.9918530722542,2023-12-07 14h11.25.274464 +0000,
,,,,,,,,11,1,passport,passportcn,./stims/AcqBystanders/passport.jpeg,./stims/AcqBystanders/passportcn.jpeg,SS,SS_3,,,,,0,10,10,10,342.43934849998914,,,,,,,,,,,,,,,,,,,342.4073148999596,1.015687899896875,358.42284070001915,[],[],[],[],[],[],,,0712_1330_CB1_41_2,001,2023-12-07_14h10.54.355,3_End,2023.2.3,59.9918530722542,2023-12-07 14h11.25.274464 +0000,
,,,,,,,,12,1,headphones,headphonescn,./stims/AcqBystanders/headphones.jpeg,./stims/AcqBystanders/headphonescn.jpeg,SR,SR_2,,,,,0,11,11,11,358.4561590999365,,,,,,,,,,,,,,,,,,,358.423380299937,0.9990969999926165,367.7068236999912,[0.6129629629629629],[0.5],[1],[0],[0],[9.270113600068726],,,0712_1330_CB1_41_2,001,2023-12-07_14h10.54.355,3_End,2023.2.3,59.9918530722542,2023-12-07 14h11.25.274464 +0000,
,,,,,,,,13,1,perfume,perfumecn,./stims/AcqBystanders/perfume.jpeg,./stims/AcqBystanders/perfumecn.jpeg,SR,SR_4,,,,,0,12,12,12,367.7395478999242,,,,,,,,,,,,,,,,,,,367.70741629996337,0.9990600999444723,371.84017009998206,[0.6129629629629629],[0.5],[1],[0],[0],[4.115384100005031],,,0712_1330_CB1_41_2,001,2023-12-07_14h10.54.355,3_End,2023.2.3,59.9918530722542,2023-12-07 14h11.25.274464 +0000,
,,,,,,,,14,1,cup,cupcn,./stims/AcqBystanders/cup.jpeg,./stims/AcqBystanders/cupcn.jpeg,RS,RS_2,,,,,0,13,13,13,371.95665279997047,,,,,,,,,,,,,,,,,,,371.84075999993365,0.9990187999792397,378.9735436999472,[0.6129629629629629],[0.5],[1],[0],[0],[7.0274404000956565],,,0712_1330_CB1_41_2,001,2023-12-07_14h10.54.355,3_End,2023.2.3,59.9918530722542,2023-12-07 14h11.25.274464 +0000,
,,,,,,,,,,,,,,,,,,,,,,,,,,,,,,,,,,,,,,,,,,,,,,,,,,,,378.9739873999497,378.98963500000536,,,,,,,,
