﻿pre_image3,pre_keys3,pre_buttons3,pre_text3,pre_position_btn3,RATING_PRAC.thisRepN,RATING_PRAC.thisTrialN,RATING_PRAC.thisN,RATING_PRAC.thisIndex,randomise.thisRepN,randomise.thisTrialN,randomise.thisN,randomise.thisIndex,trials_2.thisRepN,trials_2.thisTrialN,trials_2.thisN,trials_2.thisIndex,trials_3.thisRepN,trials_3.thisTrialN,trials_3.thisN,trials_3.thisIndex,USrate.thisRepN,USrate.thisTrialN,USrate.thisN,USrate.thisIndex,trials_4.thisRepN,trials_4.thisTrialN,trials_4.thisN,trials_4.thisIndex,byst_trials.thisRepN,byst_trials.thisTrialN,byst_trials.thisN,byst_trials.thisIndex,thisRow.t,notes,INSTR.started,instruct1.started,ok1.started,INSTR.stopped,ok1.keys,ok1.rt,ok1.duration,RATING_INTRO.started,instruct1_3.started,ok1_3.started,RATING_INTRO.stopped,ok1_3.keys,ok1_3.rt,ok1_3.duration,FILL_EXP.started,expect_txt.started,exp_resp_fill.started,star_3.started,expect_rating.started,FILL_EXP.stopped,slider_3.response,slider_3.history,exp_resp_fill.keys,exp_resp_fill.rt,exp_resp_fill.duration,FILL_VAL.started,val_text.started,star.started,SAM_val.started,resp_fill_val.started,FILL_VAL.stopped,resp_fill_val.keys,resp_fill_val.rt,resp_fill_val.duration,FILL_ARSL.started,text_arsl.started,star_2.started,SAM_arsl.started,resp_fill_arsl.started,FILL_ARSL.stopped,resp_fill_arsl.keys,resp_fill_arsl.rt,resp_fill_arsl.duration,CRC_EXP.started,expect_txt_2.started,exp_resp_crc.started,image_4.started,expect_rating_2.started,CRC_EXP.stopped,exp_resp_crc.keys,exp_resp_crc.rt,exp_resp_crc.duration,slider.response,slider.history,CRC_VAL.started,val_text_2.started,image.started,SAM_val_2.started,val_resp_crc.started,CRC_VAL.stopped,val_resp_crc.keys,val_resp_crc.rt,val_resp_crc.duration,CRC_ARSL.started,text_arsl_2.started,image_2.started,SAM_arsl_2.started,arsl_resp_crc.started,CRC_ARSL.stopped,arsl_resp_crc.keys,arsl_resp_crc.rt,arsl_resp_crc.duration,SQ_EXP.started,expect_txt_3.started,exp_resp_sq.started,image_sqr.started,expect_rating_3.started,SQ_EXP.stopped,slider_4.response,slider_4.history,exp_resp_sq.keys,exp_resp_sq.rt,exp_resp_sq.duration,SQ_VAL.started,val_text_3.started,image_sqr_2.started,SAM_val_3.started,val_resp_sq.started,SQ_VAL.stopped,val_resp_sq.keys,val_resp_sq.rt,val_resp_sq.duration,SQ_ARSL.started,text_arsl_3.started,image_sqr_3.started,SAM_arsl_3.started,arsl_resp_sq.started,SQ_ARSL.stopped,arsl_resp_sq.keys,arsl_resp_sq.rt,arsl_resp_sq.duration,US_INTRO.started,instruct1_2.started,ok1_2.started,US_INTRO.stopped,ok1_2.keys,ok1_2.rt,ok1_2.duration,US.started,p_port.started,p_port.stopped,US.stopped,ITI_3s.started,iti_3.started,iti_3.stopped,ITI_3s.stopped,US_VAL.started,val_text_4.started,SAM_val_4.started,val_resp_US.started,US_VAL.stopped,val_resp_US.keys,val_resp_US.rt,val_resp_US.duration,US_ARSL.started,text_arsl_4.started,arsl_resp_US.started,SAM_arsl_4.started,US_ARSL.stopped,arsl_resp_US.keys,arsl_resp_US.rt,arsl_resp_US.duration,BYST_INTRO.started,text.started,ok1_11.started,BYST_INTRO.stopped,ok1_11.keys,ok1_11.rt,ok1_11.duration,BYST_PRAC.started,txt.started,image_3.started,byst_resp.started,buttons_.started,BYST_PRAC.stopped,byst_resp.keys,byst_resp.rt,byst_resp.duration,ITI_1S.started,ITI_1S.stopped,DONE.started,PRACTICE_PHASE_COMPLETE__.started,participant,session,date,expName,psychopyVersion,frameRate,expStart,
,,,,,,,,,,,,,,,,,,,,,,,,,,,,,,,,,,,0.009603100013919175,0.025104800006374717,0.025104800006374717,457.6124600999756,b,457.5773570999736,None,,,,,,,,,,,,,,,,,,,,,,,,,,,,,,,,,,,,,,,,,,,,,,,,,,,,,,,,,,,,,,,,,,,,,,,,,,,,,,,,,,,,,,,,,,,,,,,,,,,,,,,,,,,,,,,,,,,,,,,,,,,,,,,,,,,,,,,,,,,,,,,,,,0712_1330_CB1_41_2,001,2023-12-07_12h13.39.160,PreAcq,2023.2.3,59.98944188957158,2023-12-07 13h35.16.052388 +0000,
,,,,,,,,,,,,,,,,,,,,,,,,,,,,,,,,,,,,,,,,,,457.6124873000663,457.6283084000461,457.6283084000461,465.1123244999908,space,7.478090099990368,None,,,,,,,,,,,,,,,,,,,,,,,,,,,,,,,,,,,,,,,,,,,,,,,,,,,,,,,,,,,,,,,,,,,,,,,,,,,,,,,,,,,,,,,,,,,,,,,,,,,,,,,,,,,,,,,,,,,,,,,,,,,,,,,,,,,,,,,,,,,0712_1330_CB1_41_2,001,2023-12-07_12h13.39.160,PreAcq,2023.2.3,59.98944188957158,2023-12-07 13h35.16.052388 +0000,
,,,,,0,0,0,0,0,0,0,0,0,0,0,0,,,,,,,,,,,,,,,,,483.02848440001253,,,,,,,,,,,,,,,,465.1129258000292,465.14503410004545,465.14503410004545,466.6117476000218,467.61174199997913,471.38124740007333,None,[],3,6.233035899931565,None,471.3818128000712,471.3951123000588,472.8951048000017,473.8951027999865,473.8951027999865,476.36234059999697,1,2.452100299997255,None,476.3626983000431,476.378436399973,477.86180950002745,478.86182530003134,478.86182530003134,483.0124313000124,8,4.140569500043057,None,483.01363729999866,483.02848440001253,483.02848440001253,484.5118686000351,485.51188890007325,487.6647865000414,3,4.630248999921605,None,None,[],487.6653342000209,487.6785381999798,489.1785837999778,490.1785827999702,490.1785827999702,493.2457462999737,2,3.0559585000155494,None,493.2461078000488,493.26194240001496,494.745253500063,495.745278300019,495.745278300019,501.4793940000236,6,5.728542800061405,None,,,,,,,,,,,,,,,,,,,,,,,,,,,,,,,,,,,,,,,,,,,,,,,,,,,,,,,,,,,,,,,,,,,,,,,,,,,,,,,,,0712_1330_CB1_41_2,001,2023-12-07_12h13.39.160,PreAcq,2023.2.3,59.98944188957158,2023-12-07 13h35.16.052388 +0000,
,,,,,0,0,0,0,0,0,0,0,,,,,0,0,0,0,,,,,,,,,,,,,501.4953211999964,,,,,,,,,,,,,,,,,,,,,,,,,,,,,,,,,,,,,,,,,,,,,,,,,,,,,,,,,,,,,,,,,,,,,,,,,,501.48034450004343,501.4953211999964,501.4953211999964,502.99533710000105,503.99533250008244,505.7147338000359,None,[],3,4.211088299984112,None,505.7152877000626,505.7286817000713,507.2287081000395,508.22869070002344,508.22869070002344,512.5793184000067,4,4.341153400018811,None,512.5797366000479,512.5954291999806,514.0787352999905,515.0787438000552,515.0787438000552,519.5460870000534,7,4.451161399949342,None,,,,,,,,,,,,,,,,,,,,,,,,,,,,,,,,,,,,,,,,,,,,,,,,,,,,0712_1330_CB1_41_2,001,2023-12-07_12h13.39.160,PreAcq,2023.2.3,59.98944188957158,2023-12-07 13h35.16.052388 +0000,
,,,,,0,0,0,0,0,0,0,0,,,,,,,,,,,,,,,,,,,,,,,,,,,,,,,,,,,,,,,,,,,,,,,,,,,,,,,,,,,,,,,,,,,,,,,,,,,,,,,,,,,,,,,,,,,,,,,,,,,,,,,,,,,,,,,,,,,,,,,,,,,,,,,,,,,,,,,,,,,,,,,,,,,,,,,,,,,,,,,,,,,,,,,,,,,,,,,0712_1330_CB1_41_2,001,2023-12-07_12h13.39.160,PreAcq,2023.2.3,59.98944188957158,2023-12-07 13h35.16.052388 +0000,
,,,,,0,0,0,0,,,,,,,,,,,,,,,,,,,,,,,,,,,,,,,,,,,,,,,,,,,,,,,,,,,,,,,,,,,,,,,,,,,,,,,,,,,,,,,,,,,,,,,,,,,,,,,,,,,,,,,,,,,,,,,,,,,,,,,,,,,,,,,,,,,,,,,,,,,,,,,,,,,,,,,,,,,,,,,,,,,,,,,,,,,,,,,,,,,0712_1330_CB1_41_2,001,2023-12-07_12h13.39.160,PreAcq,2023.2.3,59.98944188957158,2023-12-07 13h35.16.052388 +0000,
,,,,,,,,,,,,,,,,,,,,,,,,,,,,,,,,,,,519.5465981999878,519.5620990999741,519.5620990999741,542.2961458000354,space,22.728478000033647,None,,,,,,,,,,,,,,,,,,,,,,,,,,,,,,,,,,,,,,,,,,,,,,,,,,,,,,,,,,,,,,,,,,,,,,,,,,,,,,,,,,,,,,,,,,,,,,,,,,,,,,,,,,,,,,,,,,,,,,,,,,,,,,,,,,,,,,,,,,,,,,,,,,0712_1330_CB1_41_2,001,2023-12-07_12h13.39.160,PreAcq,2023.2.3,59.98944188957158,2023-12-07 13h35.16.052388 +0000,
,,,,,,,,,,,,,,,,,,,,,,,,,,,,,,,,,,,,,,,,,,,,,,,,,,,,,,,,,,,,,,,,,,,,,,,,,,,,,,,,,,,,,,,,,,,,,,,,,,,,,,,,,,,,,,,,,,,,,,,,,,,,,,,,,,,,,,,,542.2961668000789,542.312290300033,542.312290300033,547.9962879000232,space,5.681951200007461,None,,,,,,,,,,,,,,,,,,,,,,,,,,,,,,,,,,,,,,,,,,,,,0712_1330_CB1_41_2,001,2023-12-07_12h13.39.160,PreAcq,2023.2.3,59.98944188957158,2023-12-07 13h35.16.052388 +0000,
,,,,,,,,,,,,,,,,,,,,,0,0,0,0,,,,,,,,,548.0123333000811,,,,,,,,,,,,,,,,,,,,,,,,,,,,,,,,,,,,,,,,,,,,,,,,,,,,,,,,,,,,,,,,,,,,,,,,,,,,,,,,,,,,,,,,,,,,,,,,,,,,,,,,,,,,,,547.9967853999697,2.999355100095272,3.0993977000471205,551.0958977000555,551.0959081000183,551.1123791000573,554.112403200008,554.0960796000436,554.0960915000178,554.112403200008,556.5957701000152,556.5957701000152,559.9628719000611,7,3.3585833000252023,None,559.9632426999742,559.9790919000516,562.4624602000695,562.4624602000695,564.2129829999758,5,1.7474742999766022,None,,,,,,,,,,,,,,,,,,,,,0712_1330_CB1_41_2,001,2023-12-07_12h13.39.160,PreAcq,2023.2.3,59.98944188957158,2023-12-07 13h35.16.052388 +0000,
,,,,,,,,,,,,,,,,,,,,,,,,,,,,,,,,,,,564.213399500004,564.2291408000747,564.2291408000747,601.3799956999719,space,37.14957140001934,None,,,,,,,,,,,,,,,,,,,,,,,,,,,,,,,,,,,,,,,,,,,,,,,,,,,,,,,,,,,,,,,,,,,,,,,,,,,,,,,,,,,,,,,,,,,,,,,,,,,,,,,,,,,,,,,,,,,,,,,,,,,,,,,,,,,,,,,,,,,,,,,,,,0712_1330_CB1_41_2,001,2023-12-07_12h13.39.160,PreAcq,2023.2.3,59.98944188957158,2023-12-07 13h35.16.052388 +0000,
,,,,,,,,,,,,,,,,,,,,,,,,,,,,,,,,,,,,,,,,,,,,,,,,,,,,,,,,,,,,,,,,,,,,,,,,,,,,,,,,,,,,,,,,,,,,,,,,,,,,,,,,,,,,,,,,,,,,,,,,,,,,,,,,,,,,,,,,,,,,,,,,,,,,,,,,,,,,,,,,,,,,,,,601.3803437000606,601.3960921000689,601.3960921000689,659.0470063000685,space,57.64663770003244,None,,,,,,,,,,,,,,0712_1330_CB1_41_2,001,2023-12-07_12h13.39.160,PreAcq,2023.2.3,59.98944188957158,2023-12-07 13h35.16.052388 +0000,
./stims/PreAcqBystanders/laptop.jpeg,"1', '2'"," (1)          (2)
  yes           no   ",seen before?,"(0, -0.5)",,,,,,,,,,,,,,,,,,,,,,,,,0,0,0,0,659.8140154000139,,,,,,,,,,,,,,,,,,,,,,,,,,,,,,,,,,,,,,,,,,,,,,,,,,,,,,,,,,,,,,,,,,,,,,,,,,,,,,,,,,,,,,,,,,,,,,,,,,,,,,,,,,,,,,,,,,,,,,,,,,,,,,,,,,,,,,,,,,,,,659.1429822000209,659.8140154000139,659.8140154000139,659.8140154000139,659.8140154000139,662.1638757999754,1,2.347959699924104,None,662.1642974000424,662.164652800071,,,0712_1330_CB1_41_2,001,2023-12-07_12h13.39.160,PreAcq,2023.2.3,59.98944188957158,2023-12-07 13h35.16.052388 +0000,
./stims/PreAcqBystanders/banknote.jpeg,"1', '2'"," (1)          (2)
  yes           no   ",seen before?,"(0, -0.5)",,,,,,,,,,,,,,,,,,,,,,,,,0,1,1,1,662.2137226000195,,,,,,,,,,,,,,,,,,,,,,,,,,,,,,,,,,,,,,,,,,,,,,,,,,,,,,,,,,,,,,,,,,,,,,,,,,,,,,,,,,,,,,,,,,,,,,,,,,,,,,,,,,,,,,,,,,,,,,,,,,,,,,,,,,,,,,,,,,,,,662.1648732000031,662.2137226000195,662.6798642000649,662.6798642000649,662.6798642000649,665.99718820001,2,3.3140035999240354,None,665.9974473000038,665.9976877999725,,,0712_1330_CB1_41_2,001,2023-12-07_12h13.39.160,PreAcq,2023.2.3,59.98944188957158,2023-12-07 13h35.16.052388 +0000,
./stims/PreAcqBystanders/rubix.jpeg,"1', '2'"," (1)          (2)
  yes           no   ",seen before?,"(0, -0.5)",,,,,,,,,,,,,,,,,,,,,,,,,0,2,2,2,666.6308506000787,,,,,,,,,,,,,,,,,,,,,,,,,,,,,,,,,,,,,,,,,,,,,,,,,,,,,,,,,,,,,,,,,,,,,,,,,,,,,,,,,,,,,,,,,,,,,,,,,,,,,,,,,,,,,,,,,,,,,,,,,,,,,,,,,,,,,,,,,,,,,665.9979164999677,666.6308506000787,666.6308506000787,666.6308506000787,666.6308506000787,668.8137465000618,1,2.1715737000340596,None,668.8140086000785,668.8141996000195,,,0712_1330_CB1_41_2,001,2023-12-07_12h13.39.160,PreAcq,2023.2.3,59.98944188957158,2023-12-07 13h35.16.052388 +0000,
./stims/PreAcqBystanders/toothbrush.jpeg,"1', '2'"," (1)          (2)
  yes           no   ",seen before?,"(0, -0.5)",,,,,,,,,,,,,,,,,,,,,,,,,0,3,3,3,668.8637786000036,,,,,,,,,,,,,,,,,,,,,,,,,,,,,,,,,,,,,,,,,,,,,,,,,,,,,,,,,,,,,,,,,,,,,,,,,,,,,,,,,,,,,,,,,,,,,,,,,,,,,,,,,,,,,,,,,,,,,,,,,,,,,,,,,,,,,,,,,,,,,668.8143891000655,668.8637786000036,669.313245599973,669.313245599973,669.313245599973,671.9474220999982,2,2.6333422999596223,None,671.9477364000631,671.947964400053,,,0712_1330_CB1_41_2,001,2023-12-07_12h13.39.160,PreAcq,2023.2.3,59.98944188957158,2023-12-07 13h35.16.052388 +0000,
./stims/PreAcqBystanders/teapot.jpeg,"1', '2'"," (1)          (2)
  yes           no   ",seen before?,"(0, -0.5)",,,,,,,,,,,,,,,,,,,,,,,,,0,4,4,4,672.5810165000148,,,,,,,,,,,,,,,,,,,,,,,,,,,,,,,,,,,,,,,,,,,,,,,,,,,,,,,,,,,,,,,,,,,,,,,,,,,,,,,,,,,,,,,,,,,,,,,,,,,,,,,,,,,,,,,,,,,,,,,,,,,,,,,,,,,,,,,,,,,,,671.9481827999698,672.5810165000148,672.5810165000148,672.5810165000148,672.5810165000148,675.2473361999728,1,2.661832300014794,None,675.2476086000679,675.2478428999893,,,0712_1330_CB1_41_2,001,2023-12-07_12h13.39.160,PreAcq,2023.2.3,59.98944188957158,2023-12-07 13h35.16.052388 +0000,
./stims/PreAcqBystanders/easle.jpeg,"1', '2'"," (1)          (2)
  yes           no   ",seen before?,"(0, -0.5)",,,,,,,,,,,,,,,,,,,,,,,,,0,5,5,5,675.4466311000288,,,,,,,,,,,,,,,,,,,,,,,,,,,,,,,,,,,,,,,,,,,,,,,,,,,,,,,,,,,,,,,,,,,,,,,,,,,,,,,,,,,,,,,,,,,,,,,,,,,,,,,,,,,,,,,,,,,,,,,,,,,,,,,,,,,,,,,,,,,,,675.2480672000675,675.4466311000288,675.7633246000623,675.7633246000623,675.7633246000623,678.047229400021,2,2.2790572999510914,None,678.0475066000363,678.0477489000186,,,0712_1330_CB1_41_2,001,2023-12-07_12h13.39.160,PreAcq,2023.2.3,59.98944188957158,2023-12-07 13h35.16.052388 +0000,
,,,,,,,,,,,,,,,,,,,,,,,,,,,,,,,,,,,,,,,,,,,,,,,,,,,,,,,,,,,,,,,,,,,,,,,,,,,,,,,,,,,,,,,,,,,,,,,,,,,,,,,,,,,,,,,,,,,,,,,,,,,,,,,,,,,,,,,,,,,,,,,,,,,,,,,,,,,,,,,,,,,,,,,,,,,,,,,,,,,,,,,,,678.0477951000212,678.0632984000258,,,,,,,,
