﻿order_ext,blk_ext,bystander_ext,test_item_ext,bystander_loc_ext,test_item_loc_ext,trial_type_ext,itemNo_ext,order_cond_acq,blk_cond_acq,bystander_cond_acq,test_item_cond_acq,bystander_loc_cond_acq,test_item_loc_cond_acq,trial_type_cond_acq,itemNo_cond_acq,trials.thisRepN,trials.thisTrialN,trials.thisN,trials.thisIndex,trials_2.thisRepN,trials_2.thisTrialN,trials_2.thisN,trials_2.thisIndex,thisRow.t,notes,INSTRUCTION.started,instruct1.started,ok1.started,INSTRUCTION.stopped,ok1.keys,ok1.rt,ok1.duration,END_EXT.started,mouse_ext.started,END_EXT.stopped,mouse_ext.x,mouse_ext.y,mouse_ext.leftButton,mouse_ext.midButton,mouse_ext.rightButton,mouse_ext.time,mouse_ext.stopped,END_ACQ.started,mouse_cond.started,END_ACQ.stopped,mouse_cond.x,mouse_cond.y,mouse_cond.leftButton,mouse_cond.midButton,mouse_cond.rightButton,mouse_cond.time,mouse_cond.stopped,thanks.started,thanksMsg.started,participant,session,date,expName,psychopyVersion,frameRate,expStart,
,,,,,,,,,,,,,,,,,,,,,,,,,,0.012345100054517388,0.028954200097359717,0.028954200097359717,14.612984800012782,g,14.578920100000687,None,,,,,,,,,,,,,,,,,,,,,,,0712_1100_CB2_40_2,001,2023-12-07_11h39.07.629,3_End,2023.2.3,60.00762097000655,2023-12-07 11h39.22.661599 +0000,
1,1,cap,capcn,./stims/CritBystanders/cap.jpeg,./stims/CritBystanders/toiletpapercn.jpeg,SS,SS_2,,,,,,,,,0,0,0,0,,,,,14.66232130001299,,,,,,,,,14.626574200112373,0.9994014999829233,19.013151700026356,[0.887962962962963],[0.5],[1],[0],[0],[4.357088700053282],,,,,,,,,,,,,,0712_1100_CB2_40_2,001,2023-12-07_11h39.07.629,3_End,2023.2.3,60.00762097000655,2023-12-07 11h39.22.661599 +0000,
2,1,chessboard,chessboardcn,./stims/CritBystanders/chessboard.jpeg,./stims/CritBystanders/chaircn.jpeg,SR,SR_6,,,,,,,,,0,1,1,1,,,,,19.04574010008946,,,,,,,,,19.014176600030623,1.0151960999937728,23.19643840007484,[0.887962962962963],[0.5],[1],[0],[0],[4.169255900080316],,,,,,,,,,,,,,0712_1100_CB2_40_2,001,2023-12-07_11h39.07.629,3_End,2023.2.3,60.00762097000655,2023-12-07 11h39.22.661599 +0000,
3,1,wallet,walletcn,./stims/CritBystanders/wallet.jpeg,./stims/CritBystanders/chessboardcn.jpeg,RS,RS_6,,,,,,,,,0,2,2,2,,,,,23.229088200023398,,,,,,,,,23.197041800012812,1.0155926999868825,28.079737100051716,[0.887962962962963],[0.5],[1],[0],[0],[4.864780199946836],,,,,,,,,,,,,,0712_1100_CB2_40_2,001,2023-12-07_11h39.07.629,3_End,2023.2.3,60.00762097000655,2023-12-07 11h39.22.661599 +0000,
4,1,clipboard,clipboardcn,./stims/CritBystanders/clipboard.jpeg,./stims/CritBystanders/combcn.jpeg,RR,RR_5,,,,,,,,,0,3,3,3,,,,,28.1124712000601,,,,,,,,,28.0803255001083,1.0156850999919698,44.09600970009342,[],[],[],[],[],[],,,,,,,,,,,,,,0712_1100_CB2_40_2,001,2023-12-07_11h39.07.629,3_End,2023.2.3,60.00762097000655,2023-12-07 11h39.22.661599 +0000,
5,2,comb,combcn,./stims/CritBystanders/comb.jpeg,./stims/CritBystanders/peacockcn.jpeg,RS,RS_5,,,,,,,,,0,4,4,4,,,,,44.129240500042215,,,,,,,,,44.096653400105424,0.999185899971053,47.296487600076944,[0.887962962962963],[0.5],[1],[0],[0],[3.1860230000456795],,,,,,,,,,,,,,0712_1100_CB2_40_2,001,2023-12-07_11h39.07.629,3_End,2023.2.3,60.00762097000655,2023-12-07 11h39.22.661599 +0000,
6,2,electriccord,electriccordcn,./stims/CritBystanders/electriccord.jpeg,./stims/CritBystanders/computercn.jpeg,SS,SS_1,,,,,,,,,0,5,5,5,,,,,47.32927770004608,,,,,,,,,47.2971226000227,0.9991990000708029,60.71329930005595,[0.887962962962963],[0.5],[1],[0],[0],[13.403884800034575],,,,,,,,,,,,,,0712_1100_CB2_40_2,001,2023-12-07_11h39.07.629,3_End,2023.2.3,60.00762097000655,2023-12-07 11h39.22.661599 +0000,
7,2,toiletpaper,toiletpapercn,./stims/CritBystanders/toiletpaper.jpeg,./stims/CritBystanders/walkmancn.jpeg,RR,RR_2,,,,,,,,,0,6,6,6,,,,,60.746027300017886,,,,,,,,,60.713877300033346,0.9990519999992102,65.94669510005042,[0.887962962962963],[0.5],[1],[0],[0],[5.214875599951483],,,,,,,,,,,,,,0712_1100_CB2_40_2,001,2023-12-07_11h39.07.629,3_End,2023.2.3,60.00762097000655,2023-12-07 11h39.22.661599 +0000,
8,2,keys,keyscn,./stims/CritBystanders/keys.jpeg,./stims/CritBystanders/bucketcn.jpeg,SR,SR_3,,,,,,,,,0,7,7,7,,,,,65.97939340001903,,,,,,,,,65.94728370010853,0.9990234000142664,70.68023790000007,[0.887962962962963],[0.5],[1],[0],[0],[4.716566999908537],,,,,,,,,,,,,,0712_1100_CB2_40_2,001,2023-12-07_11h39.07.629,3_End,2023.2.3,60.00762097000655,2023-12-07 11h39.22.661599 +0000,
9,3,scissors,scissorscn,./stims/CritBystanders/scissors.jpeg,./stims/CritBystanders/walletcn.jpeg,RR,RR_6,,,,,,,,,0,8,8,8,,,,,70.7127825000789,,,,,,,,,70.68082170002162,1.015569300041534,86.69634220004082,[],[],[],[],[],[],,,,,,,,,,,,,,0712_1100_CB2_40_2,001,2023-12-07_11h39.07.629,3_End,2023.2.3,60.00762097000655,2023-12-07 11h39.22.661599 +0000,
10,3,soccerball,soccerballcn,./stims/CritBystanders/soccerball.jpeg,./stims/CritBystanders/videocn.jpeg,SR,SR_7,,,,,,,,,0,9,9,9,,,,,86.72959950007498,,,,,,,,,86.69691540009808,1.015706600039266,90.26350670005195,[0.887962962962963],[0.5],[1],[0],[0],[3.553008700022474],,,,,,,,,,,,,,0712_1100_CB2_40_2,001,2023-12-07_11h39.07.629,3_End,2023.2.3,60.00762097000655,2023-12-07 11h39.22.661599 +0000,
11,3,crate,cratecn,./stims/CritBystanders/crate.jpeg,./stims/CritBystanders/watchcn.jpeg,SS,SS_8,,,,,,,,,0,10,10,10,,,,,90.29625170002691,,,,,,,,,90.26406960003078,0.9990894000511616,94.53023820009548,[0.887962962962963],[0.5],[1],[0],[0],[4.2530596000142395],,,,,,,,,,,,,,0712_1100_CB2_40_2,001,2023-12-07_11h39.07.629,3_End,2023.2.3,60.00762097000655,2023-12-07 11h39.22.661599 +0000,
12,3,walkman,walkmancn,./stims/CritBystanders/walkman.jpeg,./stims/CritBystanders/bookscn.jpeg,RS,RS_2,,,,,,,,,0,11,11,11,,,,,94.5629352000542,,,,,,,,,94.53075140004512,0.9991027999203652,98.71345930011012,[0.887962962962963],[0.5],[1],[0],[0],[4.16681049996987],,,,,,,,,,,,,,0712_1100_CB2_40_2,001,2023-12-07_11h39.07.629,3_End,2023.2.3,60.00762097000655,2023-12-07 11h39.22.661599 +0000,
13,4,computer,computercn,./stims/CritBystanders/computer.jpeg,./stims/CritBystanders/cardscn.jpeg,RR,RR_1,,,,,,,,,0,12,12,12,,,,,98.74632570007816,,,,,,,,,98.71402740001213,0.9991991999559104,102.39690360007808,[0.887962962962963],[0.5],[1],[0],[0],[3.6697625999804586],,,,,,,,,,,,,,0712_1100_CB2_40_2,001,2023-12-07_11h39.07.629,3_End,2023.2.3,60.00762097000655,2023-12-07 11h39.22.661599 +0000,
14,4,cards,cardscn,./stims/CritBystanders/cards.jpeg,./stims/CritBystanders/staplercn.jpeg,RS,RS_1,,,,,,,,,0,13,13,13,,,,,102.42964600003324,,,,,,,,,102.39748910011258,0.9990557000273839,106.54721320001408,[0.887962962962963],[0.5],[1],[0],[0],[4.133010400109924],,,,,,,,,,,,,,0712_1100_CB2_40_2,001,2023-12-07_11h39.07.629,3_End,2023.2.3,60.00762097000655,2023-12-07 11h39.22.661599 +0000,
15,4,calculator,calculatorcn,./stims/CritBystanders/calculator.jpeg,./stims/CritBystanders/guitarcn.jpeg,SS,SS_4,,,,,,,,,0,14,14,14,,,,,106.57974220009055,,,,,,,,,106.54779430001508,1.015484599978663,110.01364350004587,[0.887962962962963],[0.5],[1],[0],[0],[3.449148900108412],,,,,,,,,,,,,,0712_1100_CB2_40_2,001,2023-12-07_11h39.07.629,3_End,2023.2.3,60.00762097000655,2023-12-07 11h39.22.661599 +0000,
16,4,telephone,telephonecn,./stims/CritBystanders/telephone.jpeg,./stims/CritBystanders/calculatorcn.jpeg,SR,SR_4,,,,,,,,,0,15,15,15,,,,,110.04641430010088,,,,,,,,,110.0142129000742,0.9990664999932051,126.01344090001658,[],[],[],[],[],[],15.99917840003036,,,,,,,,,,,,,0712_1100_CB2_40_2,001,2023-12-07_11h39.07.629,3_End,2023.2.3,60.00762097000655,2023-12-07 11h39.22.661599 +0000,
17,5,fan,fancn,./stims/CritBystanders/fan.jpeg,./stims/CritBystanders/coffeemugcn.jpeg,RR,RR_3,,,,,,,,,0,16,16,16,,,,,126.04648950009141,,,,,,,,,126.01396100001875,0.9992041999939829,129.647134100087,[0.887962962962963],[0.5],[1],[0],[0],[3.61943869991228],,,,,,,,,,,,,,0712_1100_CB2_40_2,001,2023-12-07_11h39.07.629,3_End,2023.2.3,60.00762097000655,2023-12-07 11h39.22.661599 +0000,
18,5,candle,candlecn,./stims/CritBystanders/candle.jpeg,./stims/CritBystanders/backpackcn.jpeg,RS,RS_8,,,,,,,,,0,17,17,17,,,,,129.6798619000474,,,,,,,,,129.64764060010202,0.9991075999569148,138.0138507001102,[0.887962962962963],[0.5],[1],[0],[0],[8.349111199961044],,,,,,,,,,,,,,0712_1100_CB2_40_2,001,2023-12-07_11h39.07.629,3_End,2023.2.3,60.00762097000655,2023-12-07 11h39.22.661599 +0000,
19,5,bucket,bucketcn,./stims/CritBystanders/bucket.jpeg,./stims/CritBystanders/fancn.jpeg,SS,SS_3,,,,,,,,,0,18,18,18,,,,,138.0465767000569,,,,,,,,,138.01441300008446,0.999079899978824,150.18058070004918,[0.887962962962963],[0.5],[1],[0],[0],[12.153172199963592],,,,,,,,,,,,,,0712_1100_CB2_40_2,001,2023-12-07_11h39.07.629,3_End,2023.2.3,60.00762097000655,2023-12-07 11h39.22.661599 +0000,
20,5,peacock,peacockcn,./stims/CritBystanders/peacock.jpeg,./stims/CritBystanders/wastebasketcn.jpeg,SR,SR_5,,,,,,,,,0,19,19,19,,,,,150.213349900092,,,,,,,,,150.18114810006227,0.9990940999705344,153.91398250008933,[0.887962962962963],[0.5],[1],[0],[0],[3.7193020000122488],,,,,,,,,,,,,,0712_1100_CB2_40_2,001,2023-12-07_11h39.07.629,3_End,2023.2.3,60.00762097000655,2023-12-07 11h39.22.661599 +0000,
21,6,iron,ironcn,./stims/CritBystanders/iron.jpeg,./stims/CritBystanders/shoescn.jpeg,RR,RR_7,,,,,,,,,0,20,20,20,,,,,153.94676080008503,,,,,,,,,153.91456450009719,0.9990278000477701,163.54738970007747,[0.887962962962963],[0.5],[1],[0],[0],[9.618611500016414],,,,,,,,,,,,,,0712_1100_CB2_40_2,001,2023-12-07_11h39.07.629,3_End,2023.2.3,60.00762097000655,2023-12-07 11h39.22.661599 +0000,
22,6,chair,chaircn,./stims/CritBystanders/chair.jpeg,./stims/CritBystanders/scissorscn.jpeg,SS,SS_6,,,,,,,,,0,21,21,21,,,,,163.58012660010718,,,,,,,,,163.5479860000778,0.9990757000632584,173.33084410009906,[0.887962962962963],[0.5],[1],[0],[0],[9.765991399995983],,,,,,,,,,,,,,0712_1100_CB2_40_2,001,2023-12-07_11h39.07.629,3_End,2023.2.3,60.00762097000655,2023-12-07 11h39.22.661599 +0000,
23,6,umbrella,umbrellacn,./stims/CritBystanders/umbrella.jpeg,./stims/CritBystanders/telephonecn.jpeg,RS,RS_4,,,,,,,,,0,22,22,22,,,,,173.36352930008434,,,,,,,,,173.33144170010928,1.0157126999692991,178.19749840011355,[0.887962962962963],[0.5],[1],[0],[0],[4.852402299991809],,,,,,,,,,,,,,0712_1100_CB2_40_2,001,2023-12-07_11h39.07.629,3_End,2023.2.3,60.00762097000655,2023-12-07 11h39.22.661599 +0000,
24,6,books,bookscn,./stims/CritBystanders/books.jpeg,./stims/CritBystanders/capcn.jpeg,SR,SR_2,,,,,,,,,0,23,23,23,,,,,178.23024800000712,,,,,,,,,178.19807840010617,0.9990937999682501,188.14778620004654,[0.887962962962963],[0.5],[1],[0],[0],[9.931290799984708],,,,,,,,,,,,,,0712_1100_CB2_40_2,001,2023-12-07_11h39.07.629,3_End,2023.2.3,60.00762097000655,2023-12-07 11h39.22.661599 +0000,
25,7,backpack,backpackcn,./stims/CritBystanders/backpack.jpeg,./stims/CritBystanders/cratecn.jpeg,SR,SR_8,,,,,,,,,0,24,24,24,,,,,188.18036400002893,,,,,,,,,188.14839149999898,1.015477400040254,203.4309693000978,[0.887962962962963],[0.5],[1],[0],[0],[15.265547000104561],,,,,,,,,,,,,,0712_1100_CB2_40_2,001,2023-12-07_11h39.07.629,3_End,2023.2.3,60.00762097000655,2023-12-07 11h39.22.661599 +0000,
26,7,guitar,guitarcn,./stims/CritBystanders/guitar.jpeg,./stims/CritBystanders/umbrellacn.jpeg,RR,RR_4,,,,,,,,,0,25,25,25,,,,,203.46380670007784,,,,,,,,,203.43155480001587,0.9991288000019267,216.58108740008902,[0.887962962962963],[0.5],[1],[0],[0],[13.132839999976568],,,,,,,,,,,,,,0712_1100_CB2_40_2,001,2023-12-07_11h39.07.629,3_End,2023.2.3,60.00762097000655,2023-12-07 11h39.22.661599 +0000,
27,7,shoes,shoescn,./stims/CritBystanders/shoes.jpeg,./stims/CritBystanders/soccerballcn.jpeg,RS,RS_7,,,,,,,,,0,26,26,26,,,,,216.61387960007414,,,,,,,,,216.58166740008164,0.9990661999909207,221.8811753001064,[0.887962962962963],[0.5],[1],[0],[0],[5.286772100022063],,,,,,,,,,,,,,0712_1100_CB2_40_2,001,2023-12-07_11h39.07.629,3_End,2023.2.3,60.00762097000655,2023-12-07 11h39.22.661599 +0000,
28,7,video,videocn,./stims/CritBystanders/video.jpeg,./stims/CritBystanders/ironcn.jpeg,SS,SS_7,,,,,,,,,0,27,27,27,,,,,221.91390360007063,,,,,,,,,221.8817230000859,0.9990559000289068,225.46433680003975,[0.887962962962963],[0.5],[1],[0],[0],[3.569641999900341],,,,,,,,,,,,,,0712_1100_CB2_40_2,001,2023-12-07_11h39.07.629,3_End,2023.2.3,60.00762097000655,2023-12-07 11h39.22.661599 +0000,
29,8,coffeemug,coffeemugcn,./stims/CritBystanders/coffeemug.jpeg,./stims/CritBystanders/keyscn.jpeg,RS,RS_3,,,,,,,,,0,28,28,28,,,,,225.49727550009266,,,,,,,,,225.46492590010166,0.9992890999419615,229.66451080003753,[0.887962962962963],[0.5],[1],[0],[0],[4.187968199956231],,,,,,,,,,,,,,0712_1100_CB2_40_2,001,2023-12-07_11h39.07.629,3_End,2023.2.3,60.00762097000655,2023-12-07 11h39.22.661599 +0000,
30,8,stapler,staplercn,./stims/CritBystanders/stapler.jpeg,./stims/CritBystanders/electriccordcn.jpeg,SR,SR_1,,,,,,,,,0,29,29,29,,,,,229.6973091000691,,,,,,,,,229.6650731000118,0.999108099960722,242.81465610000305,[0.15555555555555556],[0.5],[1],[0],[0],[13.13319429999683],,,,,,,,,,,,,,0712_1100_CB2_40_2,001,2023-12-07_11h39.07.629,3_End,2023.2.3,60.00762097000655,2023-12-07 11h39.22.661599 +0000,
31,8,wastebasket,wastebasketcn,./stims/CritBystanders/wastebasket.jpeg,./stims/CritBystanders/clipboardcn.jpeg,SS,SS_5,,,,,,,,,0,30,30,30,,,,,242.84746220009401,,,,,,,,,242.81525100010913,0.999042300041765,247.48120570008177,[0.15555555555555556],[0.5],[1],[0],[0],[4.648870299919508],,,,,,,,,,,,,,0712_1100_CB2_40_2,001,2023-12-07_11h39.07.629,3_End,2023.2.3,60.00762097000655,2023-12-07 11h39.22.661599 +0000,
32,8,watch,watchcn,./stims/CritBystanders/watch.jpeg,./stims/CritBystanders/candlecn.jpeg,RR,RR_8,,,,,,,,,0,31,31,31,,,,,247.51409400010016,,,,,,,,,247.48178690008353,0.9992154999636114,250.51474910008255,[0.15555555555555556],[0.5],[1],[0],[0],[3.0194795000134036],,,,,,,,,,,,,,0712_1100_CB2_40_2,001,2023-12-07_11h39.07.629,3_End,2023.2.3,60.00762097000655,2023-12-07 11h39.22.661599 +0000,
,,,,,,,,1,1,pan,pancn,./stims/AcqBystanders/pan.jpeg,./stims/AcqBystanders/pancn.jpeg,SS,SS_2,,,,,0,0,0,0,250.56450740003493,,,,,,,,,,,,,,,,,,,250.52424640010577,1.0156839999835938,258.01470540009905,[0.15555555555555556],[0.5],[1],[0],[0],[7.461903600022197],,,,0712_1100_CB2_40_2,001,2023-12-07_11h39.07.629,3_End,2023.2.3,60.00762097000655,2023-12-07 11h39.22.661599 +0000,
,,,,,,,,2,1,lightbulb,lightbulbcn,./stims/AcqBystanders/lightbulb.jpeg,./stims/AcqBystanders/lightbulbcn.jpeg,SR,SR_3,,,,,0,1,1,1,258.1312516001053,,,,,,,,,,,,,,,,,,,258.01552030001767,1.0155204000184312,273.3649100000039,[0.15555555555555556],[0.5],[1],[0],[0],[15.241010700003244],,,,0712_1100_CB2_40_2,001,2023-12-07_11h39.07.629,3_End,2023.2.3,60.00762097000655,2023-12-07 11h39.22.661599 +0000,
,,,,,,,,3,1,shampoo,shampoocn,./stims/AcqBystanders/shampoo.jpeg,./stims/AcqBystanders/shampoocn.jpeg,RS,RS_4,,,,,0,2,2,2,273.414643600001,,,,,,,,,,,,,,,,,,,273.36548990011215,0.9990041999844834,284.6980975000188,[0.15555555555555556],[0.5],[1],[0],[0],[11.301067300024442],,,,0712_1100_CB2_40_2,001,2023-12-07_11h39.07.629,3_End,2023.2.3,60.00762097000655,2023-12-07 11h39.22.661599 +0000,
,,,,,,,,4,1,mandms,mandmscn,./stims/AcqBystanders/mandms.jpeg,./stims/AcqBystanders/mandmscn.jpeg,RR,RR_2,,,,,0,3,3,3,284.7310385000892,,,,,,,,,,,,,,,,,,,284.6986496000318,0.9993389999726787,293.86484050005674,[0.15555555555555556],[0.5],[1],[0],[0],[9.149383099982515],,,,0712_1100_CB2_40_2,001,2023-12-07_11h39.07.629,3_End,2023.2.3,60.00762097000655,2023-12-07 11h39.22.661599 +0000,
,,,,,,,,5,1,sheet,sheetcn,./stims/AcqBystanders/sheet.jpeg,./stims/AcqBystanders/sheetcn.jpeg,RS,RS_3,,,,,0,4,4,4,293.8977452000836,,,,,,,,,,,,,,,,,,,293.8654248000821,0.9992224000161514,301.2984277000651,[0.15555555555555556],[0.5],[1],[0],[0],[7.414950800011866],,,,0712_1100_CB2_40_2,001,2023-12-07_11h39.07.629,3_End,2023.2.3,60.00762097000655,2023-12-07 11h39.22.661599 +0000,
,,,,,,,,6,1,bottle,bottlecn,./stims/AcqBystanders/bottle.jpeg,./stims/AcqBystanders/bottlecn.jpeg,SS,SS_1,,,,,0,5,5,5,301.3311637000879,,,,,,,,,,,,,,,,,,,301.2990123000927,0.9990960999857634,317.298293900094,[],[],[],[],[],[],15.999200099962763,,,0712_1100_CB2_40_2,001,2023-12-07_11h39.07.629,3_End,2023.2.3,60.00762097000655,2023-12-07 11h39.22.661599 +0000,
,,,,,,,,7,1,trunk,trunkcn,./stims/AcqBystanders/trunk.jpeg,./stims/AcqBystanders/trunkcn.jpeg,SR,SR_1,,,,,0,6,6,6,317.331307400018,,,,,,,,,,,,,,,,,,,317.29880030010827,0.9991753000067547,323.5986514000688,[0.15555555555555556],[0.5],[1],[0],[0],[6.282729599974118],,,,0712_1100_CB2_40_2,001,2023-12-07_11h39.07.629,3_End,2023.2.3,60.00762097000655,2023-12-07 11h39.22.661599 +0000,
,,,,,,,,8,1,can,cancn,./stims/AcqBystanders/can.jpeg,./stims/AcqBystanders/cancn.jpeg,RR,RR_3,,,,,0,7,7,7,323.6313139999984,,,,,,,,,,,,,,,,,,,323.5992123000324,1.0156741999089718,339.61485760007054,[],[],[],[],[],[],,,,0712_1100_CB2_40_2,001,2023-12-07_11h39.07.629,3_End,2023.2.3,60.00762097000655,2023-12-07 11h39.22.661599 +0000,
,,,,,,,,9,1,towel,towelcn,./stims/AcqBystanders/towel.jpeg,./stims/AcqBystanders/towelcn.jpeg,RS,RS_1,,,,,0,8,8,8,339.6480936000589,,,,,,,,,,,,,,,,,,,339.61535820004065,0.9991187999257818,347.415477200062,[0.16018518518518518],[0.5],[1],[0],[0],[7.786059699952602],,,,0712_1100_CB2_40_2,001,2023-12-07_11h39.07.629,3_End,2023.2.3,60.00762097000655,2023-12-07 11h39.22.661599 +0000,
,,,,,,,,10,1,fireextinguisher,fireextinguishercn,./stims/AcqBystanders/fireextinguisher.jpeg,./stims/AcqBystanders/fireextinguishercn.jpeg,RR,RR_1,,,,,0,9,9,9,347.4481771000428,,,,,,,,,,,,,,,,,,,347.4160584000638,1.015719100018032,352.19879070005845,[0.16018518518518518],[0.5],[1],[0],[0],[4.767332200077362],,,,0712_1100_CB2_40_2,001,2023-12-07_11h39.07.629,3_End,2023.2.3,60.00762097000655,2023-12-07 11h39.22.661599 +0000,
,,,,,,,,11,1,passport,passportcn,./stims/AcqBystanders/passport.jpeg,./stims/AcqBystanders/passportcn.jpeg,SS,SS_3,,,,,0,10,10,10,352.2315463999985,,,,,,,,,,,,,,,,,,,352.1993709000526,0.9990698000183329,368.1986680000555,[],[],[],[],[],[],15.999205000000075,,,0712_1100_CB2_40_2,001,2023-12-07_11h39.07.629,3_End,2023.2.3,60.00762097000655,2023-12-07 11h39.22.661599 +0000,
,,,,,,,,12,1,headphones,headphonescn,./stims/AcqBystanders/headphones.jpeg,./stims/AcqBystanders/headphonescn.jpeg,SR,SR_2,,,,,0,11,11,11,368.231654800009,,,,,,,,,,,,,,,,,,,368.19917360006366,0.9991687999572605,373.36542520008516,[0.16018518518518518],[0.5],[1],[0],[0],[5.1526204000692815],,,,0712_1100_CB2_40_2,001,2023-12-07_11h39.07.629,3_End,2023.2.3,60.00762097000655,2023-12-07 11h39.22.661599 +0000,
,,,,,,,,13,1,perfume,perfumecn,./stims/AcqBystanders/perfume.jpeg,./stims/AcqBystanders/perfumecn.jpeg,SR,SR_4,,,,,0,12,12,12,373.3983705000719,,,,,,,,,,,,,,,,,,,373.36600450007245,0.9992652999935672,378.0323452000739,[0.16018518518518518],[0.5],[1],[0],[0],[4.649204700021073],,,,0712_1100_CB2_40_2,001,2023-12-07_11h39.07.629,3_End,2023.2.3,60.00762097000655,2023-12-07 11h39.22.661599 +0000,
,,,,,,,,14,1,cup,cupcn,./stims/AcqBystanders/cup.jpeg,./stims/AcqBystanders/cupcn.jpeg,RS,RS_2,,,,,0,13,13,13,378.1487563000992,,,,,,,,,,,,,,,,,,,378.0329343000194,0.9990288000553846,382.9656898000976,[0.16018518518518518],[0.5],[1],[0],[0],[4.832397499936633],,,,0712_1100_CB2_40_2,001,2023-12-07_11h39.07.629,3_End,2023.2.3,60.00762097000655,2023-12-07 11h39.22.661599 +0000,
,,,,,,,,,,,,,,,,,,,,,,,,,,,,,,,,,,,,,,,,,,,,,,,,,,,,,382.9661335001001,382.98175740009174,,,,,,,,
