﻿RATING_PRAC.thisRepN,RATING_PRAC.thisTrialN,RATING_PRAC.thisN,RATING_PRAC.thisIndex,randomise.thisRepN,randomise.thisTrialN,randomise.thisN,randomise.thisIndex,trials_2.thisRepN,trials_2.thisTrialN,trials_2.thisN,trials_2.thisIndex,trials_3.thisRepN,trials_3.thisTrialN,trials_3.thisN,trials_3.thisIndex,USrate.thisRepN,USrate.thisTrialN,USrate.thisN,USrate.thisIndex,thisRow.t,notes,INSTR.started,instruct1.started,ok1.started,INSTR.stopped,ok1.keys,ok1.rt,ok1.duration,RATING_INTRO.started,instruct1_3.started,ok1_3.started,RATING_INTRO.stopped,ok1_3.keys,ok1_3.rt,ok1_3.duration,FILL_EXP.started,expect_txt.started,exp_resp_fill.started,star_3.started,expect_rating.started,FILL_EXP.stopped,slider_3.response,slider_3.history,exp_resp_fill.keys,exp_resp_fill.rt,exp_resp_fill.duration,FILL_VAL.started,val_text.started,star.started,SAM_val.started,resp_fill_val.started,FILL_VAL.stopped,resp_fill_val.keys,resp_fill_val.rt,resp_fill_val.duration,FILL_ARSL.started,text_arsl.started,star_2.started,SAM_arsl.started,resp_fill_arsl.started,FILL_ARSL.stopped,resp_fill_arsl.keys,resp_fill_arsl.rt,resp_fill_arsl.duration,CRC_EXP.started,expect_txt_2.started,exp_resp_crc.started,image_4.started,expect_rating_2.started,CRC_EXP.stopped,exp_resp_crc.keys,exp_resp_crc.rt,exp_resp_crc.duration,slider.response,slider.history,CRC_VAL.started,val_text_2.started,image.started,SAM_val_2.started,val_resp_crc.started,CRC_VAL.stopped,val_resp_crc.keys,val_resp_crc.rt,val_resp_crc.duration,CRC_ARSL.started,text_arsl_2.started,image_2.started,SAM_arsl_2.started,arsl_resp_crc.started,CRC_ARSL.stopped,arsl_resp_crc.keys,arsl_resp_crc.rt,arsl_resp_crc.duration,SQ_EXP.started,expect_txt_3.started,exp_resp_sq.started,image_sqr.started,expect_rating_3.started,SQ_EXP.stopped,slider_4.response,slider_4.history,exp_resp_sq.keys,exp_resp_sq.rt,exp_resp_sq.duration,SQ_VAL.started,val_text_3.started,image_sqr_2.started,SAM_val_3.started,val_resp_sq.started,SQ_VAL.stopped,val_resp_sq.keys,val_resp_sq.rt,val_resp_sq.duration,SQ_ARSL.started,text_arsl_3.started,image_sqr_3.started,SAM_arsl_3.started,arsl_resp_sq.started,SQ_ARSL.stopped,arsl_resp_sq.keys,arsl_resp_sq.rt,arsl_resp_sq.duration,US_INTRO.started,instruct1_2.started,ok1_2.started,US_INTRO.stopped,ok1_2.keys,ok1_2.rt,ok1_2.duration,US.started,p_port.started,p_port.stopped,US.stopped,ITI_3s.started,iti_3.started,iti_3.stopped,ITI_3s.stopped,US_VAL.started,val_text_4.started,SAM_val_4.started,val_resp_US.started,US_VAL.stopped,val_resp_US.keys,val_resp_US.rt,val_resp_US.duration,US_ARSL.started,text_arsl_4.started,arsl_resp_US.started,SAM_arsl_4.started,US_ARSL.stopped,arsl_resp_US.keys,arsl_resp_US.rt,arsl_resp_US.duration,participant,session,date,expName,psychopyVersion,frameRate,expStart,
,,,,,,,,,,,,,,,,,,,,,,0.013650999986566603,0.029285200056619942,0.029285200056619942,478.3834467000561,1,478.3429691999918,None,,,,,,,,,,,,,,,,,,,,,,,,,,,,,,,,,,,,,,,,,,,,,,,,,,,,,,,,,,,,,,,,,,,,,,,,,,,,,,,,,,,,,,,,,,,,,,,,,,,,,,,,,,,,,,,,,,,,,,,,,,,,,,0712_1100_CB2_40_2,001,2023-12-07_11h01.51.345,PreAcq,2023.2.3,60.00052799469688,2023-12-07 11h02.05.293838 +0000,
,,,,,,,,,,,,,,,,,,,,,,,,,,,,,478.3834705000045,478.3994713999564,478.3994713999564,488.53354580001906,space,10.117949500097893,None,,,,,,,,,,,,,,,,,,,,,,,,,,,,,,,,,,,,,,,,,,,,,,,,,,,,,,,,,,,,,,,,,,,,,,,,,,,,,,,,,,,,,,,,,,,,,,,,,,,,,,,,,,,,,,,,,,,,,,,0712_1100_CB2_40_2,001,2023-12-07_11h01.51.345,PreAcq,2023.2.3,60.00052799469688,2023-12-07 11h02.05.293838 +0000,
0,0,0,0,0,0,0,0,0,0,0,0,,,,,,,,,503.6996941999532,,,,,,,,,,,,,,,,488.53414859995246,488.56631270004436,488.56631270004436,490.0329385000514,491.0329703000607,492.7689519999549,None,[],3,4.198638000059873,None,492.76948170003016,492.78293059999123,494.2829659000272,495.2829700000584,495.2829700000584,497.01678730000276,5,1.7216356999706477,None,497.0171346999705,497.03298150002956,498.5163205000572,499.51629679999314,499.51629679999314,503.6835438000271,7,4.152467300067656,None,503.6846905000275,503.6996941999532,503.6996941999532,505.1830067000119,506.1830404000357,508.4190036000218,3,4.704334200010635,None,None,[],508.41950389998965,508.4330350999953,509.9330606999574,510.933086700039,510.933086700039,514.7836205000058,5,3.8403293000301346,None,514.7839724000078,514.7997933999868,516.2831456999993,517.2831462000031,517.2831462000031,521.8169514000183,7,4.529240599949844,None,,,,,,,,,,,,,,,,,,,,,,,,,,,,,,,,,,,,,,,,,,,,,,,,,,,,,,,,,,,,,0712_1100_CB2_40_2,001,2023-12-07_11h01.51.345,PreAcq,2023.2.3,60.00052799469688,2023-12-07 11h02.05.293838 +0000,
0,0,0,0,0,0,0,0,,,,,0,0,0,0,,,,,521.833154699998,,,,,,,,,,,,,,,,,,,,,,,,,,,,,,,,,,,,,,,,,,,,,,,,,,,,,,,,,,,,,,,,,,,,,,,,,,521.8177639000351,521.833154699998,521.833154699998,523.3165282000555,524.3165422000457,525.7858286000555,None,[],3,3.938960100058466,None,525.786361800041,525.7998489000602,527.2998564000009,528.2998628000496,528.2998628000496,534.2670476000058,5,5.952476099948399,None,534.2674238999607,534.2832441000501,535.7666314999806,536.7665801000549,536.7665801000549,538.8504056000384,7,2.0781882000155747,None,,,,,,,,,,,,,,,,,,,,,,,,,,,,,,,,0712_1100_CB2_40_2,001,2023-12-07_11h01.51.345,PreAcq,2023.2.3,60.00052799469688,2023-12-07 11h02.05.293838 +0000,
0,0,0,0,0,0,0,0,,,,,,,,,,,,,,,,,,,,,,,,,,,,,,,,,,,,,,,,,,,,,,,,,,,,,,,,,,,,,,,,,,,,,,,,,,,,,,,,,,,,,,,,,,,,,,,,,,,,,,,,,,,,,,,,,,,,,,,,,,,,,,,,,,,,,,,,,,,,,,,,,,,0712_1100_CB2_40_2,001,2023-12-07_11h01.51.345,PreAcq,2023.2.3,60.00052799469688,2023-12-07 11h02.05.293838 +0000,
0,0,0,0,,,,,,,,,,,,,,,,,,,,,,,,,,,,,,,,,,,,,,,,,,,,,,,,,,,,,,,,,,,,,,,,,,,,,,,,,,,,,,,,,,,,,,,,,,,,,,,,,,,,,,,,,,,,,,,,,,,,,,,,,,,,,,,,,,,,,,,,,,,,,,,,,,,,,,,0712_1100_CB2_40_2,001,2023-12-07_11h01.51.345,PreAcq,2023.2.3,60.00052799469688,2023-12-07 11h02.05.293838 +0000,
,,,,,,,,,,,,,,,,,,,,,,538.8508454000112,538.8666070000036,538.8666070000036,564.850833500037,b,25.977304200059734,None,,,,,,,,,,,,,,,,,,,,,,,,,,,,,,,,,,,,,,,,,,,,,,,,,,,,,,,,,,,,,,,,,,,,,,,,,,,,,,,,,,,,,,,,,,,,,,,,,,,,,,,,,,,,,,,,,,,,,,,,,,,,,,0712_1100_CB2_40_2,001,2023-12-07_11h01.51.345,PreAcq,2023.2.3,60.00052799469688,2023-12-07 11h02.05.293838 +0000,
,,,,,,,,,,,,,,,,,,,,,,,,,,,,,,,,,,,,,,,,,,,,,,,,,,,,,,,,,,,,,,,,,,,,,,,,,,,,,,,,,,,,,,,,,,,,,,,,,,,,,,,,,,,,,,,,,,,,,,,,,,,564.8508576999884,564.8668177999789,564.8668177999789,569.6173779000528,space,4.7373681999742985,None,,,,,,,,,,,,,,,,,,,,,,,,,0712_1100_CB2_40_2,001,2023-12-07_11h01.51.345,PreAcq,2023.2.3,60.00052799469688,2023-12-07 11h02.05.293838 +0000,
,,,,,,,,,,,,,,,,0,0,0,0,569.633549500024,,,,,,,,,,,,,,,,,,,,,,,,,,,,,,,,,,,,,,,,,,,,,,,,,,,,,,,,,,,,,,,,,,,,,,,,,,,,,,,,,,,,,,,,,,,,,,,,,,,,,,,,,,,,,,569.6178594999947,2.999497600016184,3.099522899952717,572.7171552999644,572.7171663000481,572.7335620999802,575.7335532000288,575.717186099966,575.7171986000612,575.7335532000288,578.2169183000224,578.2169183000224,582.8340910000261,7,4.611700500012375,None,582.8344495999627,582.8502763999859,585.3336234999588,585.3336234999588,588.700832100003,5,3.3506601999979466,None,0712_1100_CB2_40_2,001,2023-12-07_11h01.51.345,PreAcq,2023.2.3,60.00052799469688,2023-12-07 11h02.05.293838 +0000,
,,,,,,,,,,,,,,,,,,,,,,588.7011880000355,588.7170089000138,588.7170089000138,,,,,,,,,,,,,,,,,,,,,,,,,,,,,,,,,,,,,,,,,,,,,,,,,,,,,,,,,,,,,,,,,,,,,,,,,,,,,,,,,,,,,,,,,,,,,,,,,,,,,,,,,,,,,,,,,,,,,,,,,,,,,,,,,,,,,,,,,
