﻿order_ext,blk_ext,bystander_ext,test_item_ext,bystander_loc_ext,test_item_loc_ext,trial_type_ext,itemNo_ext,order_cond_acq,blk_cond_acq,bystander_cond_acq,test_item_cond_acq,bystander_loc_cond_acq,test_item_loc_cond_acq,trial_type_cond_acq,itemNo_cond_acq,trials.thisRepN,trials.thisTrialN,trials.thisN,trials.thisIndex,trials_2.thisRepN,trials_2.thisTrialN,trials_2.thisN,trials_2.thisIndex,thisRow.t,notes,INSTRUCTION.started,instruct1.started,ok1.started,INSTRUCTION.stopped,ok1.keys,ok1.rt,ok1.duration,END_EXT.started,mouse_ext.started,END_EXT.stopped,mouse_ext.x,mouse_ext.y,mouse_ext.leftButton,mouse_ext.midButton,mouse_ext.rightButton,mouse_ext.time,END_ACQ.started,mouse_cond.started,END_ACQ.stopped,mouse_cond.x,mouse_cond.y,mouse_cond.leftButton,mouse_cond.midButton,mouse_cond.rightButton,mouse_cond.time,thanks.started,thanksMsg.started,participant,session,date,expName,psychopyVersion,frameRate,expStart,
,,,,,,,,,,,,,,,,,,,,,,,,,,0.01463809993583709,0.03120089997537434,0.03120089997537434,4.698503199964762,space,4.65031280007679,None,,,,,,,,,,,,,,,,,,,,,0712_1500_CB3_42_2,001,2023-12-07_15h34.08.732,3_End,2023.2.3,60.01133012759402,2023-12-07 15h34.21.420657 +0000,
1,1,walkman,walkmancn,./stims/CritBystanders/cap.jpeg,./stims/CritBystanders/walkmancn.jpeg,SS,SS_2,,,,,,,,,0,0,0,0,,,,,4.747912899940275,,,,,,,,,4.712486099917442,0.9994651000015438,13.481912999995984,[0.8638888888888889],[-0.040740740740740744],[1],[0],[0],[8.740581599995494],,,,,,,,,,,,0712_1500_CB3_42_2,001,2023-12-07_15h34.08.732,3_End,2023.2.3,60.01133012759402,2023-12-07 15h34.21.420657 +0000,
2,1,scissors,scissorscn,./stims/CritBystanders/chessboard.jpeg,./stims/CritBystanders/scissorscn.jpeg,SR,SR_6,,,,,,,,,0,1,1,1,,,,,13.514647200005129,,,,,,,,,13.482875199988484,1.0153499000007287,25.165354499942623,[0.8638888888888889],[-0.040740740740740744],[1],[0],[0],[11.665595199912786],,,,,,,,,,,,0712_1500_CB3_42_2,001,2023-12-07_15h34.08.732,3_End,2023.2.3,60.01133012759402,2023-12-07 15h34.21.420657 +0000,
3,1,chair,chaircn,./stims/CritBystanders/wallet.jpeg,./stims/CritBystanders/chaircn.jpeg,RS,RS_6,,,,,,,,,0,2,2,2,,,,,25.1980624999851,,,,,,,,,25.165955599979497,0.9990114999236539,32.69874279992655,[0.8638888888888889],[-0.040740740740740744],[1],[0],[0],[7.519945699954405],,,,,,,,,,,,0712_1500_CB3_42_2,001,2023-12-07_15h34.08.732,3_End,2023.2.3,60.01133012759402,2023-12-07 15h34.21.420657 +0000,
4,1,peacock,peacockcn,./stims/CritBystanders/clipboard.jpeg,./stims/CritBystanders/peacockcn.jpeg,RR,RR_5,,,,,,,,,0,3,3,3,,,,,32.73152149992529,,,,,,,,,32.69933069997933,0.9990205001085997,47.048873899970204,[0.8722222222222222],[0.08796296296296297],[1],[0],[0],[14.332096099969931],,,,,,,,,,,,0712_1500_CB3_42_2,001,2023-12-07_15h34.08.732,3_End,2023.2.3,60.01133012759402,2023-12-07 15h34.21.420657 +0000,
5,2,wastebasket,wastebasketcn,./stims/CritBystanders/comb.jpeg,./stims/CritBystanders/wastebasketcn.jpeg,RS,RS_5,,,,,,,,,0,4,4,4,,,,,47.08153470000252,,,,,,,,,47.04948109993711,1.0156754000345245,50.482952299993485,[0.8722222222222222],[0.09351851851851851],[1],[0],[0],[3.419957600068301],,,,,,,,,,,,0712_1500_CB3_42_2,001,2023-12-07_15h34.08.732,3_End,2023.2.3,60.01133012759402,2023-12-07 15h34.21.420657 +0000,
6,2,card,cardcn,./stims/CritBystanders/electriccord.jpeg,./stims/CritBystanders/cardscn.jpeg,SS,SS_1,,,,,,,,,0,5,5,5,,,,,50.51494079991244,,,,,,,,,50.48354779998772,1.0149707000236958,60.81553599995095,[0.8722222222222222],[0.09351851851851851],[1],[0],[0],[10.315183299942873],,,,,,,,,,,,0712_1500_CB3_42_2,001,2023-12-07_15h34.08.732,3_End,2023.2.3,60.01133012759402,2023-12-07 15h34.21.420657 +0000,
7,2,books,bookscn,./stims/CritBystanders/toiletpaper.jpeg,./stims/CritBystanders/bookscn.jpeg,RR,RR_2,,,,,,,,,0,6,6,6,,,,,60.84835129999556,,,,,,,,,60.81609389989171,0.9991158000193536,74.14892589999363,[0.8722222222222222],[0.09351851851851851],[1],[0],[0],[13.319994000019506],,,,,,,,,,,,0712_1500_CB3_42_2,001,2023-12-07_15h34.08.732,3_End,2023.2.3,60.01133012759402,2023-12-07 15h34.21.420657 +0000,
8,2,fan,fancn,./stims/CritBystanders/keys.jpeg,./stims/CritBystanders/fancn.jpeg,SR,SR_3,,,,,,,,,0,7,7,7,,,,,74.18179199995939,,,,,,,,,74.1495231000008,0.9992246000329033,78.8323711999692,[0.8722222222222222],[0.09351851851851851],[1],[0],[0],[4.665479699964635],,,,,,,,,,,,0712_1500_CB3_42_2,001,2023-12-07_15h34.08.732,3_End,2023.2.3,60.01133012759402,2023-12-07 15h34.21.420657 +0000,
9,3,chessboard,chessboardcn,./stims/CritBystanders/scissors.jpeg,./stims/CritBystanders/chessboardcn.jpeg,RR,RR_6,,,,,,,,,0,8,8,8,,,,,78.86518309998792,,,,,,,,,78.83296789997257,0.999059799942188,88.33241729997098,[0.8722222222222222],[0.09351851851851851],[1],[0],[0],[9.485913699958473],,,,,,,,,,,,0712_1500_CB3_42_2,001,2023-12-07_15h34.08.732,3_End,2023.2.3,60.01133012759402,2023-12-07 15h34.21.420657 +0000,
10,3,iron,ironcn,./stims/CritBystanders/soccerball.jpeg,./stims/CritBystanders/ironcn.jpeg,SR,SR_7,,,,,,,,,0,9,9,9,,,,,88.36520829994697,,,,,,,,,88.33295139996335,0.9991854000836611,96.38285679998808,[0.887962962962963],[0.10462962962962963],[1],[0],[0],[8.032171300030313],,,,,,,,,,,,0712_1500_CB3_42_2,001,2023-12-07_15h34.08.732,3_End,2023.2.3,60.01133012759402,2023-12-07 15h34.21.420657 +0000,
11,3,candle,candlecn,./stims/CritBystanders/crate.jpeg,./stims/CritBystanders/candlecn.jpeg,SS,SS_8,,,,,,,,,0,10,10,10,,,,,96.41528309998102,,,,,,,,,96.38343409996014,1.0155115000670776,99.666001399979,[0.887962962962963],[0.10648148148148148],[1],[0],[0],[3.269182199961506],,,,,,,,,,,,0712_1500_CB3_42_2,001,2023-12-07_15h34.08.732,3_End,2023.2.3,60.01133012759402,2023-12-07 15h34.21.420657 +0000,
12,3,cap,capcn,./stims/CritBystanders/walkman.jpeg,./stims/CritBystanders/capcn.jpeg,RS,RS_2,,,,,,,,,0,11,11,11,,,,,99.69861749990378,,,,,,,,,99.66659809998237,1.015641100006178,115.68217839999124,[],[],[],[],[],[],,,,,,,,,,,,0712_1500_CB3_42_2,001,2023-12-07_15h34.08.732,3_End,2023.2.3,60.01133012759402,2023-12-07 15h34.21.420657 +0000,
13,4,stapler,staplercn,./stims/CritBystanders/computer.jpeg,./stims/CritBystanders/staplercn.jpeg,RR,RR_1,,,,,,,,,0,12,12,12,,,,,115.71543429989833,,,,,,,,,115.6827119999798,0.9990529000060633,128.3661522999173,[0.887962962962963],[0.10648148148148148],[1],[0],[0],[12.66704510001],,,,,,,,,,,,0712_1500_CB3_42_2,001,2023-12-07_15h34.08.732,3_End,2023.2.3,60.01133012759402,2023-12-07 15h34.21.420657 +0000,
14,4,electriccord,electriccordcn,./stims/CritBystanders/cards.jpeg,./stims/CritBystanders/electriccordcn.jpeg,RS,RS_1,,,,,,,,,0,13,13,13,,,,,128.39886189997196,,,,,,,,,128.36674809991382,1.0156812999630347,135.48268919996917,[0.887962962962963],[0.10648148148148148],[1],[0],[0],[7.098566100001335],,,,,,,,,,,,0712_1500_CB3_42_2,001,2023-12-07_15h34.08.732,3_End,2023.2.3,60.01133012759402,2023-12-07 15h34.21.420657 +0000,
15,4,umbrella,umbrellacn,./stims/CritBystanders/calculator.jpeg,./stims/CritBystanders/umbrellacn.jpeg,SS,SS_4,,,,,,,,,0,14,14,14,,,,,135.51561519992538,,,,,,,,,135.48328619997483,0.9991769000189379,143.2495624999283,[0.887962962962963],[0.10648148148148148],[1],[0],[0],[7.749488399946131],,,,,,,,,,,,0712_1500_CB3_42_2,001,2023-12-07_15h34.08.732,3_End,2023.2.3,60.01133012759402,2023-12-07 15h34.21.420657 +0000,
16,4,guitar,guitarcn,./stims/CritBystanders/telephone.jpeg,./stims/CritBystanders/guitarcn.jpeg,SR,SR_4,,,,,,,,,0,15,15,15,,,,,143.28231679997407,,,,,,,,,143.25035069999285,1.0155157000990584,147.89957259991206,[0.887962962962963],[0.10648148148148148],[1],[0],[0],[4.631755299982615],,,,,,,,,,,,0712_1500_CB3_42_2,001,2023-12-07_15h34.08.732,3_End,2023.2.3,60.01133012759402,2023-12-07 15h34.21.420657 +0000,
17,5,keys,keyscn,./stims/CritBystanders/fan.jpeg,./stims/CritBystanders/keyscn.jpeg,RR,RR_3,,,,,,,,,0,16,16,16,,,,,147.93234009994194,,,,,,,,,147.90017629996873,0.9990271999267861,154.78295489994343,[0.887962962962963],[0.10648148148148148],[1],[0],[0],[6.869530500029214],,,,,,,,,,,,0712_1500_CB3_42_2,001,2023-12-07_15h34.08.732,3_End,2023.2.3,60.01133012759402,2023-12-07 15h34.21.420657 +0000,
18,5,crate,cratecn,./stims/CritBystanders/candle.jpeg,./stims/CritBystanders/cratecn.jpeg,RS,RS_8,,,,,,,,,0,17,17,17,,,,,154.81570939999074,,,,,,,,,154.78355149994604,0.9990844000130892,161.46643609995954,[0.887962962962963],[0.10648148148148148],[1],[0],[0],[6.669136100099422],,,,,,,,,,,,0712_1500_CB3_42_2,001,2023-12-07_15h34.08.732,3_End,2023.2.3,60.01133012759402,2023-12-07 15h34.21.420657 +0000,
19,5,coffeemug,coffeemugcn,./stims/CritBystanders/bucket.jpeg,./stims/CritBystanders/coffeemugcn.jpeg,SS,SS_3,,,,,,,,,0,18,18,18,,,,,161.49907979997806,,,,,,,,,161.46702330000699,1.0156607000390068,169.06657899997663,[0.887962962962963],[0.10648148148148148],[1],[0],[0],[7.586074299993925],,,,,,,,,,,,0712_1500_CB3_42_2,001,2023-12-07_15h34.08.732,3_End,2023.2.3,60.01133012759402,2023-12-07 15h34.21.420657 +0000,
20,5,clipboard,clipboardcn,./stims/CritBystanders/peacock.jpeg,./stims/CritBystanders/clipboardcn.jpeg,SR,SR_5,,,,,,,,,0,19,19,19,,,,,169.09916679991875,,,,,,,,,169.06717499997467,1.015583899919875,179.36645689990837,[0.887962962962963],[0.10648148148148148],[1],[0],[0],[10.285694999969564],,,,,,,,,,,,0712_1500_CB3_42_2,001,2023-12-07_15h34.08.732,3_End,2023.2.3,60.01133012759402,2023-12-07 15h34.21.420657 +0000,
21,6,soccerball,soccerballcn,./stims/CritBystanders/iron.jpeg,./stims/CritBystanders/soccerballcn.jpeg,RR,RR_7,,,,,,,,,0,20,20,20,,,,,179.39924659999087,,,,,,,,,179.36702619993594,0.9991467000218108,186.2500022999011,[0.887962962962963],[0.10648148148148148],[1],[0],[0],[6.86586569994688],,,,,,,,,,,,0712_1500_CB3_42_2,001,2023-12-07_15h34.08.732,3_End,2023.2.3,60.01133012759402,2023-12-07 15h34.21.420657 +0000,
22,6,wallet,walletcn,./stims/CritBystanders/chair.jpeg,./stims/CritBystanders/walletcn.jpeg,SS,SS_6,,,,,,,,,0,21,21,21,,,,,186.28268429997843,,,,,,,,,186.25059109996073,1.0156027999473736,194.4330288999481,[0.887962962962963],[0.10648148148148148],[1],[0],[0],[8.169055999955162],,,,,,,,,,,,0712_1500_CB3_42_2,001,2023-12-07_15h34.08.732,3_End,2023.2.3,60.01133012759402,2023-12-07 15h34.21.420657 +0000,
23,6,calculator,calculatorcn,./stims/CritBystanders/umbrella.jpeg,./stims/CritBystanders/calculatorcn.jpeg,RS,RS_4,,,,,,,,,0,22,22,22,,,,,194.46600389992818,,,,,,,,,194.4336208999157,0.9992714999243617,200.29990839993116,[0.887962962962963],[0.10648148148148148],[1],[0],[0],[5.849340500077233],,,,,,,,,,,,0712_1500_CB3_42_2,001,2023-12-07_15h34.08.732,3_End,2023.2.3,60.01133012759402,2023-12-07 15h34.21.420657 +0000,
24,6,toiletpaper,toiletpapercn,./stims/CritBystanders/books.jpeg,./stims/CritBystanders/toiletpapercn.jpeg,SR,SR_2,,,,,,,,,0,23,23,23,,,,,200.3327398999827,,,,,,,,,200.30059379991144,0.999034900101833,208.3000368999783,[0.887962962962963],[0.10648148148148148],[1],[0],[0],[7.985853600082919],,,,,,,,,,,,0712_1500_CB3_42_2,001,2023-12-07_15h34.08.732,3_End,2023.2.3,60.01133012759402,2023-12-07 15h34.21.420657 +0000,
25,7,watch,watchcn,./stims/CritBystanders/backpack.jpeg,./stims/CritBystanders/watchcn.jpeg,SR,SR_8,,,,,,,,,0,24,24,24,,,,,208.33277129998896,,,,,,,,,208.3006148999557,0.9990355999907479,217.81682109995745,[0.887962962962963],[0.10648148148148148],[1],[0],[0],[9.498252899968065],,,,,,,,,,,,0712_1500_CB3_42_2,001,2023-12-07_15h34.08.732,3_End,2023.2.3,60.01133012759402,2023-12-07 15h34.21.420657 +0000,
26,7,telephone,telephonecn,./stims/CritBystanders/guitar.jpeg,./stims/CritBystanders/telephonecn.jpeg,RR,RR_4,,,,,,,,,0,25,25,25,,,,,217.8495208999375,,,,,,,,,217.81741259992123,1.015690500033088,232.01685359992553,[0.887962962962963],[0.10648148148148148],[1],[0],[0],[14.186274499981664],,,,,,,,,,,,0712_1500_CB3_42_2,001,2023-12-07_15h34.08.732,3_End,2023.2.3,60.01133012759402,2023-12-07 15h34.21.420657 +0000,
27,7,video,videocn,./stims/CritBystanders/shoes.jpeg,./stims/CritBystanders/videocn.jpeg,RS,RS_7,,,,,,,,,0,26,26,26,,,,,232.04964339989237,,,,,,,,,232.01744679990225,0.9990758000640199,237.43360569991637,[0.887962962962963],[0.10648148148148148],[1],[0],[0],[5.402317199972458],,,,,,,,,,,,0712_1500_CB3_42_2,001,2023-12-07_15h34.08.732,3_End,2023.2.3,60.01133012759402,2023-12-07 15h34.21.420657 +0000,
28,7,shoes,shoescn,./stims/CritBystanders/video.jpeg,./stims/CritBystanders/shoescn.jpeg,SS,SS_7,,,,,,,,,0,27,27,27,,,,,237.46635709994007,,,,,,,,,237.43418639991432,0.9990304000675678,242.2501842000056,[0.887962962962963],[0.10648148148148148],[1],[0],[0],[4.802610500017181],,,,,,,,,,,,0712_1500_CB3_42_2,001,2023-12-07_15h34.08.732,3_End,2023.2.3,60.01133012759402,2023-12-07 15h34.21.420657 +0000,
29,8,bucket,bucketcn,./stims/CritBystanders/coffeemug.jpeg,./stims/CritBystanders/bucketcn.jpeg,RS,RS_3,,,,,,,,,0,28,28,28,,,,,242.28306149994023,,,,,,,,,242.25073909992352,0.999240200035274,254.73374870000407,[0.887962962962963],[0.10648148148148148],[1],[0],[0],[12.469773499993607],,,,,,,,,,,,0712_1500_CB3_42_2,001,2023-12-07_15h34.08.732,3_End,2023.2.3,60.01133012759402,2023-12-07 15h34.21.420657 +0000,
30,8,computer,computercn,./stims/CritBystanders/stapler.jpeg,./stims/CritBystanders/computercn.jpeg,SR,SR_1,,,,,,,,,0,29,29,29,,,,,254.76648819993716,,,,,,,,,254.734337199945,0.9990289999404922,258.65046599996276,[0.887962962962963],[0.10648148148148148],[1],[0],[0],[3.903145100106485],,,,,,,,,,,,0712_1500_CB3_42_2,001,2023-12-07_15h34.08.732,3_End,2023.2.3,60.01133012759402,2023-12-07 15h34.21.420657 +0000,
31,8,comb,combcn,./stims/CritBystanders/wastebasket.jpeg,./stims/CritBystanders/combcn.jpeg,SS,SS_5,,,,,,,,,0,30,30,30,,,,,258.68318589997943,,,,,,,,,258.6510577999288,1.015688799903728,263.8002489999635,[0.887962962962963],[0.10648148148148148],[1],[0],[0],[5.131419199984521],,,,,,,,,,,,0712_1500_CB3_42_2,001,2023-12-07_15h34.08.732,3_End,2023.2.3,60.01133012759402,2023-12-07 15h34.21.420657 +0000,
32,8,backpack,backpackcn,./stims/CritBystanders/watch.jpeg,./stims/CritBystanders/backpackcn.jpeg,RR,RR_8,,,,,,,,,0,31,31,31,,,,,263.83321839990094,,,,,,,,,263.8007954999339,0.999335499946028,267.433769700001,[0.887962962962963],[0.10648148148148148],[1],[0],[0],[3.6184326000511646],,,,,,,,,,,,0712_1500_CB3_42_2,001,2023-12-07_15h34.08.732,3_End,2023.2.3,60.01133012759402,2023-12-07 15h34.21.420657 +0000,
,,,,,,,,1,1,pan,pancn,./stims/AcqBystanders/pan.jpeg,./stims/AcqBystanders/pancn.jpeg,SS,SS_2,,,,,0,0,0,0,267.4835232999176,,,,,,,,,,,,,,,,,,267.44361979991663,0.9991006000200287,275.23390729993116,[0.887962962962963],[0.10648148148148148],[1],[0],[0],[7.764568599988706],,,0712_1500_CB3_42_2,001,2023-12-07_15h34.08.732,3_End,2023.2.3,60.01133012759402,2023-12-07 15h34.21.420657 +0000,
,,,,,,,,2,1,lightbulb,lightbulbcn,./stims/AcqBystanders/lightbulb.jpeg,./stims/AcqBystanders/lightbulbcn.jpeg,SR,SR_3,,,,,0,1,1,1,275.35043099999893,,,,,,,,,,,,,,,,,,275.2347950999392,1.0154151000315323,291.25019829999655,[],[],[],[],[],[],,,0712_1500_CB3_42_2,001,2023-12-07_15h34.08.732,3_End,2023.2.3,60.01133012759402,2023-12-07 15h34.21.420657 +0000,
,,,,,,,,3,1,shampoo,shampoocn,./stims/AcqBystanders/shampoo.jpeg,./stims/AcqBystanders/shampoocn.jpeg,RS,RS_4,,,,,0,2,2,2,291.2838429999538,,,,,,,,,,,,,,,,,,291.25075609993655,1.0155921000987291,296.6007124999305,[0.887962962962963],[0.10833333333333334],[1],[0],[0],[5.322513199993409],,,0712_1500_CB3_42_2,001,2023-12-07_15h34.08.732,3_End,2023.2.3,60.01133012759402,2023-12-07 15h34.21.420657 +0000,
,,,,,,,,4,1,mandms,mandmscn,./stims/AcqBystanders/mandms.jpeg,./stims/AcqBystanders/mandmscn.jpeg,RR,RR_2,,,,,0,3,3,3,296.6334510999732,,,,,,,,,,,,,,,,,,296.6013052999042,0.9990585000487044,303.7008849999402,[0.887962962962963],[0.11944444444444445],[1],[0],[0],[7.082905599963851],,,0712_1500_CB3_42_2,001,2023-12-07_15h34.08.732,3_End,2023.2.3,60.01133012759402,2023-12-07 15h34.21.420657 +0000,
,,,,,,,,5,1,sheet,sheetcn,./stims/AcqBystanders/sheet.jpeg,./stims/AcqBystanders/sheetcn.jpeg,RS,RS_3,,,,,0,4,4,4,303.7335087999236,,,,,,,,,,,,,,,,,,303.7014823999489,1.0155848999274895,308.9175019999966,[0.887962962962963],[0.11944444444444445],[1],[0],[0],[5.198147899936885],,,0712_1500_CB3_42_2,001,2023-12-07_15h34.08.732,3_End,2023.2.3,60.01133012759402,2023-12-07 15h34.21.420657 +0000,
,,,,,,,,6,1,bottle,bottlecn,./stims/AcqBystanders/bottle.jpeg,./stims/AcqBystanders/bottlecn.jpeg,SS,SS_1,,,,,0,5,5,5,308.9501922999043,,,,,,,,,,,,,,,,,,308.9180895999307,0.9990115999244153,319.0175560999196,[0.887962962962963],[0.11944444444444445],[1],[0],[0],[10.085476799984463],,,0712_1500_CB3_42_2,001,2023-12-07_15h34.08.732,3_End,2023.2.3,60.01133012759402,2023-12-07 15h34.21.420657 +0000,
,,,,,,,,7,1,trunk,trunkcn,./stims/AcqBystanders/trunk.jpeg,./stims/AcqBystanders/trunkcn.jpeg,SR,SR_1,,,,,0,6,6,6,319.0502919999417,,,,,,,,,,,,,,,,,,319.0181457999861,0.9990400000242516,327.0340809999034,[0.887962962962963],[0.11944444444444445],[1],[0],[0],[7.999276900081895],,,0712_1500_CB3_42_2,001,2023-12-07_15h34.08.732,3_End,2023.2.3,60.01133012759402,2023-12-07 15h34.21.420657 +0000,
,,,,,,,,8,1,can,cancn,./stims/AcqBystanders/can.jpeg,./stims/AcqBystanders/cancn.jpeg,RR,RR_3,,,,,0,7,7,7,327.06702829990536,,,,,,,,,,,,,,,,,,327.0346790999174,0.9992658999981359,335.5510150999762,[0.887962962962963],[0.11944444444444445],[1],[0],[0],[8.504515599925071],,,0712_1500_CB3_42_2,001,2023-12-07_15h34.08.732,3_End,2023.2.3,60.01133012759402,2023-12-07 15h34.21.420657 +0000,
,,,,,,,,9,1,towel,towelcn,./stims/AcqBystanders/towel.jpeg,./stims/AcqBystanders/towelcn.jpeg,RS,RS_1,,,,,0,8,8,8,335.583779699984,,,,,,,,,,,,,,,,,,335.551609099959,1.0157509000273421,342.1344390999293,[0.887962962962963],[0.12037037037037036],[1],[0],[0],[6.5663225000025705],,,0712_1500_CB3_42_2,001,2023-12-07_15h34.08.732,3_End,2023.2.3,60.01133012759402,2023-12-07 15h34.21.420657 +0000,
,,,,,,,,10,1,fireextinguisher,fireextinguishercn,./stims/AcqBystanders/fireextinguisher.jpeg,./stims/AcqBystanders/fireextinguishercn.jpeg,RR,RR_1,,,,,0,9,9,9,342.16712769994047,,,,,,,,,,,,,,,,,,342.1350384999532,1.0156648999545723,352.98452339996584,[0.887962962962963],[0.12037037037037036],[1],[0],[0],[10.834012000006624],,,0712_1500_CB3_42_2,001,2023-12-07_15h34.08.732,3_End,2023.2.3,60.01133012759402,2023-12-07 15h34.21.420657 +0000,
,,,,,,,,11,1,passport,passportcn,./stims/AcqBystanders/passport.jpeg,./stims/AcqBystanders/passportcn.jpeg,SS,SS_3,,,,,0,10,10,10,353.01721679989714,,,,,,,,,,,,,,,,,,352.9851250000065,1.0157165999989957,361.26815079990774,[0.887962962962963],[0.12037037037037036],[1],[0],[0],[8.26409589999821],,,0712_1500_CB3_42_2,001,2023-12-07_15h34.08.732,3_End,2023.2.3,60.01133012759402,2023-12-07 15h34.21.420657 +0000,
,,,,,,,,12,1,headphones,headphonescn,./stims/AcqBystanders/headphones.jpeg,./stims/AcqBystanders/headphonescn.jpeg,SR,SR_2,,,,,0,11,11,11,361.3006211000029,,,,,,,,,,,,,,,,,,361.26874490000773,1.0154487000545487,377.2841531999875,[],[],[],[],[],[],,,0712_1500_CB3_42_2,001,2023-12-07_15h34.08.732,3_End,2023.2.3,60.01133012759402,2023-12-07 15h34.21.420657 +0000,
,,,,,,,,13,1,perfume,perfumecn,./stims/AcqBystanders/perfume.jpeg,./stims/AcqBystanders/perfumecn.jpeg,SR,SR_4,,,,,0,12,12,12,377.3174314999487,,,,,,,,,,,,,,,,,,377.2846620999044,1.0155454999767244,387.35149639996234,[0.887962962962963],[0.12037037037037036],[1],[0],[0],[10.052860100055113],,,0712_1500_CB3_42_2,001,2023-12-07_15h34.08.732,3_End,2023.2.3,60.01133012759402,2023-12-07 15h34.21.420657 +0000,
,,,,,,,,14,1,cup,cupcn,./stims/AcqBystanders/cup.jpeg,./stims/AcqBystanders/cupcn.jpeg,RS,RS_2,,,,,0,13,13,13,387.4678528999211,,,,,,,,,,,,,,,,,,387.35208629991394,1.0156616000458598,390.8512103999965,[0.887962962962963],[0.12037037037037036],[1],[0],[0],[3.3982057999819517],,,0712_1500_CB3_42_2,001,2023-12-07_15h34.08.732,3_End,2023.2.3,60.01133012759402,2023-12-07 15h34.21.420657 +0000,
,,,,,,,,,,,,,,,,,,,,,,,,,,,,,,,,,,,,,,,,,,,,,,,,,,,390.851649899967,390.8675005999394,,,,,,,,
