﻿order_ext,blk_ext,bystander_ext,test_item_ext,bystander_loc_ext,test_item_loc_ext,trial_type_ext,itemNo_ext,order_cond_acq,blk_cond_acq,bystander_cond_acq,test_item_cond_acq,bystander_loc_cond_acq,test_item_loc_cond_acq,trial_type_cond_acq,itemNo_cond_acq,trials.thisRepN,trials.thisTrialN,trials.thisN,trials.thisIndex,trials_2.thisRepN,trials_2.thisTrialN,trials_2.thisN,trials_2.thisIndex,thisRow.t,notes,INSTRUCTION.started,instruct1.started,ok1.started,INSTRUCTION.stopped,ok1.keys,ok1.rt,ok1.duration,END_EXT.started,mouse_ext.started,END_EXT.stopped,mouse_ext.x,mouse_ext.y,mouse_ext.leftButton,mouse_ext.midButton,mouse_ext.rightButton,mouse_ext.time,END_ACQ.started,mouse_cond.started,END_ACQ.stopped,mouse_cond.x,mouse_cond.y,mouse_cond.leftButton,mouse_cond.midButton,mouse_cond.rightButton,mouse_cond.time,mouse_cond.stopped,thanks.started,thanksMsg.started,participant,session,date,expName,psychopyVersion,frameRate,expStart,
,,,,,,,,,,,,,,,,,,,,,,,,,,0.011251899995841086,0.027768999978434294,0.027768999978434294,2.595193699991796,space,2.562519200029783,None,,,,,,,,,,,,,,,,,,,,,,0712_0900_SB4_39_2,001,2023-12-07_09h52.43.933,3_End,2023.2.3,60.025270649682234,2023-12-07 09h52.58.206208 +0000,
1,1,walkman,walkmancn,./stims/CritBystanders/cap.jpeg,./stims/CritBystanders/bookscn.jpeg,SS,SS_2,,,,,,,,,0,0,0,0,,,,,2.6611181999905966,,,,,,,,,2.6093075000098906,0.9993354000034742,7.761793199984822,[0.887962962962963],[0.1712962962962963],[1],[0],[0],[5.123601900006179],,,,,,,,,,,,,0712_0900_SB4_39_2,001,2023-12-07_09h52.43.933,3_End,2023.2.3,60.025270649682234,2023-12-07 09h52.58.206208 +0000,
2,1,wallet,walletcn,./stims/CritBystanders/chessboard.jpeg,./stims/CritBystanders/walletcn.jpeg,SR,SR_6,,,,,,,,,0,1,1,1,,,,,7.79448370001046,,,,,,,,,7.7627017999766394,1.0154005999793299,15.478562299977057,[0.887962962962963],[0.2074074074074074],[1],[0],[0],[7.703525900025852],,,,,,,,,,,,,0712_0900_SB4_39_2,001,2023-12-07_09h52.43.933,3_End,2023.2.3,60.025270649682234,2023-12-07 09h52.58.206208 +0000,
3,1,scissors,scissorscn,./stims/CritBystanders/wallet.jpeg,./stims/CritBystanders/scissorscn.jpeg,RS,RS_6,,,,,,,,,0,2,2,2,,,,,15.51122679997934,,,,,,,,,15.479145199991763,1.0156366999726743,31.49474100000225,[],[],[],[],[],[],,,,,,,,,,,,,0712_0900_SB4_39_2,001,2023-12-07_09h52.43.933,3_End,2023.2.3,60.025270649682234,2023-12-07 09h52.58.206208 +0000,
4,1,wastebasket,wastebasketcn,./stims/CritBystanders/clipboard.jpeg,./stims/CritBystanders/wastebasketcn.jpeg,RR,RR_5,,,,,,,,,0,3,3,3,,,,,31.52798439998878,,,,,,,,,31.495269200007897,0.9991047999938019,35.111711799982004,[0.887962962962963],[0.2074074074074074],[1],[0],[0],[3.5995017999666743],,,,,,,,,,,,,0712_0900_SB4_39_2,001,2023-12-07_09h52.43.933,3_End,2023.2.3,60.025270649682234,2023-12-07 09h52.58.206208 +0000,
5,2,clipboard,clipboardcn,./stims/CritBystanders/comb.jpeg,./stims/CritBystanders/clipboardcn.jpeg,RS,RS_5,,,,,,,,,0,4,4,4,,,,,35.14469729998382,,,,,,,,,35.11225770000601,0.9993171999813057,42.72868399997242,[0.887962962962963],[0.2074074074074074],[1],[0],[0],[7.603041300026234],,,,,,,,,,,,,0712_0900_SB4_39_2,001,2023-12-07_09h52.43.933,3_End,2023.2.3,60.025270649682234,2023-12-07 09h52.58.206208 +0000,
6,2,stapler,staplercn,./stims/CritBystanders/electriccord.jpeg,./stims/CritBystanders/staplercn.jpeg,SS,SS_1,,,,,,,,,0,5,5,5,,,,,42.76140789996134,,,,,,,,,42.72926809999626,0.9990963999880478,48.49533219996374,[0.887962962962963],[0.2074074074074074],[1],[0],[0],[5.749395300052129],,,,,,,,,,,,,0712_0900_SB4_39_2,001,2023-12-07_09h52.43.933,3_End,2023.2.3,60.025270649682234,2023-12-07 09h52.58.206208 +0000,
7,2,cap,capcn,./stims/CritBystanders/toiletpaper.jpeg,./stims/CritBystanders/capcn.jpeg,RR,RR_2,,,,,,,,,0,6,6,6,,,,,48.5281294999877,,,,,,,,,48.4958639999968,0.9991291000042111,55.17889609996928,[0.887962962962963],[0.2074074074074074],[1],[0],[0],[6.665812199993525],,,,,,,,,,,,,0712_0900_SB4_39_2,001,2023-12-07_09h52.43.933,3_End,2023.2.3,60.025270649682234,2023-12-07 09h52.58.206208 +0000,
8,2,coffeemug,coffeemugcn,./stims/CritBystanders/keys.jpeg,./stims/CritBystanders/coffeemugcn.jpeg,SR,SR_3,,,,,,,,,0,7,7,7,,,,,55.21148549998179,,,,,,,,,55.17948669998441,1.0156198000186123,59.31213320000097,[0.887962962962963],[0.2074074074074074],[1],[0],[0],[4.1154868000303395],,,,,,,,,,,,,0712_0900_SB4_39_2,001,2023-12-07_09h52.43.933,3_End,2023.2.3,60.025270649682234,2023-12-07 09h52.58.206208 +0000,
9,3,chair,chaircn,./stims/CritBystanders/scissors.jpeg,./stims/CritBystanders/chaircn.jpeg,RR,RR_6,,,,,,,,,0,8,8,8,,,,,59.34488849999616,,,,,,,,,59.31272359995637,0.9990324000245892,70.12890479998896,[0.887962962962963],[0.2074074074074074],[1],[0],[0],[10.803448599996045],,,,,,,,,,,,,0712_0900_SB4_39_2,001,2023-12-07_09h52.43.933,3_End,2023.2.3,60.025270649682234,2023-12-07 09h52.58.206208 +0000,
10,3,shoes,shoescn,./stims/CritBystanders/soccerball.jpeg,./stims/CritBystanders/shoescn.jpeg,SR,SR_7,,,,,,,,,0,9,9,9,,,,,70.16167519998271,,,,,,,,,70.129488400009,0.9990231999545358,73.49563600000693,[0.887962962962963],[0.2074074074074074],[1],[0],[0],[3.3526833999785595],,,,,,,,,,,,,0712_0900_SB4_39_2,001,2023-12-07_09h52.43.933,3_End,2023.2.3,60.025270649682234,2023-12-07 09h52.58.206208 +0000,
11,3,backpack,backpackcn,./stims/CritBystanders/crate.jpeg,./stims/CritBystanders/backpackcn.jpeg,SS,SS_8,,,,,,,,,0,10,10,10,,,,,73.5283501999802,,,,,,,,,73.49622209998779,1.0156643000082113,76.86220589996083,[0.887962962962963],[0.2074074074074074],[1],[0],[0],[3.3484457000158727],,,,,,,,,,,,,0712_0900_SB4_39_2,001,2023-12-07_09h52.43.933,3_End,2023.2.3,60.025270649682234,2023-12-07 09h52.58.206208 +0000,
12,3,toiletpaper,toiletpapercn,./stims/CritBystanders/walkman.jpeg,./stims/CritBystanders/toiletpapercn.jpeg,RS,RS_2,,,,,,,,,0,11,11,11,,,,,76.89503319998039,,,,,,,,,76.86288699996658,0.9990091000217944,80.47893659997499,[0.887962962962963],[0.2074074074074074],[1],[0],[0],[3.5997022000374272],,,,,,,,,,,,,0712_0900_SB4_39_2,001,2023-12-07_09h52.43.933,3_End,2023.2.3,60.025270649682234,2023-12-07 09h52.58.206208 +0000,
13,4,electriccord,electriccordcn,./stims/CritBystanders/computer.jpeg,./stims/CritBystanders/electriccordcn.jpeg,RR,RR_1,,,,,,,,,0,12,12,12,,,,,80.51169089996256,,,,,,,,,80.47947719995864,0.9991016000276431,86.11230629996862,[0.887962962962963],[0.2074074074074074],[1],[0],[0],[5.619368699961342],,,,,,,,,,,,,0712_0900_SB4_39_2,001,2023-12-07_09h52.43.933,3_End,2023.2.3,60.025270649682234,2023-12-07 09h52.58.206208 +0000,
14,4,computer,computercn,./stims/CritBystanders/cards.jpeg,./stims/CritBystanders/computercn.jpeg,RS,RS_1,,,,,,,,,0,13,13,13,,,,,86.14506149996305,,,,,,,,,86.1128391000093,0.9991300999536179,94.7621916999924,[0.887962962962963],[0.2074074074074074],[1],[0],[0],[8.631902199995238],,,,,,,,,,,,,0712_0900_SB4_39_2,001,2023-12-07_09h52.43.933,3_End,2023.2.3,60.025270649682234,2023-12-07 09h52.58.206208 +0000,
15,4,telephone,telephonecn,./stims/CritBystanders/calculator.jpeg,./stims/CritBystanders/telephonecn.jpeg,SS,SS_4,,,,,,,,,0,14,14,14,,,,,94.79517890000716,,,,,,,,,94.76278059999458,0.9992322999751195,98.82908319996204,[0.887962962962963],[0.2074074074074074],[1],[0],[0],[4.048759899975266],,,,,,,,,,,,,0712_0900_SB4_39_2,001,2023-12-07_09h52.43.933,3_End,2023.2.3,60.025270649682234,2023-12-07 09h52.58.206208 +0000,
16,4,umbrella,umbrellacn,./stims/CritBystanders/telephone.jpeg,./stims/CritBystanders/umbrellacn.jpeg,SR,SR_4,,,,,,,,,0,15,15,15,,,,,98.86184019997017,,,,,,,,,98.82963659998495,0.9991191999870352,110.56256250001024,[0.887962962962963],[0.2074074074074074],[1],[0],[0],[11.717394100036472],,,,,,,,,,,,,0712_0900_SB4_39_2,001,2023-12-07_09h52.43.933,3_End,2023.2.3,60.025270649682234,2023-12-07 09h52.58.206208 +0000,
17,5,bucket,bucketcn,./stims/CritBystanders/fan.jpeg,./stims/CritBystanders/bucketcn.jpeg,RR,RR_3,,,,,,,,,0,16,16,16,,,,,110.59527609997895,,,,,,,,,110.56311950000236,0.9991119999904186,116.67906639998546,[0.887962962962963],[0.2074074074074074],[1],[0],[0],[6.1022293999558315],,,,,,,,,,,,,0712_0900_SB4_39_2,001,2023-12-07_09h52.43.933,3_End,2023.2.3,60.025270649682234,2023-12-07 09h52.58.206208 +0000,
18,5,watch,watchcn,./stims/CritBystanders/candle.jpeg,./stims/CritBystanders/watchcn.jpeg,RS,RS_8,,,,,,,,,0,17,17,17,,,,,116.71199159999378,,,,,,,,,116.67964819999179,0.999302499985788,124.27929539995966,[0.887962962962963],[0.2074074074074074],[1],[0],[0],[7.585733699961565],,,,,,,,,,,,,0712_0900_SB4_39_2,001,2023-12-07_09h52.43.933,3_End,2023.2.3,60.025270649682234,2023-12-07 09h52.58.206208 +0000,
19,5,keys,keyscn,./stims/CritBystanders/bucket.jpeg,./stims/CritBystanders/keyscn.jpeg,SS,SS_3,,,,,,,,,0,18,18,18,,,,,124.31206629995722,,,,,,,,,124.27987799997209,0.9990965999895707,135.27943130000494,[0.887962962962963],[0.2074074074074074],[1],[0],[0],[10.986042800010182],,,,,,,,,,,,,0712_0900_SB4_39_2,001,2023-12-07_09h52.43.933,3_End,2023.2.3,60.025270649682234,2023-12-07 09h52.58.206208 +0000,
20,5,comb,combcn,./stims/CritBystanders/peacock.jpeg,./stims/CritBystanders/combcn.jpeg,SR,SR_5,,,,,,,,,0,19,19,19,,,,,135.31215189996874,,,,,,,,,135.28002659999765,1.0156230999855325,145.32959439995466,[0.887962962962963],[0.2074074074074074],[1],[0],[0],[10.035810300032608],,,,,,,,,,,,,0712_0900_SB4_39_2,001,2023-12-07_09h52.43.933,3_End,2023.2.3,60.025270649682234,2023-12-07 09h52.58.206208 +0000,
21,6,video,videocn,./stims/CritBystanders/iron.jpeg,./stims/CritBystanders/videocn.jpeg,RR,RR_7,,,,,,,,,0,20,20,20,,,,,145.3622277000104,,,,,,,,,145.33018449996598,1.0155950000043958,151.69612679997226,[0.887962962962963],[0.2074074074074074],[1],[0],[0],[6.348680199997034],,,,,,,,,,,,,0712_0900_SB4_39_2,001,2023-12-07_09h52.43.933,3_End,2023.2.3,60.025270649682234,2023-12-07 09h52.58.206208 +0000,
22,6,chessboard,chessboardcn,./stims/CritBystanders/chair.jpeg,./stims/CritBystanders/chessboardcn.jpeg,SS,SS_6,,,,,,,,,0,21,21,21,,,,,151.72889919998124,,,,,,,,,151.69668519997504,0.9990861000260338,165.02938259998336,[0.887962962962963],[0.2074074074074074],[1],[0],[0],[13.319786600011867],,,,,,,,,,,,,0712_0900_SB4_39_2,001,2023-12-07_09h52.43.933,3_End,2023.2.3,60.025270649682234,2023-12-07 09h52.58.206208 +0000,
23,6,guitar,guitarcn,./stims/CritBystanders/umbrella.jpeg,./stims/CritBystanders/guitarcn.jpeg,RS,RS_4,,,,,,,,,0,22,22,22,,,,,165.06233399995835,,,,,,,,,165.02989569999045,0.999397199950181,174.91299409995554,[0.887962962962963],[0.2074074074074074],[1],[0],[0],[9.871356699964963],,,,,,,,,,,,,0712_0900_SB4_39_2,001,2023-12-07_09h52.43.933,3_End,2023.2.3,60.025270649682234,2023-12-07 09h52.58.206208 +0000,
24,6,walkman,walkmancn,./stims/CritBystanders/books.jpeg,./stims/CritBystanders/walkmancn.jpeg,SR,SR_2,,,,,,,,,0,23,23,23,,,,,174.94574279995868,,,,,,,,,174.91357069998048,0.9990564999752678,181.62972159998026,[0.887962962962963],[0.2074074074074074],[1],[0],[0],[6.699332399992272],,,,,,,,,,,,,0712_0900_SB4_39_2,001,2023-12-07_09h52.43.933,3_End,2023.2.3,60.025270649682234,2023-12-07 09h52.58.206208 +0000,
25,7,candle,candlecn,./stims/CritBystanders/backpack.jpeg,./stims/CritBystanders/candlecn.jpeg,SR,SR_8,,,,,,,,,0,24,24,24,,,,,181.6624619999784,,,,,,,,,181.63030909997178,0.9990654999855906,186.21290749998298,[0.887962962962963],[0.2074074074074074],[1],[0],[0],[4.569402799999807],,,,,,,,,,,,,0712_0900_SB4_39_2,001,2023-12-07_09h52.43.933,3_End,2023.2.3,60.025270649682234,2023-12-07 09h52.58.206208 +0000,
26,7,calculator,calculatorcn,./stims/CritBystanders/guitar.jpeg,./stims/CritBystanders/calculatorcn.jpeg,RR,RR_4,,,,,,,,,0,25,25,25,,,,,186.24582640000153,,,,,,,,,186.2134900999954,0.999279200041201,192.39648060000036,[0.887962962962963],[0.2074074074074074],[1],[0],[0],[6.171410199953243],,,,,,,,,,,,,0712_0900_SB4_39_2,001,2023-12-07_09h52.43.933,3_End,2023.2.3,60.025270649682234,2023-12-07 09h52.58.206208 +0000,
27,7,iron,ironcn,./stims/CritBystanders/shoes.jpeg,./stims/CritBystanders/ironcn.jpeg,RS,RS_7,,,,,,,,,0,26,26,26,,,,,192.42920249997405,,,,,,,,,192.39705909998156,0.9990161000168882,196.4631725999643,[0.887962962962963],[0.2074074074074074],[1],[0],[0],[4.052647200005595],,,,,,,,,,,,,0712_0900_SB4_39_2,001,2023-12-07_09h52.43.933,3_End,2023.2.3,60.025270649682234,2023-12-07 09h52.58.206208 +0000,
28,7,soccerball,soccerballcn,./stims/CritBystanders/video.jpeg,./stims/CritBystanders/soccerballcn.jpeg,SS,SS_7,,,,,,,,,0,27,27,27,,,,,196.49590989999706,,,,,,,,,196.46372929995414,0.9990701000206172,202.61320459999843,[0.887962962962963],[0.2074074074074074],[1],[0],[0],[6.136711600003764],,,,,,,,,,,,,0712_0900_SB4_39_2,001,2023-12-07_09h52.43.933,3_End,2023.2.3,60.025270649682234,2023-12-07 09h52.58.206208 +0000,
29,8,fan,fancn,./stims/CritBystanders/coffeemug.jpeg,./stims/CritBystanders/fancn.jpeg,RS,RS_3,,,,,,,,,0,28,28,28,,,,,202.64595999999437,,,,,,,,,202.6138071999885,0.9990191000397317,216.83000949997222,[0.887962962962963],[0.2074074074074074],[1],[0],[0],[14.199489600025117],,,,,,,,,,,,,0712_0900_SB4_39_2,001,2023-12-07_09h52.43.933,3_End,2023.2.3,60.025270649682234,2023-12-07 09h52.58.206208 +0000,
30,8,cards,cardscn,./stims/CritBystanders/stapler.jpeg,./stims/CritBystanders/cardscn.jpeg,SR,SR_1,,,,,,,,,0,29,29,29,,,,,216.86272509995615,,,,,,,,,216.83059369999683,0.9990994000108913,220.63008529995568,[0.887962962962963],[0.2074074074074074],[1],[0],[0],[3.786169700033497],,,,,,,,,,,,,0712_0900_SB4_39_2,001,2023-12-07_09h52.43.933,3_End,2023.2.3,60.025270649682234,2023-12-07 09h52.58.206208 +0000,
31,8,peacock,peacockcn,./stims/CritBystanders/wastebasket.jpeg,./stims/CritBystanders/peacockcn.jpeg,SS,SS_5,,,,,,,,,0,30,30,30,,,,,220.66276300000027,,,,,,,,,220.6306784999906,1.015648600005079,226.7968305000104,[0.887962962962963],[0.2074074074074074],[1],[0],[0],[6.149233100004494],,,,,,,,,,,,,0712_0900_SB4_39_2,001,2023-12-07_09h52.43.933,3_End,2023.2.3,60.025270649682234,2023-12-07 09h52.58.206208 +0000,
32,8,crate,cratecn,./stims/CritBystanders/watch.jpeg,./stims/CritBystanders/cratecn.jpeg,RR,RR_8,,,,,,,,,0,31,31,31,,,,,226.82950019999407,,,,,,,,,226.79739249998238,1.0156255000038072,231.24676869995892,[0.887962962962963],[0.2074074074074074],[1],[0],[0],[4.4365332999732345],,,,,,,,,,,,,0712_0900_SB4_39_2,001,2023-12-07_09h52.43.933,3_End,2023.2.3,60.025270649682234,2023-12-07 09h52.58.206208 +0000,
,,,,,,,,1,1,pan,pancn,./stims/AcqBystanders/pan.jpeg,./stims/AcqBystanders/pancn.jpeg,SS,SS_2,,,,,0,0,0,0,231.2964917999925,,,,,,,,,,,,,,,,,,231.25641759997234,0.999050399987027,244.43003839999437,[0.887962962962963],[0.2074074074074074],[1],[0],[0],[13.147687899996527],,,,0712_0900_SB4_39_2,001,2023-12-07_09h52.43.933,3_End,2023.2.3,60.025270649682234,2023-12-07 09h52.58.206208 +0000,
,,,,,,,,2,1,lightbulb,lightbulbcn,./stims/AcqBystanders/lightbulb.jpeg,./stims/AcqBystanders/lightbulbcn.jpeg,SR,SR_3,,,,,0,1,1,1,244.54662799998187,,,,,,,,,,,,,,,,,,244.4309383999789,1.015575000026729,252.4633249999606,[0.887962962962963],[0.2074074074074074],[1],[0],[0],[7.929077800014056],,,,0712_0900_SB4_39_2,001,2023-12-07_09h52.43.933,3_End,2023.2.3,60.025270649682234,2023-12-07 09h52.58.206208 +0000,
,,,,,,,,3,1,shampoo,shampoocn,./stims/AcqBystanders/shampoo.jpeg,./stims/AcqBystanders/shampoocn.jpeg,RS,RS_4,,,,,0,2,2,2,252.5133729999652,,,,,,,,,,,,,,,,,,252.46386049996363,0.9993565999902785,259.18030159996124,[0.887962962962963],[0.2074074074074074],[1],[0],[0],[6.685075799992774],,,,0712_0900_SB4_39_2,001,2023-12-07_09h52.43.933,3_End,2023.2.3,60.025270649682234,2023-12-07 09h52.58.206208 +0000,
,,,,,,,,4,1,mandms,mandmscn,./stims/AcqBystanders/mandms.jpeg,./stims/AcqBystanders/mandmscn.jpeg,RR,RR_2,,,,,0,3,3,3,259.21306390000973,,,,,,,,,,,,,,,,,,259.18085529998643,0.9990578000433743,269.28035389998695,[0.887962962962963],[0.2074074074074074],[1],[0],[0],[10.082607999967877],,,,0712_0900_SB4_39_2,001,2023-12-07_09h52.43.933,3_End,2023.2.3,60.025270649682234,2023-12-07 09h52.58.206208 +0000,
,,,,,,,,5,1,sheet,sheetcn,./stims/AcqBystanders/sheet.jpeg,./stims/AcqBystanders/sheetcn.jpeg,RS,RS_3,,,,,0,4,4,4,269.3131274000043,,,,,,,,,,,,,,,,,,269.2809061000007,0.9991245000273921,275.36383200000273,[0.887962962962963],[0.2074074074074074],[1],[0],[0],[6.069093400030397],,,,0712_0900_SB4_39_2,001,2023-12-07_09h52.43.933,3_End,2023.2.3,60.025270649682234,2023-12-07 09h52.58.206208 +0000,
,,,,,,,,6,1,bottle,bottlecn,./stims/AcqBystanders/bottle.jpeg,./stims/AcqBystanders/bottlecn.jpeg,SS,SS_1,,,,,0,5,5,5,275.396517199988,,,,,,,,,,,,,,,,,,275.36439159995643,0.9990000000107102,280.0137644999777,[0.887962962962963],[0.2074074074074074],[1],[0],[0],[4.637678099970799],,,,0712_0900_SB4_39_2,001,2023-12-07_09h52.43.933,3_End,2023.2.3,60.025270649682234,2023-12-07 09h52.58.206208 +0000,
,,,,,,,,7,1,trunk,trunkcn,./stims/AcqBystanders/trunk.jpeg,./stims/AcqBystanders/trunkcn.jpeg,SR,SR_1,,,,,0,6,6,6,280.0465447999886,,,,,,,,,,,,,,,,,,280.014349999954,0.9991374000092037,296.01358249998884,[],[],[],[],[],[],15.999200100020971,,,0712_0900_SB4_39_2,001,2023-12-07_09h52.43.933,3_End,2023.2.3,60.025270649682234,2023-12-07 09h52.58.206208 +0000,
,,,,,,,,8,1,can,cancn,./stims/AcqBystanders/can.jpeg,./stims/AcqBystanders/cancn.jpeg,RR,RR_3,,,,,0,7,7,7,296.0466713999631,,,,,,,,,,,,,,,,,,296.01413589995354,0.9992149000172503,304.0806152999867,[0.7462962962962963],[0.4462962962962963],[1],[0],[0],[8.053278799983673],,,,0712_0900_SB4_39_2,001,2023-12-07_09h52.43.933,3_End,2023.2.3,60.025270649682234,2023-12-07 09h52.58.206208 +0000,
,,,,,,,,9,1,towel,towelcn,./stims/AcqBystanders/towel.jpeg,./stims/AcqBystanders/towelcn.jpeg,RS,RS_1,,,,,0,8,8,8,304.1133891000063,,,,,,,,,,,,,,,,,,304.0812038999866,0.9990991000086069,315.19743649999145,[0.7462962962962963],[0.4462962962962963],[1],[0],[0],[11.099345099995844],,,,0712_0900_SB4_39_2,001,2023-12-07_09h52.43.933,3_End,2023.2.3,60.025270649682234,2023-12-07 09h52.58.206208 +0000,
,,,,,,,,10,1,fireextinguisher,fireextinguishercn,./stims/AcqBystanders/fireextinguisher.jpeg,./stims/AcqBystanders/fireextinguishercn.jpeg,RR,RR_1,,,,,0,9,9,9,315.23014419997344,,,,,,,,,,,,,,,,,,315.1980238999822,1.0156748999725096,326.0308233000105,[0.7462962962962963],[0.4462962962962963],[1],[0],[0],[10.815581000002567],,,,0712_0900_SB4_39_2,001,2023-12-07_09h52.43.933,3_End,2023.2.3,60.025270649682234,2023-12-07 09h52.58.206208 +0000,
,,,,,,,,11,1,passport,passportcn,./stims/AcqBystanders/passport.jpeg,./stims/AcqBystanders/passportcn.jpeg,SS,SS_3,,,,,0,10,10,10,326.06356320000486,,,,,,,,,,,,,,,,,,326.03142969997134,0.9990614000125788,330.0808417999651,[0.7462962962962963],[0.4462962962962963],[1],[0],[0],[4.034395200025756],,,,0712_0900_SB4_39_2,001,2023-12-07_09h52.43.933,3_End,2023.2.3,60.025270649682234,2023-12-07 09h52.58.206208 +0000,
,,,,,,,,12,1,headphones,headphonescn,./stims/AcqBystanders/headphones.jpeg,./stims/AcqBystanders/headphonescn.jpeg,SR,SR_2,,,,,0,11,11,11,330.11358820000896,,,,,,,,,,,,,,,,,,330.08143630000995,0.9990515999961644,334.09759009996196,[0.7462962962962963],[0.4462962962962963],[1],[0],[0],[4.00271500000963],,,,0712_0900_SB4_39_2,001,2023-12-07_09h52.43.933,3_End,2023.2.3,60.025270649682234,2023-12-07 09h52.58.206208 +0000,
,,,,,,,,13,1,perfume,perfumecn,./stims/AcqBystanders/perfume.jpeg,./stims/AcqBystanders/perfumecn.jpeg,SR,SR_4,,,,,0,12,12,12,334.1302862999728,,,,,,,,,,,,,,,,,,334.09819059999427,1.0156752999755554,339.3808833999792,[0.7462962962962963],[0.4462962962962963],[1],[0],[0],[5.265390599961393],,,,0712_0900_SB4_39_2,001,2023-12-07_09h52.43.933,3_End,2023.2.3,60.025270649682234,2023-12-07 09h52.58.206208 +0000,
,,,,,,,,14,1,cup,cupcn,./stims/AcqBystanders/cup.jpeg,./stims/AcqBystanders/cupcn.jpeg,RS,RS_2,,,,,0,13,13,13,339.49737269995967,,,,,,,,,,,,,,,,,,339.3814482999733,0.9990932999644428,353.0974774999777,[0.7462962962962963],[0.4462962962962963],[1],[0],[0],[13.611440099950414],,,,0712_0900_SB4_39_2,001,2023-12-07_09h52.43.933,3_End,2023.2.3,60.025270649682234,2023-12-07 09h52.58.206208 +0000,
,,,,,,,,,,,,,,,,,,,,,,,,,,,,,,,,,,,,,,,,,,,,,,,,,,,,353.09793039999204,353.11376669997117,,,,,,,,
