﻿order_ext,blk_ext,bystander_ext,test_item_ext,bystander_loc_ext,test_item_loc_ext,trial_type_ext,itemNo_ext,order_cond_acq,blk_cond_acq,bystander_cond_acq,test_item_cond_acq,bystander_loc_cond_acq,test_item_loc_cond_acq,trial_type_cond_acq,itemNo_cond_acq,trials.thisRepN,trials.thisTrialN,trials.thisN,trials.thisIndex,trials_2.thisRepN,trials_2.thisTrialN,trials_2.thisN,trials_2.thisIndex,thisRow.t,notes,INSTRUCTION.started,instruct1.started,ok1.started,INSTRUCTION.stopped,ok1.keys,ok1.rt,ok1.duration,END_EXT.started,mouse_ext.started,END_EXT.stopped,mouse_ext.x,mouse_ext.y,mouse_ext.leftButton,mouse_ext.midButton,mouse_ext.rightButton,mouse_ext.time,mouse_ext.stopped,END_ACQ.started,mouse_cond.started,END_ACQ.stopped,mouse_cond.x,mouse_cond.y,mouse_cond.leftButton,mouse_cond.midButton,mouse_cond.rightButton,mouse_cond.time,thanks.started,thanksMsg.started,participant,session,date,expName,psychopyVersion,frameRate,expStart,
,,,,,,,,,,,,,,,,,,,,,,,,,,0.020793500007130206,0.03732299999683164,0.03732299999683164,17.438000599999214,j,17.39091620000545,None,,,,,,,,,,,,,,,,,,,,,,0912_1200_SB1_43_2,001,2023-12-09_12h53.15.838,3_End,2023.2.3,60.00463235796379,2023-12-09 12h53.44.114860 +0000,
1,1,cap,capcn,./stims/CritBystanders/cap.jpeg,./stims/CritBystanders/capcn.jpeg,SS,SS_2,,,,,,,,,0,0,0,0,,,,,17.48742299999867,,,,,,,,,17.451792599997134,0.9994510999968043,22.639020600006916,[-0.15648148148148147],[0.2851851851851852],[1],[0],[0],[5.161168899998302],,,,,,,,,,,,,0912_1200_SB1_43_2,001,2023-12-09_12h53.15.838,3_End,2023.2.3,60.00463235796379,2023-12-09 12h53.44.114860 +0000,
2,1,chessboard,chessboardcn,./stims/CritBystanders/chessboard.jpeg,./stims/CritBystanders/chessboardcn.jpeg,SR,SR_6,,,,,,,,,0,1,1,1,,,,,22.67078539999784,,,,,,,,,22.63996440000483,1.014352999991388,27.138106700003846,[-0.1398148148148148],[0.287962962962963],[1],[0],[0],[4.48404219999793],,,,,,,,,,,,,0912_1200_SB1_43_2,001,2023-12-09_12h53.15.838,3_End,2023.2.3,60.00463235796379,2023-12-09 12h53.44.114860 +0000,
3,1,wallet,walletcn,./stims/CritBystanders/wallet.jpeg,./stims/CritBystanders/walletcn.jpeg,RS,RS_6,,,,,,,,,0,2,2,2,,,,,27.170800300009432,,,,,,,,,27.13864000000467,0.9990431999904104,32.254699800003436,[-0.11203703703703703],[0.25555555555555554],[1],[0],[0],[5.103514200003701],,,,,,,,,,,,,0912_1200_SB1_43_2,001,2023-12-09_12h53.15.838,3_End,2023.2.3,60.00463235796379,2023-12-09 12h53.44.114860 +0000,
4,1,clipboard,clipboardcn,./stims/CritBystanders/clipboard.jpeg,./stims/CritBystanders/clipboardcn.jpeg,RR,RR_5,,,,,,,,,0,3,3,3,,,,,32.28746790000878,,,,,,,,,32.25525880001078,0.9990987999917706,36.338288300001295,[-0.11203703703703703],[0.25555555555555554],[1],[0],[0],[4.069845699996222],,,,,,,,,,,,,0912_1200_SB1_43_2,001,2023-12-09_12h53.15.838,3_End,2023.2.3,60.00463235796379,2023-12-09 12h53.44.114860 +0000,
5,2,comb,combcn,./stims/CritBystanders/comb.jpeg,./stims/CritBystanders/combcn.jpeg,RS,RS_5,,,,,,,,,0,4,4,4,,,,,36.370911600010004,,,,,,,,,36.338890099999844,1.0156409999908647,40.27147100000002,[-0.11203703703703703],[0.25555555555555554],[1],[0],[0],[3.9193954999936977],,,,,,,,,,,,,0912_1200_SB1_43_2,001,2023-12-09_12h53.15.838,3_End,2023.2.3,60.00463235796379,2023-12-09 12h53.44.114860 +0000,
6,2,electriccord,electriccordcn,./stims/CritBystanders/electriccord.jpeg,./stims/CritBystanders/electriccordcn.jpeg,SS,SS_1,,,,,,,,,0,5,5,5,,,,,40.30426250000892,,,,,,,,,40.272055499997805,0.999061199996504,47.00486220000312,[-0.1111111111111111],[0.24351851851851852],[1],[0],[0],[6.716072999988683],,,,,,,,,,,,,0912_1200_SB1_43_2,001,2023-12-09_12h53.15.838,3_End,2023.2.3,60.00463235796379,2023-12-09 12h53.44.114860 +0000,
7,2,toiletpaper,toiletpapercn,./stims/CritBystanders/toiletpaper.jpeg,./stims/CritBystanders/toiletpapercn.jpeg,RR,RR_2,,,,,,,,,0,6,6,6,,,,,47.037621000010404,,,,,,,,,47.00544870000158,0.9990513999946415,50.65488840000762,[-0.1111111111111111],[0.24351851851851852],[1],[0],[0],[3.636078700001235],,,,,,,,,,,,,0912_1200_SB1_43_2,001,2023-12-09_12h53.15.838,3_End,2023.2.3,60.00463235796379,2023-12-09 12h53.44.114860 +0000,
8,2,keys,keyscn,./stims/CritBystanders/keys.jpeg,./stims/CritBystanders/keyscn.jpeg,SR,SR_3,,,,,,,,,0,7,7,7,,,,,50.687602600009996,,,,,,,,,50.65546590001031,0.9990093000087654,53.98821609999868,[-0.1111111111111111],[0.24351851851851852],[1],[0],[0],[3.316198800006532],,,,,,,,,,,,,0912_1200_SB1_43_2,001,2023-12-09_12h53.15.838,3_End,2023.2.3,60.00463235796379,2023-12-09 12h53.44.114860 +0000,
9,3,scissors,scissorscn,./stims/CritBystanders/scissors.jpeg,./stims/CritBystanders/scissorscn.jpeg,RR,RR_6,,,,,,,,,0,8,8,8,,,,,54.02097599999979,,,,,,,,,53.988781100008055,0.999118300009286,57.83823229999689,[-0.1111111111111111],[0.24351851851851852],[1],[0],[0],[3.8368000000045868],,,,,,,,,,,,,0912_1200_SB1_43_2,001,2023-12-09_12h53.15.838,3_End,2023.2.3,60.00463235796379,2023-12-09 12h53.44.114860 +0000,
10,3,soccerball,soccerballcn,./stims/CritBystanders/soccerball.jpeg,./stims/CritBystanders/soccerballcn.jpeg,SR,SR_7,,,,,,,,,0,9,9,9,,,,,57.870976999998675,,,,,,,,,57.838815100010834,0.9990679999900749,64.63839839999855,[-0.1111111111111111],[0.24351851851851852],[1],[0],[0],[6.783406400005333],,,,,,,,,,,,,0912_1200_SB1_43_2,001,2023-12-09_12h53.15.838,3_End,2023.2.3,60.00463235796379,2023-12-09 12h53.44.114860 +0000,
11,3,crate,cratecn,./stims/CritBystanders/crate.jpeg,./stims/CritBystanders/cratecn.jpeg,SS,SS_8,,,,,,,,,0,10,10,10,,,,,64.67103650000354,,,,,,,,,64.63897650000581,1.0156351000041468,70.02172810000775,[-0.1111111111111111],[0.24351851851851852],[1],[0],[0],[5.371172800005297],,,,,,,,,,,,,0912_1200_SB1_43_2,001,2023-12-09_12h53.15.838,3_End,2023.2.3,60.00463235796379,2023-12-09 12h53.44.114860 +0000,
12,3,walkman,walkmancn,./stims/CritBystanders/walkman.jpeg,./stims/CritBystanders/walkmancn.jpeg,RS,RS_2,,,,,,,,,0,11,11,11,,,,,70.05438940000022,,,,,,,,,70.02227630000561,0.9990130000078352,73.60499940000591,[-0.1111111111111111],[0.24351851851851852],[1],[0],[0],[3.561686799992458],,,,,,,,,,,,,0912_1200_SB1_43_2,001,2023-12-09_12h53.15.838,3_End,2023.2.3,60.00463235796379,2023-12-09 12h53.44.114860 +0000,
13,4,computer,computercn,./stims/CritBystanders/computer.jpeg,./stims/CritBystanders/computercn.jpeg,RR,RR_1,,,,,,,,,0,12,12,12,,,,,73.63778180000372,,,,,,,,,73.6055469999992,0.9991217000060715,77.77164639999683,[-0.1111111111111111],[0.24351851851851852],[1],[0],[0],[4.149421900001471],,,,,,,,,,,,,0912_1200_SB1_43_2,001,2023-12-09_12h53.15.838,3_End,2023.2.3,60.00463235796379,2023-12-09 12h53.44.114860 +0000,
14,4,cards,cardscn,./stims/CritBystanders/cards.jpeg,./stims/CritBystanders/cardscn.jpeg,RS,RS_1,,,,,,,,,0,13,13,13,,,,,77.80443670001114,,,,,,,,,77.77225180000823,0.9991076000005705,83.55503850000969,[-0.1111111111111111],[0.24351851851851852],[1],[0],[0],[5.7693674999900395],,,,,,,,,,,,,0912_1200_SB1_43_2,001,2023-12-09_12h53.15.838,3_End,2023.2.3,60.00463235796379,2023-12-09 12h53.44.114860 +0000,
15,4,calculator,calculatorcn,./stims/CritBystanders/calculator.jpeg,./stims/CritBystanders/calculatorcn.jpeg,SS,SS_4,,,,,,,,,0,14,14,14,,,,,83.58785120000539,,,,,,,,,83.55561140000646,0.9991792999935569,99.55487400000857,[],[],[],[],[],[],15.999224300001515,,,,,,,,,,,,0912_1200_SB1_43_2,001,2023-12-09_12h53.15.838,3_End,2023.2.3,60.00463235796379,2023-12-09 12h53.44.114860 +0000,
16,4,telephone,telephonecn,./stims/CritBystanders/telephone.jpeg,./stims/CritBystanders/telephonecn.jpeg,SR,SR_4,,,,,,,,,0,15,15,15,,,,,99.58792760000506,,,,,,,,,99.55540969999856,0.9992583999992348,103.3552342000039,[-0.10925925925925926],[0.23981481481481481],[1],[0],[0],[3.7857597999973223],,,,,,,,,,,,,0912_1200_SB1_43_2,001,2023-12-09_12h53.15.838,3_End,2023.2.3,60.00463235796379,2023-12-09 12h53.44.114860 +0000,
17,5,fan,fancn,./stims/CritBystanders/fan.jpeg,./stims/CritBystanders/fancn.jpeg,RR,RR_3,,,,,,,,,0,16,16,16,,,,,103.387956999999,,,,,,,,,103.35583140001108,0.9990001999976812,107.43858800000453,[-0.10925925925925926],[0.23981481481481481],[1],[0],[0],[4.0692222000070615],,,,,,,,,,,,,0912_1200_SB1_43_2,001,2023-12-09_12h53.15.838,3_End,2023.2.3,60.00463235796379,2023-12-09 12h53.44.114860 +0000,
18,5,candle,candlecn,./stims/CritBystanders/candle.jpeg,./stims/CritBystanders/candlecn.jpeg,RS,RS_8,,,,,,,,,0,17,17,17,,,,,107.47133000000031,,,,,,,,,107.43917209999927,0.999080599998706,112.08855320001021,[-0.10925925925925926],[0.23981481481481481],[1],[0],[0],[4.6365233000105945],,,,,,,,,,,,,0912_1200_SB1_43_2,001,2023-12-09_12h53.15.838,3_End,2023.2.3,60.00463235796379,2023-12-09 12h53.44.114860 +0000,
19,5,bucket,bucketcn,./stims/CritBystanders/bucket.jpeg,./stims/CritBystanders/bucketcn.jpeg,SS,SS_3,,,,,,,,,0,18,18,18,,,,,112.12135329999728,,,,,,,,,112.08911260000605,0.9991555000015069,119.07194670000172,[-0.10925925925925926],[0.23981481481481481],[1],[0],[0],[6.966718999989098],,,,,,,,,,,,,0912_1200_SB1_43_2,001,2023-12-09_12h53.15.838,3_End,2023.2.3,60.00463235796379,2023-12-09 12h53.44.114860 +0000,
20,5,peacock,peacockcn,./stims/CritBystanders/peacock.jpeg,./stims/CritBystanders/peacockcn.jpeg,SR,SR_5,,,,,,,,,0,19,19,19,,,,,119.10473510000156,,,,,,,,,119.07251019999967,0.999109700002009,135.07178110000677,[],[],[],[],[],[],15.99916010000743,,,,,,,,,,,,0912_1200_SB1_43_2,001,2023-12-09_12h53.15.838,3_End,2023.2.3,60.00463235796379,2023-12-09 12h53.44.114860 +0000,
21,6,iron,ironcn,./stims/CritBystanders/iron.jpeg,./stims/CritBystanders/ironcn.jpeg,RR,RR_7,,,,,,,,,0,20,20,20,,,,,135.10474880000402,,,,,,,,,135.07231860001048,0.9992224000015995,138.98873860000458,[-0.10925925925925926],[0.23981481481481481],[1],[0],[0],[3.902753099988331],,,,,,,,,,,,,0912_1200_SB1_43_2,001,2023-12-09_12h53.15.838,3_End,2023.2.3,60.00463235796379,2023-12-09 12h53.44.114860 +0000,
22,6,chair,chaircn,./stims/CritBystanders/chair.jpeg,./stims/CritBystanders/chaircn.jpeg,SS,SS_6,,,,,,,,,0,21,21,21,,,,,139.0215259999968,,,,,,,,,138.98931710000033,0.9991473000118276,142.7888934000075,[-0.10925925925925926],[0.23981481481481481],[1],[0],[0],[3.7871268000017153],,,,,,,,,,,,,0912_1200_SB1_43_2,001,2023-12-09_12h53.15.838,3_End,2023.2.3,60.00463235796379,2023-12-09 12h53.44.114860 +0000,
23,6,umbrella,umbrellacn,./stims/CritBystanders/umbrella.jpeg,./stims/CritBystanders/umbrellacn.jpeg,RS,RS_4,,,,,,,,,0,22,22,22,,,,,142.82157280000683,,,,,,,,,142.78948300000047,1.015658499993151,157.28900360000262,[-0.10925925925925926],[0.23981481481481481],[1],[0],[0],[14.486428599993815],,,,,,,,,,,,,0912_1200_SB1_43_2,001,2023-12-09_12h53.15.838,3_End,2023.2.3,60.00463235796379,2023-12-09 12h53.44.114860 +0000,
24,6,books,bookscn,./stims/CritBystanders/books.jpeg,./stims/CritBystanders/bookscn.jpeg,SR,SR_2,,,,,,,,,0,23,23,23,,,,,157.32165640000312,,,,,,,,,157.2896056000027,1.0156083000038052,160.9557319000014,[-0.10648148148148148],[0.23425925925925925],[1],[0],[0],[3.650029100012034],,,,,,,,,,,,,0912_1200_SB1_43_2,001,2023-12-09_12h53.15.838,3_End,2023.2.3,60.00463235796379,2023-12-09 12h53.44.114860 +0000,
25,7,backpack,backpackcn,./stims/CritBystanders/backpack.jpeg,./stims/CritBystanders/backpackcn.jpeg,SR,SR_8,,,,,,,,,0,24,24,24,,,,,160.98834440000064,,,,,,,,,160.95648999999685,1.0155258000013418,163.92230279999785,[-0.06851851851851852],[0.21203703703703702],[1],[0],[0],[2.947873900004197],,,,,,,,,,,,,0912_1200_SB1_43_2,001,2023-12-09_12h53.15.838,3_End,2023.2.3,60.00463235796379,2023-12-09 12h53.44.114860 +0000,
26,7,guitar,guitarcn,./stims/CritBystanders/guitar.jpeg,./stims/CritBystanders/guitarcn.jpeg,RR,RR_4,,,,,,,,,0,25,25,25,,,,,163.95504770000116,,,,,,,,,163.9228415000107,0.9990672999992967,172.05575220000173,[-0.06851851851851852],[0.21203703703703702],[1],[0],[0],[8.115583899998455],,,,,,,,,,,,,0912_1200_SB1_43_2,001,2023-12-09_12h53.15.838,3_End,2023.2.3,60.00463235796379,2023-12-09 12h53.44.114860 +0000,
27,7,shoes,shoescn,./stims/CritBystanders/shoes.jpeg,./stims/CritBystanders/shoescn.jpeg,RS,RS_7,,,,,,,,,0,26,26,26,,,,,172.08847490001062,,,,,,,,,172.05631939999876,1.0156581999908667,177.05590310000116,[-0.06851851851851852],[0.21203703703703702],[1],[0],[0],[4.983178499998758],,,,,,,,,,,,,0912_1200_SB1_43_2,001,2023-12-09_12h53.15.838,3_End,2023.2.3,60.00463235796379,2023-12-09 12h53.44.114860 +0000,
28,7,video,videocn,./stims/CritBystanders/video.jpeg,./stims/CritBystanders/videocn.jpeg,SS,SS_7,,,,,,,,,0,27,27,27,,,,,177.08845130000554,,,,,,,,,177.05644510001002,1.0156057999993209,182.55577330000233,[-0.06851851851851852],[0.21203703703703702],[1],[0],[0],[5.485672299997532],,,,,,,,,,,,,0912_1200_SB1_43_2,001,2023-12-09_12h53.15.838,3_End,2023.2.3,60.00463235796379,2023-12-09 12h53.44.114860 +0000,
29,8,coffeemug,coffeemugcn,./stims/CritBystanders/coffeemug.jpeg,./stims/CritBystanders/coffeemugcn.jpeg,RS,RS_3,,,,,,,,,0,28,28,28,,,,,182.5884870000009,,,,,,,,,182.55636400000367,0.9990209999959916,198.55553409999993,[],[],[],[],[],[],15.999107800002093,,,,,,,,,,,,0912_1200_SB1_43_2,001,2023-12-09_12h53.15.838,3_End,2023.2.3,60.00463235796379,2023-12-09 12h53.44.114860 +0000,
30,8,stapler,staplercn,./stims/CritBystanders/stapler.jpeg,./stims/CritBystanders/staplercn.jpeg,SR,SR_1,,,,,,,,,0,29,29,29,,,,,198.5885949000076,,,,,,,,,198.55604010001116,0.9991579000052297,202.18919810000807,[-0.06851851851851852],[0.21203703703703702],[1],[0],[0],[3.6204533999989508],,,,,,,,,,,,,0912_1200_SB1_43_2,001,2023-12-09_12h53.15.838,3_End,2023.2.3,60.00463235796379,2023-12-09 12h53.44.114860 +0000,
31,8,wastebasket,wastebasketcn,./stims/CritBystanders/wastebasket.jpeg,./stims/CritBystanders/wastebasketcn.jpeg,SS,SS_5,,,,,,,,,0,30,30,30,,,,,202.22198260000732,,,,,,,,,202.18972550000763,0.9991450999950757,206.23927150000236,[-0.06851851851851852],[0.21203703703703702],[1],[0],[0],[4.033194799994817],,,,,,,,,,,,,0912_1200_SB1_43_2,001,2023-12-09_12h53.15.838,3_End,2023.2.3,60.00463235796379,2023-12-09 12h53.44.114860 +0000,
32,8,watch,watchcn,./stims/CritBystanders/watch.jpeg,./stims/CritBystanders/watchcn.jpeg,RR,RR_8,,,,,,,,,0,31,31,31,,,,,206.27200510000694,,,,,,,,,206.2398416000069,0.9990820999955758,215.58943970000837,[-0.06851851851851852],[0.21203703703703702],[1],[0],[0],[9.333424099997501],,,,,,,,,,,,,0912_1200_SB1_43_2,001,2023-12-09_12h53.15.838,3_End,2023.2.3,60.00463235796379,2023-12-09 12h53.44.114860 +0000,
,,,,,,,,1,1,pan,pancn,./stims/AcqBystanders/pan.jpeg,./stims/AcqBystanders/pancn.jpeg,SS,SS_2,,,,,0,0,0,0,215.63893640000606,,,,,,,,,,,,,,,,,,,215.5990465000068,1.0156680999934906,227.93949430000794,[-0.06851851851851852],[0.21203703703703702],[1],[0],[0],[12.311334300000453],,,0912_1200_SB1_43_2,001,2023-12-09_12h53.15.838,3_End,2023.2.3,60.00463235796379,2023-12-09 12h53.44.114860 +0000,
,,,,,,,,2,1,lightbulb,lightbulbcn,./stims/AcqBystanders/lightbulb.jpeg,./stims/AcqBystanders/lightbulbcn.jpeg,SR,SR_3,,,,,0,1,1,1,228.05574660000275,,,,,,,,,,,,,,,,,,,227.9404043000104,1.0153315999923507,241.22303510000347,[0.023148148148148147],[-0.49907407407407406],[1],[0],[0],[13.17577239999082],,,0912_1200_SB1_43_2,001,2023-12-09_12h53.15.838,3_End,2023.2.3,60.00463235796379,2023-12-09 12h53.44.114860 +0000,
,,,,,,,,3,1,shampoo,shampoocn,./stims/AcqBystanders/shampoo.jpeg,./stims/AcqBystanders/shampoocn.jpeg,RS,RS_4,,,,,0,2,2,2,241.2727132,,,,,,,,,,,,,,,,,,,241.2235939000093,1.0155752999999095,251.23950570001034,[0.023148148148148147],[-0.49907407407407406],[1],[0],[0],[9.988696100001107],,,0912_1200_SB1_43_2,001,2023-12-09_12h53.15.838,3_End,2023.2.3,60.00463235796379,2023-12-09 12h53.44.114860 +0000,
,,,,,,,,4,1,mandms,mandmscn,./stims/AcqBystanders/mandms.jpeg,./stims/AcqBystanders/mandmscn.jpeg,RR,RR_2,,,,,0,3,3,3,251.27231349999784,,,,,,,,,,,,,,,,,,,251.24007430000347,0.9991494999994757,263.989450699999,[0.023148148148148147],[-0.49907407407407406],[1],[0],[0],[12.729851900003268],,,0912_1200_SB1_43_2,001,2023-12-09_12h53.15.838,3_End,2023.2.3,60.00463235796379,2023-12-09 12h53.44.114860 +0000,
,,,,,,,,5,1,sheet,sheetcn,./stims/AcqBystanders/sheet.jpeg,./stims/AcqBystanders/sheetcn.jpeg,RS,RS_3,,,,,0,4,4,4,264.0223751000012,,,,,,,,,,,,,,,,,,,263.99004140000034,0.9992098999937298,270.1230692000099,[0.023148148148148147],[-0.49907407407407406],[1],[0],[0],[6.115157899999758],,,0912_1200_SB1_43_2,001,2023-12-09_12h53.15.838,3_End,2023.2.3,60.00463235796379,2023-12-09 12h53.44.114860 +0000,
,,,,,,,,6,1,bottle,bottlecn,./stims/AcqBystanders/bottle.jpeg,./stims/AcqBystanders/bottlecn.jpeg,SS,SS_1,,,,,0,5,5,5,270.1557419000019,,,,,,,,,,,,,,,,,,,270.12365670000145,1.0156311999890022,281.47316330000467,[0.023148148148148147],[-0.49907407407407406],[1],[0],[0],[11.336507999993046],,,0912_1200_SB1_43_2,001,2023-12-09_12h53.15.838,3_End,2023.2.3,60.00463235796379,2023-12-09 12h53.44.114860 +0000,
,,,,,,,,7,1,trunk,trunkcn,./stims/AcqBystanders/trunk.jpeg,./stims/AcqBystanders/trunkcn.jpeg,SR,SR_1,,,,,0,6,6,6,281.5058246999979,,,,,,,,,,,,,,,,,,,281.4737527999969,1.0156507000065176,297.10647890000837,[0.023148148148148147],[-0.49907407407407406],[1],[0],[0],[15.615819300001021],,,0912_1200_SB1_43_2,001,2023-12-09_12h53.15.838,3_End,2023.2.3,60.00463235796379,2023-12-09 12h53.44.114860 +0000,
,,,,,,,,8,1,can,cancn,./stims/AcqBystanders/can.jpeg,./stims/AcqBystanders/cancn.jpeg,RR,RR_3,,,,,0,7,7,7,297.13930160000746,,,,,,,,,,,,,,,,,,,297.1070347000059,0.9991034999984549,302.7732249999972,[0.023148148148148147],[-0.49907407407407406],[1],[0],[0],[5.648730100001558],,,0912_1200_SB1_43_2,001,2023-12-09_12h53.15.838,3_End,2023.2.3,60.00463235796379,2023-12-09 12h53.44.114860 +0000,
,,,,,,,,9,1,towel,towelcn,./stims/AcqBystanders/towel.jpeg,./stims/AcqBystanders/towelcn.jpeg,RS,RS_1,,,,,0,8,8,8,302.8059499000083,,,,,,,,,,,,,,,,,,,302.7738121000002,1.0007459000044037,316.273343000008,[0.023148148148148147],[-0.49907407407407406],[1],[0],[0],[13.481653700000606],,,0912_1200_SB1_43_2,001,2023-12-09_12h53.15.838,3_End,2023.2.3,60.00463235796379,2023-12-09 12h53.44.114860 +0000,
,,,,,,,,10,1,fireextinguisher,fireextinguishercn,./stims/AcqBystanders/fireextinguisher.jpeg,./stims/AcqBystanders/fireextinguishercn.jpeg,RR,RR_1,,,,,0,9,9,9,316.3060552000097,,,,,,,,,,,,,,,,,,,316.27385749999667,0.9991414999967674,328.67333730000246,[0.023148148148148147],[-0.49907407407407406],[1],[0],[0],[12.382622499993886],,,0912_1200_SB1_43_2,001,2023-12-09_12h53.15.838,3_End,2023.2.3,60.00463235796379,2023-12-09 12h53.44.114860 +0000,
,,,,,,,,11,1,passport,passportcn,./stims/AcqBystanders/passport.jpeg,./stims/AcqBystanders/passportcn.jpeg,SS,SS_3,,,,,0,10,10,10,328.7061437000084,,,,,,,,,,,,,,,,,,,328.6739119999984,0.9991223999968497,334.59005140000954,[0.023148148148148147],[-0.49907407407407406],[1],[0],[0],[5.901099700000486],,,0912_1200_SB1_43_2,001,2023-12-09_12h53.15.838,3_End,2023.2.3,60.00463235796379,2023-12-09 12h53.44.114860 +0000,
,,,,,,,,12,1,headphones,headphonescn,./stims/AcqBystanders/headphones.jpeg,./stims/AcqBystanders/headphonescn.jpeg,SR,SR_2,,,,,0,11,11,11,334.6228490000067,,,,,,,,,,,,,,,,,,,334.59062509999785,0.9991529999970226,338.8400895000086,[0.023148148148148147],[-0.49907407407407406],[1],[0],[0],[4.236443200003123],,,0912_1200_SB1_43_2,001,2023-12-09_12h53.15.838,3_End,2023.2.3,60.00463235796379,2023-12-09 12h53.44.114860 +0000,
,,,,,,,,13,1,perfume,perfumecn,./stims/AcqBystanders/perfume.jpeg,./stims/AcqBystanders/perfumecn.jpeg,SR,SR_4,,,,,0,12,12,12,338.87288830000034,,,,,,,,,,,,,,,,,,,338.84066640000674,0.9991041000030236,344.9734271000052,[0.023148148148148147],[-0.49907407407407406],[1],[0],[0],[6.115442599999369],,,0912_1200_SB1_43_2,001,2023-12-09_12h53.15.838,3_End,2023.2.3,60.00463235796379,2023-12-09 12h53.44.114860 +0000,
,,,,,,,,14,1,cup,cupcn,./stims/AcqBystanders/cup.jpeg,./stims/AcqBystanders/cupcn.jpeg,RS,RS_2,,,,,0,13,13,13,345.090102800008,,,,,,,,,,,,,,,,,,,344.9740243999986,0.9991967999958433,353.74018420001084,[0.023148148148148147],[-0.49907407407407406],[1],[0],[0],[8.667530000006082],,,0912_1200_SB1_43_2,001,2023-12-09_12h53.15.838,3_End,2023.2.3,60.00463235796379,2023-12-09 12h53.44.114860 +0000,
,,,,,,,,,,,,,,,,,,,,,,,,,,,,,,,,,,,,,,,,,,,,,,,,,,,,353.74059240000497,353.7563070000033,,,,,,,,
