﻿RATING_PRAC.thisRepN,RATING_PRAC.thisTrialN,RATING_PRAC.thisN,RATING_PRAC.thisIndex,randomise.thisRepN,randomise.thisTrialN,randomise.thisN,randomise.thisIndex,trials_2.thisRepN,trials_2.thisTrialN,trials_2.thisN,trials_2.thisIndex,trials_3.thisRepN,trials_3.thisTrialN,trials_3.thisN,trials_3.thisIndex,USrate.thisRepN,USrate.thisTrialN,USrate.thisN,USrate.thisIndex,thisRow.t,notes,INSTR.started,instruct1.started,ok1.started,INSTR.stopped,ok1.keys,ok1.rt,ok1.duration,RATING_INTRO.started,instruct1_3.started,ok1_3.started,RATING_INTRO.stopped,ok1_3.keys,ok1_3.rt,ok1_3.duration,FILL_EXP.started,expect_txt.started,exp_resp_fill.started,star_3.started,expect_rating.started,FILL_EXP.stopped,slider_3.response,slider_3.history,exp_resp_fill.keys,exp_resp_fill.rt,exp_resp_fill.duration,FILL_VAL.started,val_text.started,star.started,SAM_val.started,resp_fill_val.started,FILL_VAL.stopped,resp_fill_val.keys,resp_fill_val.rt,resp_fill_val.duration,FILL_ARSL.started,text_arsl.started,star_2.started,SAM_arsl.started,resp_fill_arsl.started,FILL_ARSL.stopped,resp_fill_arsl.keys,resp_fill_arsl.rt,resp_fill_arsl.duration,CRC_EXP.started,expect_txt_2.started,exp_resp_crc.started,image_4.started,expect_rating_2.started,CRC_EXP.stopped,exp_resp_crc.keys,exp_resp_crc.rt,exp_resp_crc.duration,slider.response,slider.history,CRC_VAL.started,val_text_2.started,image.started,SAM_val_2.started,val_resp_crc.started,CRC_VAL.stopped,val_resp_crc.keys,val_resp_crc.rt,val_resp_crc.duration,CRC_ARSL.started,text_arsl_2.started,image_2.started,SAM_arsl_2.started,arsl_resp_crc.started,CRC_ARSL.stopped,arsl_resp_crc.keys,arsl_resp_crc.rt,arsl_resp_crc.duration,SQ_EXP.started,expect_txt_3.started,exp_resp_sq.started,image_sqr.started,expect_rating_3.started,SQ_EXP.stopped,slider_4.response,slider_4.history,exp_resp_sq.keys,exp_resp_sq.rt,exp_resp_sq.duration,SQ_VAL.started,val_text_3.started,image_sqr_2.started,SAM_val_3.started,val_resp_sq.started,SQ_VAL.stopped,val_resp_sq.keys,val_resp_sq.rt,val_resp_sq.duration,SQ_ARSL.started,text_arsl_3.started,image_sqr_3.started,SAM_arsl_3.started,arsl_resp_sq.started,SQ_ARSL.stopped,arsl_resp_sq.keys,arsl_resp_sq.rt,arsl_resp_sq.duration,US_INTRO.started,instruct1_2.started,ok1_2.started,US_INTRO.stopped,ok1_2.keys,ok1_2.rt,ok1_2.duration,US.started,p_port.started,p_port.stopped,US.stopped,ITI_3s.started,iti_3.started,iti_3.stopped,ITI_3s.stopped,US_VAL.started,val_text_4.started,SAM_val_4.started,val_resp_US.started,participant,session,date,expName,psychopyVersion,frameRate,expStart,
,,,,,,,,,,,,,,,,,,,,,,0.018810100009432063,0.03451890000724234,0.03451890000724234,990.5582289999875,space,990.5186394000193,None,,,,,,,,,,,,,,,,,,,,,,,,,,,,,,,,,,,,,,,,,,,,,,,,,,,,,,,,,,,,,,,,,,,,,,,,,,,,,,,,,,,,,,,,,,,,,,,,,,,,,,,,,,,,,,,,,,1200_1112_CB4_44_2 ,001,2023-12-11_11h57.47.890,PreAcq,2023.2.3,59.986994821754166,2023-12-11 11h58.04.360370 +0000,
,,,,,,,,,,,,,,,,,,,,,,,,,,,,,990.5582558999886,990.5742432000116,990.5742432000116,995.5915658999875,space,5.0030283000087366,None,,,,,,,,,,,,,,,,,,,,,,,,,,,,,,,,,,,,,,,,,,,,,,,,,,,,,,,,,,,,,,,,,,,,,,,,,,,,,,,,,,,,,,,,,,,,,,,,,,,,,,,,,,,1200_1112_CB4_44_2 ,001,2023-12-11_11h57.47.890,PreAcq,2023.2.3,59.986994821754166,2023-12-11 11h58.04.360370 +0000,
0,0,0,0,0,0,0,0,0,0,0,0,,,,,,,,,1013.4910168999922,,,,,,,,,,,,,,,,995.592201899999,995.6242587000015,995.6242587000015,997.0909335000033,998.0909276999882,1000.3268680000037,None,[],3,4.697307100024773,None,1000.327403000003,1000.3409301000065,1001.8409385999839,1002.840942699986,1002.840942699986,1006.7915467999992,4,3.9364750999957323,None,1006.791916999995,1006.8076249999867,1008.290964099986,1009.2910058000125,1009.2910058000125,1013.4749483999913,6,4.182634800003143,None,1013.4761776000087,1013.4910168999922,1013.4910168999922,1014.9743576000037,1015.9743955000013,1017.6438337999862,3,4.150192500004778,None,None,[],1017.6443737999944,1017.657713499997,1019.1577895999944,1020.1577618999872,1020.1577618999872,1022.3418612999958,4,2.1797408999991603,None,1022.3423103000096,1022.3577821000072,1023.8578119000013,1024.8577676999848,1024.8577676999848,1026.5917598000087,6,1.7192888999998104,None,,,,,,,,,,,,,,,,,,,,,,,,,,,,,,,,,,,,,,,,,,,,,,,,,1200_1112_CB4_44_2 ,001,2023-12-11_11h57.47.890,PreAcq,2023.2.3,59.986994821754166,2023-12-11 11h58.04.360370 +0000,
0,0,0,0,0,0,0,0,,,,,0,0,0,0,,,,,1026.6077449999866,,,,,,,,,,,,,,,,,,,,,,,,,,,,,,,,,,,,,,,,,,,,,,,,,,,,,,,,,,,,,,,,,,,,,,,,,,1026.5925703000103,1026.6077449999866,1026.6077449999866,1028.0911661999999,1029.0911620999977,1031.1104645000014,None,[],3,4.489739200012991,None,1031.1109772000054,1031.1245323999901,1032.6244577000034,1033.6245221999998,1033.6245221999998,1036.5251778000093,5,2.8888440000009723,None,1036.5255974000029,1036.5412113000057,1038.0411796999979,1039.04120040001,1039.04120040001,1044.2087676000083,7,5.151802899985341,None,,,,,,,,,,,,,,,,,,,,1200_1112_CB4_44_2 ,001,2023-12-11_11h57.47.890,PreAcq,2023.2.3,59.986994821754166,2023-12-11 11h58.04.360370 +0000,
0,0,0,0,0,0,0,0,,,,,,,,,,,,,,,,,,,,,,,,,,,,,,,,,,,,,,,,,,,,,,,,,,,,,,,,,,,,,,,,,,,,,,,,,,,,,,,,,,,,,,,,,,,,,,,,,,,,,,,,,,,,,,,,,,,,,,,,,,,,,,,,,,,,,,,1200_1112_CB4_44_2 ,001,2023-12-11_11h57.47.890,PreAcq,2023.2.3,59.986994821754166,2023-12-11 11h58.04.360370 +0000,
0,0,0,0,,,,,,,,,,,,,,,,,,,,,,,,,,,,,,,,,,,,,,,,,,,,,,,,,,,,,,,,,,,,,,,,,,,,,,,,,,,,,,,,,,,,,,,,,,,,,,,,,,,,,,,,,,,,,,,,,,,,,,,,,,,,,,,,,,,,,,,,,,,1200_1112_CB4_44_2 ,001,2023-12-11_11h57.47.890,PreAcq,2023.2.3,59.986994821754166,2023-12-11 11h58.04.360370 +0000,
,,,,,,,,,,,,,,,,,,,,,,1044.209286600002,1044.2245728999842,1044.2245728999842,1079.1255291000125,space,34.88903890000074,None,,,,,,,,,,,,,,,,,,,,,,,,,,,,,,,,,,,,,,,,,,,,,,,,,,,,,,,,,,,,,,,,,,,,,,,,,,,,,,,,,,,,,,,,,,,,,,,,,,,,,,,,,,,,,,,,,,1200_1112_CB4_44_2 ,001,2023-12-11_11h57.47.890,PreAcq,2023.2.3,59.986994821754166,2023-12-11 11h58.04.360370 +0000,
,,,,,,,,,,,,,,,,,,,,,,,,,,,,,,,,,,,,,,,,,,,,,,,,,,,,,,,,,,,,,,,,,,,,,,,,,,,,,,,,,,,,,,,,,,,,,,,,,,,,,,,,,,,,,,,,,,,,,,,,,,,1079.1255630000087,1079.1415068999922,1079.1415068999922,1084.5255493999866,space,5.38000559998909,None,,,,,,,,,,,,,1200_1112_CB4_44_2 ,001,2023-12-11_11h57.47.890,PreAcq,2023.2.3,59.986994821754166,2023-12-11 11h58.04.360370 +0000,
,,,,,,,,,,,,,,,,,,,,1084.5415029999858,,,,,,,,,,,,,,,,,,,,,,,,,,,,,,,,,,,,,,,,,,,,,,,,,,,,,,,,,,,,,,,,,,,,,,,,,,,,,,,,,,,,,,,,,,,,,,,,,,,,,,,,,,,,,,1084.5260845999874,2.9993017000088003,3.099331400007941,1087.6251736999839,1087.6251844000071,1087.6415205000085,1090.641576199996,1090.6252616999845,1090.6252749999985,1090.641576199996,1093.1248747000063,1093.1248747000063,,,,,,,,
