﻿order_ext,blk_ext,bystander_ext,test_item_ext,bystander_loc_ext,test_item_loc_ext,trial_type_ext,itemNo_ext,order_cond_acq,blk_cond_acq,bystander_cond_acq,test_item_cond_acq,bystander_loc_cond_acq,test_item_loc_cond_acq,trial_type_cond_acq,itemNo_cond_acq,trials.thisRepN,trials.thisTrialN,trials.thisN,trials.thisIndex,trials_2.thisRepN,trials_2.thisTrialN,trials_2.thisN,trials_2.thisIndex,thisRow.t,notes,INSTRUCTION.started,instruct1.started,ok1.started,INSTRUCTION.stopped,ok1.keys,ok1.rt,ok1.duration,END_EXT.started,mouse_ext.started,END_EXT.stopped,mouse_ext.x,mouse_ext.y,mouse_ext.leftButton,mouse_ext.midButton,mouse_ext.rightButton,mouse_ext.time,mouse_ext.stopped,END_ACQ.started,mouse_cond.started,END_ACQ.stopped,mouse_cond.x,mouse_cond.y,mouse_cond.leftButton,mouse_cond.midButton,mouse_cond.rightButton,mouse_cond.time,thanks.started,thanksMsg.started,participant,session,date,expName,psychopyVersion,frameRate,expStart,
,,,,,,,,,,,,,,,,,,,,,,,,,,0.014310400000113077,0.03085190000001603,0.03085190000001603,14.898147000000108,space,14.856262999999899,None,,,,,,,,,,,,,,,,,,,,,,1112_1200_CB4_44_2,001,2023-12-11_12h46.54.593,3_End,2023.2.3,60.002148076913464,2023-12-11 12h47.06.400512 +0000,
1,1,walkman,walkmancn,./stims/CritBystanders/cap.jpeg,./stims/CritBystanders/bookscn.jpeg,SS,SS_2,,,,,,,,,0,0,0,0,,,,,14.947596299999987,,,,,,,,,14.912855100000115,0.9995030000000042,27.53179820000014,[0.8824074074074074],[0.5],[1],[0],[0],[12.592853200000036],,,,,,,,,,,,,1112_1200_CB4_44_2,001,2023-12-11_12h46.54.593,3_End,2023.2.3,60.002148076913464,2023-12-11 12h47.06.400512 +0000,
2,1,wallet,walletcn,./stims/CritBystanders/chessboard.jpeg,./stims/CritBystanders/walletcn.jpeg,SR,SR_6,,,,,,,,,0,1,1,1,,,,,27.564359800000148,,,,,,,,,27.532813499999975,1.0152060999998866,35.38169630000016,[0.8824074074074074],[0.5],[1],[0],[0],[7.835117600000103],,,,,,,,,,,,,1112_1200_CB4_44_2,001,2023-12-11_12h46.54.593,3_End,2023.2.3,60.002148076913464,2023-12-11 12h47.06.400512 +0000,
3,1,scissors,scissorscn,./stims/CritBystanders/wallet.jpeg,./stims/CritBystanders/scissorscn.jpeg,RS,RS_6,,,,,,,,,0,2,2,2,,,,,35.41445910000016,,,,,,,,,35.38230540000018,0.9990182000001369,50.26499620000004,[0.8824074074074074],[0.5],[1],[0],[0],[14.868811899999855],,,,,,,,,,,,,1112_1200_CB4_44_2,001,2023-12-11_12h46.54.593,3_End,2023.2.3,60.002148076913464,2023-12-11 12h47.06.400512 +0000,
4,1,wastebasket,wastebasketcn,./stims/CritBystanders/clipboard.jpeg,./stims/CritBystanders/wastebasketcn.jpeg,RR,RR_5,,,,,,,,,0,3,3,3,,,,,50.29786950000016,,,,,,,,,50.26560940000013,0.9991925000001629,53.19843560000004,[0.8824074074074074],[0.5],[1],[0],[0],[2.9189106000001175],,,,,,,,,,,,,1112_1200_CB4_44_2,001,2023-12-11_12h46.54.593,3_End,2023.2.3,60.002148076913464,2023-12-11 12h47.06.400512 +0000,
5,2,clipboard,clipboardcn,./stims/CritBystanders/comb.jpeg,./stims/CritBystanders/clipboardcn.jpeg,RS,RS_5,,,,,,,,,0,4,4,4,,,,,53.23125049999999,,,,,,,,,53.19903260000001,0.9990778999999748,66.09854659999996,[-0.21944444444444444],[0.5],[1],[0],[0],[12.885803899999928],,,,,,,,,,,,,1112_1200_CB4_44_2,001,2023-12-11_12h46.54.593,3_End,2023.2.3,60.002148076913464,2023-12-11 12h47.06.400512 +0000,
6,2,stapler,staplercn,./stims/CritBystanders/electriccord.jpeg,./stims/CritBystanders/staplercn.jpeg,SS,SS_1,,,,,,,,,0,5,5,5,,,,,66.13133920000018,,,,,,,,,66.09912150000014,0.9990886000000501,77.16539290000014,[-0.2212962962962963],[0.5],[1],[0],[0],[11.054704899999933],,,,,,,,,,,,,1112_1200_CB4_44_2,001,2023-12-11_12h46.54.593,3_End,2023.2.3,60.002148076913464,2023-12-11 12h47.06.400512 +0000,
7,2,cap,capcn,./stims/CritBystanders/toiletpaper.jpeg,./stims/CritBystanders/capcn.jpeg,RR,RR_2,,,,,,,,,0,6,6,6,,,,,77.198079,,,,,,,,,77.16599990000009,1.015689699999939,90.9669993,[-0.2175925925925926],[0.5],[1],[0],[0],[13.789219300000013],,,,,,,,,,,,,1112_1200_CB4_44_2,001,2023-12-11_12h46.54.593,3_End,2023.2.3,60.002148076913464,2023-12-11 12h47.06.400512 +0000,
8,2,coffeemug,coffeemugcn,./stims/CritBystanders/keys.jpeg,./stims/CritBystanders/coffeemugcn.jpeg,SR,SR_3,,,,,,,,,0,7,7,7,,,,,91.01509380000016,,,,,,,,,90.9676899000001,1.014198800000031,99.68228440000007,[-0.2175925925925926],[0.5],[1],[0],[0],[8.68854169999986],,,,,,,,,,,,,1112_1200_CB4_44_2,001,2023-12-11_12h46.54.593,3_End,2023.2.3,60.002148076913464,2023-12-11 12h47.06.400512 +0000,
9,3,chair,chaircn,./stims/CritBystanders/scissors.jpeg,./stims/CritBystanders/chaircn.jpeg,RR,RR_6,,,,,,,,,0,8,8,8,,,,,99.7149508,,,,,,,,,99.68295239999998,1.0155614000000242,115.28205690000004,[-0.3685185185185185],[0.31296296296296294],[1],[0],[0],[15.582319300000108],,,,,,,,,,,,,1112_1200_CB4_44_2,001,2023-12-11_12h46.54.593,3_End,2023.2.3,60.002148076913464,2023-12-11 12h47.06.400512 +0000,
10,3,shoes,shoescn,./stims/CritBystanders/soccerball.jpeg,./stims/CritBystanders/shoescn.jpeg,SR,SR_7,,,,,,,,,0,9,9,9,,,,,115.31502180000007,,,,,,,,,115.28262710000013,0.9992879000001267,128.84909590000007,[-0.3685185185185185],[0.31296296296296294],[1],[0],[0],[13.553068499999881],,,,,,,,,,,,,1112_1200_CB4_44_2,001,2023-12-11_12h46.54.593,3_End,2023.2.3,60.002148076913464,2023-12-11 12h47.06.400512 +0000,
11,3,backpack,backpackcn,./stims/CritBystanders/crate.jpeg,./stims/CritBystanders/backpackcn.jpeg,SS,SS_8,,,,,,,,,0,10,10,10,,,,,128.8817672,,,,,,,,,128.84970599999997,1.015617599999814,133.79914359999998,[-0.3685185185185185],[0.31296296296296294],[1],[0],[0],[4.937225299999909],,,,,,,,,,,,,1112_1200_CB4_44_2,001,2023-12-11_12h46.54.593,3_End,2023.2.3,60.002148076913464,2023-12-11 12h47.06.400512 +0000,
12,3,toiletpaper,toiletpapercn,./stims/CritBystanders/walkman.jpeg,./stims/CritBystanders/toiletpapercn.jpeg,RS,RS_2,,,,,,,,,0,11,11,11,,,,,133.83179370000016,,,,,,,,,133.79974990000005,1.0156808000001547,142.68248240000003,[-0.3685185185185185],[0.3138888888888889],[1],[0],[0],[8.864693700000089],,,,,,,,,,,,,1112_1200_CB4_44_2,001,2023-12-11_12h46.54.593,3_End,2023.2.3,60.002148076913464,2023-12-11 12h47.06.400512 +0000,
13,4,electriccord,electriccordcn,./stims/CritBystanders/computer.jpeg,./stims/CritBystanders/electriccordcn.jpeg,RR,RR_1,,,,,,,,,0,12,12,12,,,,,142.71524130000012,,,,,,,,,142.68309810000005,1.0156735999999,147.4491481,[-0.3685185185185185],[0.3138888888888889],[1],[0],[0],[4.751993800000037],,,,,,,,,,,,,1112_1200_CB4_44_2,001,2023-12-11_12h46.54.593,3_End,2023.2.3,60.002148076913464,2023-12-11 12h47.06.400512 +0000,
14,4,computer,computercn,./stims/CritBystanders/cards.jpeg,./stims/CritBystanders/computercn.jpeg,RS,RS_1,,,,,,,,,0,13,13,13,,,,,147.48190840000007,,,,,,,,,147.44970360000002,0.999178000000029,154.83256640000013,[-0.3685185185185185],[0.3138888888888889],[1],[0],[0],[7.367103499999985],,,,,,,,,,,,,1112_1200_CB4_44_2,001,2023-12-11_12h46.54.593,3_End,2023.2.3,60.002148076913464,2023-12-11 12h47.06.400512 +0000,
15,4,telephone,telephonecn,./stims/CritBystanders/calculator.jpeg,./stims/CritBystanders/telephonecn.jpeg,SS,SS_4,,,,,,,,,0,14,14,14,,,,,154.8652919000001,,,,,,,,,154.83317610000017,0.9990311999999903,167.21597440000005,[-0.3685185185185185],[0.3138888888888889],[1],[0],[0],[12.366402400000197],,,,,,,,,,,,,1112_1200_CB4_44_2,001,2023-12-11_12h46.54.593,3_End,2023.2.3,60.002148076913464,2023-12-11 12h47.06.400512 +0000,
16,4,umbrella,umbrellacn,./stims/CritBystanders/telephone.jpeg,./stims/CritBystanders/umbrellacn.jpeg,SR,SR_4,,,,,,,,,0,15,15,15,,,,,167.2487423,,,,,,,,,167.21657570000002,0.9990424999998595,183.21582420000004,[],[],[],[],[],[],15.999151699999857,,,,,,,,,,,,1112_1200_CB4_44_2,001,2023-12-11_12h46.54.593,3_End,2023.2.3,60.002148076913464,2023-12-11 12h47.06.400512 +0000,
17,5,bucket,bucketcn,./stims/CritBystanders/fan.jpeg,./stims/CritBystanders/bucketcn.jpeg,RR,RR_3,,,,,,,,,0,16,16,16,,,,,183.24885440000003,,,,,,,,,183.21633420000012,0.9991791999998441,195.94956880000018,[-0.3685185185185185],[0.3138888888888889],[1],[0],[0],[12.719691900000043],,,,,,,,,,,,,1112_1200_CB4_44_2,001,2023-12-11_12h46.54.593,3_End,2023.2.3,60.002148076913464,2023-12-11 12h47.06.400512 +0000,
18,5,watch,watchcn,./stims/CritBystanders/candle.jpeg,./stims/CritBystanders/watchcn.jpeg,RS,RS_8,,,,,,,,,0,17,17,17,,,,,195.98228100000006,,,,,,,,,195.95017960000018,1.0156463000000713,204.39960229999997,[-0.3685185185185185],[0.3138888888888889],[1],[0],[0],[8.435934100000168],,,,,,,,,,,,,1112_1200_CB4_44_2,001,2023-12-11_12h46.54.593,3_End,2023.2.3,60.002148076913464,2023-12-11 12h47.06.400512 +0000,
19,5,keys,keyscn,./stims/CritBystanders/bucket.jpeg,./stims/CritBystanders/keyscn.jpeg,SS,SS_3,,,,,,,,,0,18,18,18,,,,,204.43235049999998,,,,,,,,,204.40021339999998,1.0156621999999516,220.4158870000001,[],[],[],[],[],[],,,,,,,,,,,,,1112_1200_CB4_44_2,001,2023-12-11_12h46.54.593,3_End,2023.2.3,60.002148076913464,2023-12-11 12h47.06.400512 +0000,
20,5,comb,combcn,./stims/CritBystanders/peacock.jpeg,./stims/CritBystanders/combcn.jpeg,SR,SR_5,,,,,,,,,0,19,19,19,,,,,220.4491226,,,,,,,,,220.41641030000005,0.9991348000000926,225.28320510000003,[-0.3685185185185185],[0.3138888888888889],[1],[0],[0],[4.850336799999923],,,,,,,,,,,,,1112_1200_CB4_44_2,001,2023-12-11_12h46.54.593,3_End,2023.2.3,60.002148076913464,2023-12-11 12h47.06.400512 +0000,
21,6,video,videocn,./stims/CritBystanders/iron.jpeg,./stims/CritBystanders/videocn.jpeg,RR,RR_7,,,,,,,,,0,20,20,20,,,,,225.3158026000001,,,,,,,,,225.28381030000014,1.0155717000000095,234.23298120000004,[-0.3685185185185185],[0.3148148148148148],[1],[0],[0],[8.935825300000033],,,,,,,,,,,,,1112_1200_CB4_44_2,001,2023-12-11_12h46.54.593,3_End,2023.2.3,60.002148076913464,2023-12-11 12h47.06.400512 +0000,
22,6,chessboard,chessboardcn,./stims/CritBystanders/chair.jpeg,./stims/CritBystanders/chessboardcn.jpeg,SS,SS_6,,,,,,,,,0,21,21,21,,,,,234.26587740000014,,,,,,,,,234.23358830000006,0.9991899999999987,248.51667829999997,[-0.3472222222222222],[0.33055555555555555],[1],[0],[0],[14.269963799999914],,,,,,,,,,,,,1112_1200_CB4_44_2,001,2023-12-11_12h46.54.593,3_End,2023.2.3,60.002148076913464,2023-12-11 12h47.06.400512 +0000,
23,6,guitar,guitarcn,./stims/CritBystanders/umbrella.jpeg,./stims/CritBystanders/guitarcn.jpeg,RS,RS_4,,,,,,,,,0,22,22,22,,,,,248.54933530000017,,,,,,,,,248.51728820000017,1.0155683999998928,255.24997900000017,[-0.3472222222222222],[0.33055555555555555],[1],[0],[0],[6.716299000000163],,,,,,,,,,,,,1112_1200_CB4_44_2,001,2023-12-11_12h46.54.593,3_End,2023.2.3,60.002148076913464,2023-12-11 12h47.06.400512 +0000,
24,6,walkman,walkmancn,./stims/CritBystanders/books.jpeg,./stims/CritBystanders/walkmancn.jpeg,SR,SR_2,,,,,,,,,0,23,23,23,,,,,255.28270429999998,,,,,,,,,255.25058880000006,0.9990015000000767,271.2497525000001,[],[],[],[],[],[],15.999114100000043,,,,,,,,,,,,1112_1200_CB4_44_2,001,2023-12-11_12h46.54.593,3_End,2023.2.3,60.002148076913464,2023-12-11 12h47.06.400512 +0000,
25,7,candle,candlecn,./stims/CritBystanders/backpack.jpeg,./stims/CritBystanders/candlecn.jpeg,SR,SR_8,,,,,,,,,0,24,24,24,,,,,271.2827952,,,,,,,,,271.250268,0.9991173000000799,287.2498506000002,[],[],[],[],[],[],15.99922800000013,,,,,,,,,,,,1112_1200_CB4_44_2,001,2023-12-11_12h46.54.593,3_End,2023.2.3,60.002148076913464,2023-12-11 12h47.06.400512 +0000,
26,7,calculator,calculatorcn,./stims/CritBystanders/guitar.jpeg,./stims/CritBystanders/calculatorcn.jpeg,RR,RR_4,,,,,,,,,0,25,25,25,,,,,287.28294530000016,,,,,,,,,287.25038900000004,0.9992579000002024,293.70038150000005,[-0.3472222222222222],[0.33055555555555555],[1],[0],[0],[6.433433800000103],,,,,,,,,,,,,1112_1200_CB4_44_2,001,2023-12-11_12h46.54.593,3_End,2023.2.3,60.002148076913464,2023-12-11 12h47.06.400512 +0000,
27,7,iron,ironcn,./stims/CritBystanders/shoes.jpeg,./stims/CritBystanders/ironcn.jpeg,RS,RS_7,,,,,,,,,0,26,26,26,,,,,293.7330009,,,,,,,,,293.701004,1.0155367000002116,298.78346090000014,[-0.3472222222222222],[0.33055555555555555],[1],[0],[0],[5.069348800000171],,,,,,,,,,,,,1112_1200_CB4_44_2,001,2023-12-11_12h46.54.593,3_End,2023.2.3,60.002148076913464,2023-12-11 12h47.06.400512 +0000,
28,7,soccerball,soccerballcn,./stims/CritBystanders/video.jpeg,./stims/CritBystanders/soccerballcn.jpeg,SS,SS_7,,,,,,,,,0,27,27,27,,,,,298.8163413000002,,,,,,,,,298.7841389,0.9991074999998091,303.48363659999995,[-0.3472222222222222],[0.33055555555555555],[1],[0],[0],[4.684858900000108],,,,,,,,,,,,,1112_1200_CB4_44_2,001,2023-12-11_12h46.54.593,3_End,2023.2.3,60.002148076913464,2023-12-11 12h47.06.400512 +0000,
29,8,fan,fancn,./stims/CritBystanders/coffeemug.jpeg,./stims/CritBystanders/fancn.jpeg,RS,RS_3,,,,,,,,,0,28,28,28,,,,,303.5163766999999,,,,,,,,,303.4842404000001,0.999003299999913,319.4835516000003,[],[],[],[],[],[],15.999168700000155,,,,,,,,,,,,1112_1200_CB4_44_2,001,2023-12-11_12h46.54.593,3_End,2023.2.3,60.002148076913464,2023-12-11 12h47.06.400512 +0000,
30,8,cards,cardscn,./stims/CritBystanders/stapler.jpeg,./stims/CritBystanders/cardscn.jpeg,SR,SR_1,,,,,,,,,0,29,29,29,,,,,319.51649450000014,,,,,,,,,319.4840680000002,0.9991660000000593,335.48354640000025,[],[],[],[],[],[],15.999267600000167,,,,,,,,,,,,1112_1200_CB4_44_2,001,2023-12-11_12h46.54.593,3_End,2023.2.3,60.002148076913464,2023-12-11 12h47.06.400512 +0000,
31,8,peacock,peacockcn,./stims/CritBystanders/wastebasket.jpeg,./stims/CritBystanders/peacockcn.jpeg,SS,SS_5,,,,,,,,,0,30,30,30,,,,,335.5166145000003,,,,,,,,,335.4840486000003,0.9992909000002328,351.48366639999995,[],[],[],[],[],[],15.999376300000222,,,,,,,,,,,,1112_1200_CB4_44_2,001,2023-12-11_12h46.54.593,3_End,2023.2.3,60.002148076913464,2023-12-11 12h47.06.400512 +0000,
32,8,crate,cratecn,./stims/CritBystanders/watch.jpeg,./stims/CritBystanders/cratecn.jpeg,RR,RR_8,,,,,,,,,0,31,31,31,,,,,351.51671149999993,,,,,,,,,351.48418230000016,0.9994289999999637,367.4838576000002,[],[],[],[],[],[],15.999542699999893,,,,,,,,,,,,1112_1200_CB4_44_2,001,2023-12-11_12h46.54.593,3_End,2023.2.3,60.002148076913464,2023-12-11 12h47.06.400512 +0000,
,,,,,,,,1,1,pan,pancn,./stims/AcqBystanders/pan.jpeg,./stims/AcqBystanders/pancn.jpeg,SS,SS_2,,,,,0,0,0,0,367.5337927999999,,,,,,,,,,,,,,,,,,,367.4935157,0.9994892999998228,374.8509168999999,[-0.3592592592592593],[0.47685185185185186],[1],[0],[0],[7.331735600000229],,,1112_1200_CB4_44_2,001,2023-12-11_12h46.54.593,3_End,2023.2.3,60.002148076913464,2023-12-11 12h47.06.400512 +0000,
,,,,,,,,2,1,lightbulb,lightbulbcn,./stims/AcqBystanders/lightbulb.jpeg,./stims/AcqBystanders/lightbulbcn.jpeg,SR,SR_3,,,,,0,1,1,1,374.96744100000024,,,,,,,,,,,,,,,,,,,374.85184290000007,1.015286599999854,380.0175448,[-0.32222222222222224],[0.5],[1],[0],[0],[5.062512399999832],,,1112_1200_CB4_44_2,001,2023-12-11_12h46.54.593,3_End,2023.2.3,60.002148076913464,2023-12-11 12h47.06.400512 +0000,
,,,,,,,,3,1,shampoo,shampoocn,./stims/AcqBystanders/shampoo.jpeg,./stims/AcqBystanders/shampoocn.jpeg,RS,RS_4,,,,,0,2,2,2,380.0675374000002,,,,,,,,,,,,,,,,,,,380.01815239999996,0.9990053999999873,384.2007874000001,[-0.1935185185185185],[0.39444444444444443],[1],[0],[0],[4.155728400000044],,,1112_1200_CB4_44_2,001,2023-12-11_12h46.54.593,3_End,2023.2.3,60.002148076913464,2023-12-11 12h47.06.400512 +0000,
,,,,,,,,4,1,mandms,mandmscn,./stims/AcqBystanders/mandms.jpeg,./stims/AcqBystanders/mandmscn.jpeg,RR,RR_2,,,,,0,3,3,3,384.2336229000002,,,,,,,,,,,,,,,,,,,384.2014059000003,0.9991939000001366,393.23438880000003,[-0.1935185185185185],[0.39444444444444443],[1],[0],[0],[9.015561499999876],,,1112_1200_CB4_44_2,001,2023-12-11_12h46.54.593,3_End,2023.2.3,60.002148076913464,2023-12-11 12h47.06.400512 +0000,
,,,,,,,,5,1,sheet,sheetcn,./stims/AcqBystanders/sheet.jpeg,./stims/AcqBystanders/sheetcn.jpeg,RS,RS_3,,,,,0,4,4,4,393.26702520000026,,,,,,,,,,,,,,,,,,,393.2350022999999,1.0156111999999666,398.20098989999997,[-0.1935185185185185],[0.39444444444444443],[1],[0],[0],[4.948488200000156],,,1112_1200_CB4_44_2,001,2023-12-11_12h46.54.593,3_End,2023.2.3,60.002148076913464,2023-12-11 12h47.06.400512 +0000,
,,,,,,,,6,1,bottle,bottlecn,./stims/AcqBystanders/bottle.jpeg,./stims/AcqBystanders/bottlecn.jpeg,SS,SS_1,,,,,0,5,5,5,398.23371270000007,,,,,,,,,,,,,,,,,,,398.2015931000001,0.9990056000001459,410.7844878000001,[-0.1935185185185185],[0.39444444444444443],[1],[0],[0],[12.569579700000304],,,1112_1200_CB4_44_2,001,2023-12-11_12h46.54.593,3_End,2023.2.3,60.002148076913464,2023-12-11 12h47.06.400512 +0000,
,,,,,,,,7,1,trunk,trunkcn,./stims/AcqBystanders/trunk.jpeg,./stims/AcqBystanders/trunkcn.jpeg,SR,SR_1,,,,,0,6,6,6,410.8171704000001,,,,,,,,,,,,,,,,,,,410.78509540000005,1.0156818000000385,417.9677949000002,[-0.1935185185185185],[0.39444444444444443],[1],[0],[0],[7.165964799999983],,,1112_1200_CB4_44_2,001,2023-12-11_12h46.54.593,3_End,2023.2.3,60.002148076913464,2023-12-11 12h47.06.400512 +0000,
,,,,,,,,8,1,can,cancn,./stims/AcqBystanders/can.jpeg,./stims/AcqBystanders/cancn.jpeg,RR,RR_3,,,,,0,7,7,7,418.00053560000015,,,,,,,,,,,,,,,,,,,417.9683507,0.9990759000002072,423.2678891999999,[-0.1935185185185185],[0.39444444444444443],[1],[0],[0],[5.283002799999849],,,1112_1200_CB4_44_2,001,2023-12-11_12h46.54.593,3_End,2023.2.3,60.002148076913464,2023-12-11 12h47.06.400512 +0000,
,,,,,,,,9,1,towel,towelcn,./stims/AcqBystanders/towel.jpeg,./stims/AcqBystanders/towelcn.jpeg,RS,RS_1,,,,,0,8,8,8,423.3005793000002,,,,,,,,,,,,,,,,,,,423.26849900000025,1.015661999999793,431.4178962000001,[-0.1935185185185185],[0.39444444444444443],[1],[0],[0],[8.132863799999996],,,1112_1200_CB4_44_2,001,2023-12-11_12h46.54.593,3_End,2023.2.3,60.002148076913464,2023-12-11 12h47.06.400512 +0000,
,,,,,,,,10,1,fireextinguisher,fireextinguishercn,./stims/AcqBystanders/fireextinguisher.jpeg,./stims/AcqBystanders/fireextinguishercn.jpeg,RR,RR_1,,,,,0,9,9,9,431.45062229999985,,,,,,,,,,,,,,,,,,,431.41850490000024,0.9990468000000874,438.16775099999995,[-0.1935185185185185],[0.39444444444444443],[1],[0],[0],[6.735550999999759],,,1112_1200_CB4_44_2,001,2023-12-11_12h46.54.593,3_End,2023.2.3,60.002148076913464,2023-12-11 12h47.06.400512 +0000,
,,,,,,,,11,1,passport,passportcn,./stims/AcqBystanders/passport.jpeg,./stims/AcqBystanders/passportcn.jpeg,SS,SS_3,,,,,0,10,10,10,438.20068930000025,,,,,,,,,,,,,,,,,,,438.1683600000001,0.9992926999998417,451.7847012000002,[-0.1935185185185185],[0.39444444444444443],[1],[0],[0],[13.598206699999992],,,1112_1200_CB4_44_2,001,2023-12-11_12h46.54.593,3_End,2023.2.3,60.002148076913464,2023-12-11 12h47.06.400512 +0000,
,,,,,,,,12,1,headphones,headphonescn,./stims/AcqBystanders/headphones.jpeg,./stims/AcqBystanders/headphonescn.jpeg,SR,SR_2,,,,,0,11,11,11,451.8174534,,,,,,,,,,,,,,,,,,,451.78530899999987,0.9990781999999854,456.2514949000001,[-0.18981481481481483],[0.39444444444444443],[1],[0],[0],[4.449183200000334],,,1112_1200_CB4_44_2,001,2023-12-11_12h46.54.593,3_End,2023.2.3,60.002148076913464,2023-12-11 12h47.06.400512 +0000,
,,,,,,,,13,1,perfume,perfumecn,./stims/AcqBystanders/perfume.jpeg,./stims/AcqBystanders/perfumecn.jpeg,SR,SR_4,,,,,0,12,12,12,456.28415760000007,,,,,,,,,,,,,,,,,,,456.2521121,1.0156318999997893,461.3514304,[-0.18888888888888888],[0.39444444444444443],[1],[0],[0],[5.081125499999871],,,1112_1200_CB4_44_2,001,2023-12-11_12h46.54.593,3_End,2023.2.3,60.002148076913464,2023-12-11 12h47.06.400512 +0000,
,,,,,,,,14,1,cup,cupcn,./stims/AcqBystanders/cup.jpeg,./stims/AcqBystanders/cupcn.jpeg,RS,RS_2,,,,,0,13,13,13,461.4679169000001,,,,,,,,,,,,,,,,,,,461.35200970000005,0.9991326999997909,465.2014472999999,[-0.18888888888888888],[0.39444444444444443],[1],[0],[0],[3.7489433999999164],,,1112_1200_CB4_44_2,001,2023-12-11_12h46.54.593,3_End,2023.2.3,60.002148076913464,2023-12-11 12h47.06.400512 +0000,
,,,,,,,,,,,,,,,,,,,,,,,,,,,,,,,,,,,,,,,,,,,,,,,,,,,,465.2019098999999,465.2175511999999,,,,,,,,
