﻿order_ext,blk_ext,bystander_ext,test_item_ext,bystander_loc_ext,test_item_loc_ext,trial_type_ext,itemNo_ext,order_cond_acq,blk_cond_acq,bystander_cond_acq,test_item_cond_acq,bystander_loc_cond_acq,test_item_loc_cond_acq,trial_type_cond_acq,itemNo_cond_acq,trials.thisRepN,trials.thisTrialN,trials.thisN,trials.thisIndex,trials_2.thisRepN,trials_2.thisTrialN,trials_2.thisN,trials_2.thisIndex,thisRow.t,notes,INSTRUCTION.started,instruct1.started,ok1.started,INSTRUCTION.stopped,ok1.keys,ok1.rt,ok1.duration,END_EXT.started,mouse_ext.started,mouse_ext.stopped,END_EXT.stopped,mouse_ext.x,mouse_ext.y,mouse_ext.leftButton,mouse_ext.midButton,mouse_ext.rightButton,mouse_ext.time,END_ACQ.started,mouse_cond.started,END_ACQ.stopped,mouse_cond.x,mouse_cond.y,mouse_cond.leftButton,mouse_cond.midButton,mouse_cond.rightButton,mouse_cond.time,mouse_cond.stopped,thanks.started,thanksMsg.started,participant,session,date,expName,psychopyVersion,frameRate,expStart,
,,,,,,,,,,,,,,,,,,,,,,,,,,0.01673389998904895,0.03330179999466054,0.03330179999466054,15.517380199991749,space,15.473225999987335,None,,,,,,,,,,,,,,,,,,,,,,,1212_1330_SB3_46_2,001,2023-12-12_14h07.53.557,3_End,2023.2.3,59.996784175819464,2023-12-12 14h08.07.018637 +0000,
1,1,walkman,walkmancn,./stims/CritBystanders/cap.jpeg,./stims/CritBystanders/walkmancn.jpeg,SS,SS_2,,,,,,,,,0,0,0,0,,,,,15.583411699990393,,,,,,,,,15.53154209999775,0.9994133000000147,15.999532000001636,31.51732779998565,[],[],[],[],[],[],,,,,,,,,,,,,1212_1330_SB3_46_2,001,2023-12-12_14h07.53.557,3_End,2023.2.3,59.996784175819464,2023-12-12 14h08.07.018637 +0000,
2,1,scissors,scissorscn,./stims/CritBystanders/chessboard.jpeg,./stims/CritBystanders/scissorscn.jpeg,SR,SR_6,,,,,,,,,0,1,1,1,,,,,31.55022469999676,,,,,,,,,31.518219799996587,0.9995180000114487,,35.6175196999975,[0.8870370370370371],[0.06574074074074074],[1],[0],[0],[4.081890500005102],,,,,,,,,,,,,1212_1330_SB3_46_2,001,2023-12-12_14h07.53.557,3_End,2023.2.3,59.996784175819464,2023-12-12 14h08.07.018637 +0000,
3,1,chair,chaircn,./stims/CritBystanders/wallet.jpeg,./stims/CritBystanders/chaircn.jpeg,RS,RS_6,,,,,,,,,0,2,2,2,,,,,35.65015819999098,,,,,,,,,35.61814959999174,1.0156481000012718,,39.267679399999906,[0.887962962962963],[0.5],[1],[0],[0],[3.636530200004927],,,,,,,,,,,,,1212_1330_SB3_46_2,001,2023-12-12_14h07.53.557,3_End,2023.2.3,59.996784175819464,2023-12-12 14h08.07.018637 +0000,
4,1,peacock,peacockcn,./stims/CritBystanders/clipboard.jpeg,./stims/CritBystanders/peacockcn.jpeg,RR,RR_5,,,,,,,,,0,3,3,3,,,,,39.300165599997854,,,,,,,,,39.26834379999491,1.015468300000066,,43.8842059999879,[0.887962962962963],[0.5],[1],[0],[0],[4.598656999995001],,,,,,,,,,,,,1212_1330_SB3_46_2,001,2023-12-12_14h07.53.557,3_End,2023.2.3,59.996784175819464,2023-12-12 14h08.07.018637 +0000,
5,2,wastebasket,wastebasketcn,./stims/CritBystanders/comb.jpeg,./stims/CritBystanders/wastebasketcn.jpeg,RS,RS_5,,,,,,,,,0,4,4,4,,,,,43.91693639999721,,,,,,,,,43.88481069999398,0.9990035999944666,,52.034234499995364,[0.887962962962963],[0.5],[1],[0],[0],[8.136064000005717],,,,,,,,,,,,,1212_1330_SB3_46_2,001,2023-12-12_14h07.53.557,3_End,2023.2.3,59.996784175819464,2023-12-12 14h08.07.018637 +0000,
6,2,card,cardcn,./stims/CritBystanders/electriccord.jpeg,./stims/CritBystanders/cardscn.jpeg,SS,SS_1,,,,,,,,,0,5,5,5,,,,,52.06696099998953,,,,,,,,,52.034771899998304,0.9991169999993872,15.999169299990172,68.0339885999856,[],[],[],[],[],[],,,,,,,,,,,,,1212_1330_SB3_46_2,001,2023-12-12_14h07.53.557,3_End,2023.2.3,59.996784175819464,2023-12-12 14h08.07.018637 +0000,
7,2,books,bookscn,./stims/CritBystanders/toiletpaper.jpeg,./stims/CritBystanders/bookscn.jpeg,RR,RR_2,,,,,,,,,0,6,6,6,,,,,68.06711379998887,,,,,,,,,68.03446499998972,0.9991659999941476,,72.46777439999278,[0.887962962962963],[0.5],[1],[0],[0],[4.4211729999951785],,,,,,,,,,,,,1212_1330_SB3_46_2,001,2023-12-12_14h07.53.557,3_End,2023.2.3,59.996784175819464,2023-12-12 14h08.07.018637 +0000,
8,2,fan,fancn,./stims/CritBystanders/keys.jpeg,./stims/CritBystanders/fancn.jpeg,SR,SR_3,,,,,,,,,0,7,7,7,,,,,72.50042759999633,,,,,,,,,72.46836879999319,1.0156314999912865,,88.48393239999132,[],[],[],[],[],[],,,,,,,,,,,,,1212_1330_SB3_46_2,001,2023-12-12_14h07.53.557,3_End,2023.2.3,59.996784175819464,2023-12-12 14h08.07.018637 +0000,
9,3,chessboard,chessboardcn,./stims/CritBystanders/scissors.jpeg,./stims/CritBystanders/chessboardcn.jpeg,RR,RR_6,,,,,,,,,0,8,8,8,,,,,88.51726779999444,,,,,,,,,88.48448059998918,0.9990897999959998,15.999257299990859,104.4677859999938,[],[],[],[],[],[],,,,,,,,,,,,,1212_1330_SB3_46_2,001,2023-12-12_14h07.53.557,3_End,2023.2.3,59.996784175819464,2023-12-12 14h08.07.018637 +0000,
10,3,iron,ironcn,./stims/CritBystanders/soccerball.jpeg,./stims/CritBystanders/ironcn.jpeg,SR,SR_7,,,,,,,,,0,9,9,9,,,,,104.50067479998688,,,,,,,,,104.46836899999471,0.9992484999966109,,107.90134179999586,[0.887962962962963],[0.5],[1],[0],[0],[3.420074499998009],,,,,,,,,,,,,1212_1330_SB3_46_2,001,2023-12-12_14h07.53.557,3_End,2023.2.3,59.996784175819464,2023-12-12 14h08.07.018637 +0000,
11,3,candle,candlecn,./stims/CritBystanders/crate.jpeg,./stims/CritBystanders/candlecn.jpeg,SS,SS_8,,,,,,,,,0,10,10,10,,,,,107.93400209999527,,,,,,,,,107.9019430999906,1.0156580000038957,,114.28470719998586,[0.887962962962963],[0.5],[1],[0],[0],[6.371144700009609],,,,,,,,,,,,,1212_1330_SB3_46_2,001,2023-12-12_14h07.53.557,3_End,2023.2.3,59.996784175819464,2023-12-12 14h08.07.018637 +0000,
12,3,cap,capcn,./stims/CritBystanders/walkman.jpeg,./stims/CritBystanders/capcn.jpeg,RS,RS_2,,,,,,,,,0,11,11,11,,,,,114.3174250999873,,,,,,,,,114.28527559999202,0.9990159000008134,15.99912310000218,130.28446079998685,[],[],[],[],[],[],,,,,,,,,,,,,1212_1330_SB3_46_2,001,2023-12-12_14h07.53.557,3_End,2023.2.3,59.996784175819464,2023-12-12 14h08.07.018637 +0000,
13,4,stapler,staplercn,./stims/CritBystanders/computer.jpeg,./stims/CritBystanders/staplercn.jpeg,RR,RR_1,,,,,,,,,0,12,12,12,,,,,130.31751059999806,,,,,,,,,130.28498269998818,0.9991532999993069,15.999234199989587,146.28457889999845,[],[],[],[],[],[],,,,,,,,,,,,,1212_1330_SB3_46_2,001,2023-12-12_14h07.53.557,3_End,2023.2.3,59.996784175819464,2023-12-12 14h08.07.018637 +0000,
14,4,electriccord,electriccordcn,./stims/CritBystanders/cards.jpeg,./stims/CritBystanders/electriccordcn.jpeg,RS,RS_1,,,,,,,,,0,13,13,13,,,,,146.31761649998953,,,,,,,,,146.2850841999898,0.9992790999967838,,161.48480309998558,[0.887962962962963],[0.5],[1],[0],[0],[15.186562400005641],,,,,,,,,,,,,1212_1330_SB3_46_2,001,2023-12-12_14h07.53.557,3_End,2023.2.3,59.996784175819464,2023-12-12 14h08.07.018637 +0000,
15,4,umbrella,umbrellacn,./stims/CritBystanders/calculator.jpeg,./stims/CritBystanders/umbrellacn.jpeg,SS,SS_4,,,,,,,,,0,14,14,14,,,,,161.51772899999924,,,,,,,,,161.48542969999835,0.9992090999876382,,173.2184632999997,[0.887962962962963],[0.5],[1],[0],[0],[11.72003229999973],,,,,,,,,,,,,1212_1330_SB3_46_2,001,2023-12-12_14h07.53.557,3_End,2023.2.3,59.996784175819464,2023-12-12 14h08.07.018637 +0000,
16,4,guitar,guitarcn,./stims/CritBystanders/telephone.jpeg,./stims/CritBystanders/guitarcn.jpeg,SR,SR_4,,,,,,,,,0,15,15,15,,,,,173.25118069999735,,,,,,,,,173.21906219999073,1.015662899997551,,184.65169209998567,[0.887962962962963],[0.5],[1],[0],[0],[11.415985700004967],,,,,,,,,,,,,1212_1330_SB3_46_2,001,2023-12-12_14h07.53.557,3_End,2023.2.3,59.996784175819464,2023-12-12 14h08.07.018637 +0000,
17,5,keys,keyscn,./stims/CritBystanders/fan.jpeg,./stims/CritBystanders/keyscn.jpeg,RR,RR_3,,,,,,,,,0,16,16,16,,,,,184.68456689998857,,,,,,,,,184.65228649998608,0.9992349000094691,15.999285900004907,200.6516988999938,[],[],[],[],[],[],,,,,,,,,,,,,1212_1330_SB3_46_2,001,2023-12-12_14h07.53.557,3_End,2023.2.3,59.996784175819464,2023-12-12 14h08.07.018637 +0000,
18,5,crate,cratecn,./stims/CritBystanders/candle.jpeg,./stims/CritBystanders/cratecn.jpeg,RS,RS_8,,,,,,,,,0,17,17,17,,,,,200.6846954999928,,,,,,,,,200.6522161999892,0.9992923000099836,,207.15179619999253,[0.887962962962963],[0.5],[1],[0],[0],[6.482753700009198],,,,,,,,,,,,,1212_1330_SB3_46_2,001,2023-12-12_14h07.53.557,3_End,2023.2.3,59.996784175819464,2023-12-12 14h08.07.018637 +0000,
19,5,coffeemug,coffeemugcn,./stims/CritBystanders/bucket.jpeg,./stims/CritBystanders/coffeemugcn.jpeg,SS,SS_3,,,,,,,,,0,18,18,18,,,,,207.18473149999045,,,,,,,,,207.1523940999905,0.999221399993985,,219.5520770999865,[0.887962962962963],[0.5],[1],[0],[0],[12.382943299991894],,,,,,,,,,,,,1212_1330_SB3_46_2,001,2023-12-12_14h07.53.557,3_End,2023.2.3,59.996784175819464,2023-12-12 14h08.07.018637 +0000,
20,5,clipboard,clipboardcn,./stims/CritBystanders/peacock.jpeg,./stims/CritBystanders/clipboardcn.jpeg,SR,SR_5,,,,,,,,,0,19,19,19,,,,,219.58482839999488,,,,,,,,,219.55266199998732,0.9990637000009883,,227.80211899999995,[0.887962962962963],[0.5],[1],[0],[0],[8.228403299988713],,,,,,,,,,,,,1212_1330_SB3_46_2,001,2023-12-12_14h07.53.557,3_End,2023.2.3,59.996784175819464,2023-12-12 14h08.07.018637 +0000,
21,6,soccerball,soccerballcn,./stims/CritBystanders/iron.jpeg,./stims/CritBystanders/soccerballcn.jpeg,RR,RR_7,,,,,,,,,0,20,20,20,,,,,227.8349007999932,,,,,,,,,227.8026828999864,0.9990803999971831,,240.9522267999855,[0.887962962962963],[0.5],[1],[0],[0],[13.131184400001075],,,,,,,,,,,,,1212_1330_SB3_46_2,001,2023-12-12_14h07.53.557,3_End,2023.2.3,59.996784175819464,2023-12-12 14h08.07.018637 +0000,
22,6,wallet,walletcn,./stims/CritBystanders/chair.jpeg,./stims/CritBystanders/walletcn.jpeg,SS,SS_6,,,,,,,,,0,21,21,21,,,,,240.9850075999857,,,,,,,,,240.9528292999894,0.999024399992777,,251.0022983999952,[0.887962962962963],[0.5],[1],[0],[0],[10.032903500003158],,,,,,,,,,,,,1212_1330_SB3_46_2,001,2023-12-12_14h07.53.557,3_End,2023.2.3,59.996784175819464,2023-12-12 14h08.07.018637 +0000,
23,6,calculator,calculatorcn,./stims/CritBystanders/umbrella.jpeg,./stims/CritBystanders/calculatorcn.jpeg,RS,RS_4,,,,,,,,,0,22,22,22,,,,,251.03504739998607,,,,,,,,,251.00281829999585,0.9991150999994716,,259.16907669999637,[0.887962962962963],[0.5],[1],[0],[0],[8.152775599999586],,,,,,,,,,,,,1212_1330_SB3_46_2,001,2023-12-12_14h07.53.557,3_End,2023.2.3,59.996784175819464,2023-12-12 14h08.07.018637 +0000,
24,6,toiletpaper,toiletpapercn,./stims/CritBystanders/books.jpeg,./stims/CritBystanders/toiletpapercn.jpeg,SR,SR_2,,,,,,,,,0,23,23,23,,,,,259.201802999989,,,,,,,,,259.16964979999466,0.9990151999954833,,263.90250959999685,[0.887962962962963],[0.5],[1],[0],[0],[4.721227500005625],,,,,,,,,,,,,1212_1330_SB3_46_2,001,2023-12-12_14h07.53.557,3_End,2023.2.3,59.996784175819464,2023-12-12 14h08.07.018637 +0000,
25,7,watch,watchcn,./stims/CritBystanders/backpack.jpeg,./stims/CritBystanders/watchcn.jpeg,SR,SR_8,,,,,,,,,0,24,24,24,,,,,263.9351377999992,,,,,,,,,263.9031011999905,1.0156235000031302,,267.85240359998716,[0.887962962962963],[0.5],[1],[0],[0],[3.93574030000309],,,,,,,,,,,,,1212_1330_SB3_46_2,001,2023-12-12_14h07.53.557,3_End,2023.2.3,59.996784175819464,2023-12-12 14h08.07.018637 +0000,
26,7,telephone,telephonecn,./stims/CritBystanders/guitar.jpeg,./stims/CritBystanders/telephonecn.jpeg,RR,RR_4,,,,,,,,,0,25,25,25,,,,,267.88515129999723,,,,,,,,,267.8529494999966,0.9991171000001486,,282.68591889999516,[0.887962962962963],[0.5],[1],[0],[0],[14.819283999997424],,,,,,,,,,,,,1212_1330_SB3_46_2,001,2023-12-12_14h07.53.557,3_End,2023.2.3,59.996784175819464,2023-12-12 14h08.07.018637 +0000,
27,7,video,videocn,./stims/CritBystanders/shoes.jpeg,./stims/CritBystanders/videocn.jpeg,RS,RS_7,,,,,,,,,0,26,26,26,,,,,282.7186037999927,,,,,,,,,282.68676339999365,1.0154223999998067,,285.9192379999877,[0.887962962962963],[0.5],[1],[0],[0],[3.2151814000098966],,,,,,,,,,,,,1212_1330_SB3_46_2,001,2023-12-12_14h07.53.557,3_End,2023.2.3,59.996784175819464,2023-12-12 14h08.07.018637 +0000,
28,7,shoes,shoescn,./stims/CritBystanders/video.jpeg,./stims/CritBystanders/shoescn.jpeg,SS,SS_7,,,,,,,,,0,27,27,27,,,,,285.95197739999276,,,,,,,,,285.9197991999972,0.9990644000063185,,297.702406899989,[0.887962962962963],[0.5],[1],[0],[0],[11.765993200009689],,,,,,,,,,,,,1212_1330_SB3_46_2,001,2023-12-12_14h07.53.557,3_End,2023.2.3,59.996784175819464,2023-12-12 14h08.07.018637 +0000,
29,8,bucket,bucketcn,./stims/CritBystanders/coffeemug.jpeg,./stims/CritBystanders/bucketcn.jpeg,RS,RS_3,,,,,,,,,0,28,28,28,,,,,297.73538899999403,,,,,,,,,297.70294959998864,0.999308700003894,,313.4527286999946,[0.887962962962963],[0.5],[1],[0],[0],[15.736988300006487],,,,,,,,,,,,,1212_1330_SB3_46_2,001,2023-12-12_14h07.53.557,3_End,2023.2.3,59.996784175819464,2023-12-12 14h08.07.018637 +0000,
30,8,computer,computercn,./stims/CritBystanders/stapler.jpeg,./stims/CritBystanders/computercn.jpeg,SR,SR_1,,,,,,,,,0,29,29,29,,,,,313.4854709999927,,,,,,,,,313.4532727999904,0.999159699989832,15.99918919999618,329.4525050999946,[],[],[],[],[],[],,,,,,,,,,,,,1212_1330_SB3_46_2,001,2023-12-12_14h07.53.557,3_End,2023.2.3,59.996784175819464,2023-12-12 14h08.07.018637 +0000,
31,8,comb,combcn,./stims/CritBystanders/wastebasket.jpeg,./stims/CritBystanders/combcn.jpeg,SS,SS_5,,,,,,,,,0,30,30,30,,,,,329.48558209999464,,,,,,,,,329.4530093999929,0.9992647000035504,,341.1197645999928,[0.887962962962963],[0.5],[1],[0],[0],[11.6543851000024],,,,,,,,,,,,,1212_1330_SB3_46_2,001,2023-12-12_14h07.53.557,3_End,2023.2.3,59.996784175819464,2023-12-12 14h08.07.018637 +0000,
32,8,backpack,backpackcn,./stims/CritBystanders/watch.jpeg,./stims/CritBystanders/backpackcn.jpeg,RR,RR_8,,,,,,,,,0,31,31,31,,,,,341.15233559999615,,,,,,,,,341.12035469998955,1.015575400000671,,357.13587309999275,[],[],[],[],[],[],,,,,,,,,,,,,1212_1330_SB3_46_2,001,2023-12-12_14h07.53.557,3_End,2023.2.3,59.996784175819464,2023-12-12 14h08.07.018637 +0000,
,,,,,,,,1,1,pan,pancn,./stims/AcqBystanders/pan.jpeg,./stims/AcqBystanders/pancn.jpeg,SS,SS_2,,,,,0,0,0,0,357.1861448999989,,,,,,,,,,,,,,,,,,,357.14517529998557,0.999012699990999,363.51982619999035,[0.887962962962963],[0.5],[1],[0],[0],[6.345969000001787],,,,1212_1330_SB3_46_2,001,2023-12-12_14h07.53.557,3_End,2023.2.3,59.996784175819464,2023-12-12 14h08.07.018637 +0000,
,,,,,,,,2,1,lightbulb,lightbulbcn,./stims/AcqBystanders/lightbulb.jpeg,./stims/AcqBystanders/lightbulbcn.jpeg,SR,SR_3,,,,,0,1,1,1,363.6363743999973,,,,,,,,,,,,,,,,,,,363.52075639998657,1.0153238999919267,377.2866275999986,[0.887962962962963],[0.5],[1],[0],[0],[13.660626099997899],,,,1212_1330_SB3_46_2,001,2023-12-12_14h07.53.557,3_End,2023.2.3,59.996784175819464,2023-12-12 14h08.07.018637 +0000,
,,,,,,,,3,1,shampoo,shampoocn,./stims/AcqBystanders/shampoo.jpeg,./stims/AcqBystanders/shampoocn.jpeg,RS,RS_4,,,,,0,2,2,2,377.3365395999863,,,,,,,,,,,,,,,,,,,377.2872272999957,1.0156600999907823,383.986627899998,[0.887962962962963],[0.5],[1],[0],[0],[6.668019099990488],,,,1212_1330_SB3_46_2,001,2023-12-12_14h07.53.557,3_End,2023.2.3,59.996784175819464,2023-12-12 14h08.07.018637 +0000,
,,,,,,,,4,1,mandms,mandmscn,./stims/AcqBystanders/mandms.jpeg,./stims/AcqBystanders/mandmscn.jpeg,RR,RR_2,,,,,0,3,3,3,384.0193356999953,,,,,,,,,,,,,,,,,,,383.98722599999746,1.0156677999912063,389.8867213999911,[0.887962962962963],[0.5],[1],[0],[0],[5.881461700002546],,,,1212_1330_SB3_46_2,001,2023-12-12_14h07.53.557,3_End,2023.2.3,59.996784175819464,2023-12-12 14h08.07.018637 +0000,
,,,,,,,,5,1,sheet,sheetcn,./stims/AcqBystanders/sheet.jpeg,./stims/AcqBystanders/sheetcn.jpeg,RS,RS_3,,,,,0,4,4,4,389.91936069999065,,,,,,,,,,,,,,,,,,,389.88731859999825,1.015610899994499,396.4034845999995,[0.887962962962963],[0.5],[1],[0],[0],[6.502107799999067],,,,1212_1330_SB3_46_2,001,2023-12-12_14h07.53.557,3_End,2023.2.3,59.996784175819464,2023-12-12 14h08.07.018637 +0000,
,,,,,,,,6,1,bottle,bottlecn,./stims/AcqBystanders/bottle.jpeg,./stims/AcqBystanders/bottlecn.jpeg,SS,SS_1,,,,,0,5,5,5,396.43603769999754,,,,,,,,,,,,,,,,,,,396.4041024999897,1.015575400000671,412.4196111999918,[],[],[],[],[],[],,,,1212_1330_SB3_46_2,001,2023-12-12_14h07.53.557,3_End,2023.2.3,59.996784175819464,2023-12-12 14h08.07.018637 +0000,
,,,,,,,,7,1,trunk,trunkcn,./stims/AcqBystanders/trunk.jpeg,./stims/AcqBystanders/trunkcn.jpeg,SR,SR_1,,,,,0,6,6,6,412.45283719999134,,,,,,,,,,,,,,,,,,,412.42019839999557,0.9991137999895727,420.8536444999918,[0.887962962962963],[0.5],[1],[0],[0],[8.416932900014217],,,,1212_1330_SB3_46_2,001,2023-12-12_14h07.53.557,3_End,2023.2.3,59.996784175819464,2023-12-12 14h08.07.018637 +0000,
,,,,,,,,8,1,can,cancn,./stims/AcqBystanders/can.jpeg,./stims/AcqBystanders/cancn.jpeg,RR,RR_3,,,,,0,7,7,7,420.8862631999946,,,,,,,,,,,,,,,,,,,420.8542417999997,1.0156188999972073,427.82021859999804,[0.887962962962963],[0.5],[1],[0],[0],[6.944445500004804],,,,1212_1330_SB3_46_2,001,2023-12-12_14h07.53.557,3_End,2023.2.3,59.996784175819464,2023-12-12 14h08.07.018637 +0000,
,,,,,,,,9,1,towel,towelcn,./stims/AcqBystanders/towel.jpeg,./stims/AcqBystanders/towelcn.jpeg,RS,RS_1,,,,,0,8,8,8,427.85296659999585,,,,,,,,,,,,,,,,,,,427.8208338999975,0.9990442999987863,443.8200031999877,[],[],[],[],[],[],15.99916839999787,,,1212_1330_SB3_46_2,001,2023-12-12_14h07.53.557,3_End,2023.2.3,59.996784175819464,2023-12-12 14h08.07.018637 +0000,
,,,,,,,,10,1,fireextinguisher,fireextinguishercn,./stims/AcqBystanders/fireextinguisher.jpeg,./stims/AcqBystanders/fireextinguishercn.jpeg,RR,RR_1,,,,,0,9,9,9,443.85305989999324,,,,,,,,,,,,,,,,,,,443.82060529998853,0.9991615000035381,456.2204311999958,[0.887962962962963],[0.5],[1],[0],[0],[12.382617800001753],,,,1212_1330_SB3_46_2,001,2023-12-12_14h07.53.557,3_End,2023.2.3,59.996784175819464,2023-12-12 14h08.07.018637 +0000,
,,,,,,,,11,1,passport,passportcn,./stims/AcqBystanders/passport.jpeg,./stims/AcqBystanders/passportcn.jpeg,SS,SS_3,,,,,0,10,10,10,456.2531550999993,,,,,,,,,,,,,,,,,,,456.22104579998995,0.9990179000014905,465.1702935999929,[0.887962962962963],[0.5],[1],[0],[0],[8.935707399999956],,,,1212_1330_SB3_46_2,001,2023-12-12_14h07.53.557,3_End,2023.2.3,59.996784175819464,2023-12-12 14h08.07.018637 +0000,
,,,,,,,,12,1,headphones,headphonescn,./stims/AcqBystanders/headphones.jpeg,./stims/AcqBystanders/headphonescn.jpeg,SR,SR_2,,,,,0,11,11,11,465.20322779999697,,,,,,,,,,,,,,,,,,,465.1709084999893,0.9992694999964442,474.3203444999963,[0.887962962962963],[0.5],[1],[0],[0],[9.13471009999921],,,,1212_1330_SB3_46_2,001,2023-12-12_14h07.53.557,3_End,2023.2.3,59.996784175819464,2023-12-12 14h08.07.018637 +0000,
,,,,,,,,13,1,perfume,perfumecn,./stims/AcqBystanders/perfume.jpeg,./stims/AcqBystanders/perfumecn.jpeg,SR,SR_4,,,,,0,12,12,12,474.3533385999908,,,,,,,,,,,,,,,,,,,474.3209752999974,0.9992544999986421,490.32034499998554,[],[],[],[],[],[],15.999329500002204,,,1212_1330_SB3_46_2,001,2023-12-12_14h07.53.557,3_End,2023.2.3,59.996784175819464,2023-12-12 14h08.07.018637 +0000,
,,,,,,,,14,1,cup,cupcn,./stims/AcqBystanders/cup.jpeg,./stims/AcqBystanders/cupcn.jpeg,RS,RS_2,,,,,0,13,13,13,490.437125299999,,,,,,,,,,,,,,,,,,,490.32086069999787,0.9993135999975493,506.3204884999868,[],[],[],[],[],[],15.999456099991221,,,1212_1330_SB3_46_2,001,2023-12-12_14h07.53.557,3_End,2023.2.3,59.996784175819464,2023-12-12 14h08.07.018637 +0000,
,,,,,,,,,,,,,,,,,,,,,,,,,,,,,,,,,,,,,,,,,,,,,,,,,,,,,506.32089679999626,506.33683079999173,,,,,,,,
