﻿order_ext,blk_ext,bystander_ext,test_item_ext,bystander_loc_ext,test_item_loc_ext,trial_type_ext,itemNo_ext,order_cond_acq,blk_cond_acq,bystander_cond_acq,test_item_cond_acq,bystander_loc_cond_acq,test_item_loc_cond_acq,trial_type_cond_acq,itemNo_cond_acq,trials.thisRepN,trials.thisTrialN,trials.thisN,trials.thisIndex,trials_2.thisRepN,trials_2.thisTrialN,trials_2.thisN,trials_2.thisIndex,thisRow.t,notes,INSTRUCTION.started,instruct1.started,ok1.started,INSTRUCTION.stopped,ok1.keys,ok1.rt,ok1.duration,END_EXT.started,mouse_ext.started,END_EXT.stopped,mouse_ext.x,mouse_ext.y,mouse_ext.leftButton,mouse_ext.midButton,mouse_ext.rightButton,mouse_ext.time,mouse_ext.stopped,END_ACQ.started,mouse_cond.started,END_ACQ.stopped,mouse_cond.x,mouse_cond.y,mouse_cond.leftButton,mouse_cond.midButton,mouse_cond.rightButton,mouse_cond.time,thanks.started,thanksMsg.started,participant,session,date,expName,psychopyVersion,frameRate,expStart,
,,,,,,,,,,,,,,,,,,,,,,,,,,0.008001700000022538,0.02452949999133125,0.02452949999133125,5.425109000003431,space,5.387394599994877,None,,,,,,,,,,,,,,,,,,,,,,1212_1200_SB2_45_2,001,2023-12-12_12h42.26.772,3_End,2023.2.3,60.014139330598375,2023-12-12 12h42.37.580857 +0000,
1,1,cap,capcn,./stims/CritBystanders/cap.jpeg,./stims/CritBystanders/toiletpapercn.jpeg,SS,SS_2,,,,,,,,,0,0,0,0,,,,,5.491237099995487,,,,,,,,,5.440703100000974,0.9995105999987572,9.87519489999977,[0.8666666666666667],[0.2351851851851852],[1],[0],[0],[4.4059330000018235],,,,,,,,,,,,,1212_1200_SB2_45_2,001,2023-12-12_12h42.26.772,3_End,2023.2.3,60.014139330598375,2023-12-12 12h42.37.580857 +0000,
2,1,chessboard,chessboardcn,./stims/CritBystanders/chessboard.jpeg,./stims/CritBystanders/chaircn.jpeg,SR,SR_6,,,,,,,,,0,1,1,1,,,,,9.907897500001127,,,,,,,,,9.876150700001745,1.0153191000135848,12.925217399999383,[0.7481481481481481],[0.41388888888888886],[1],[0],[0],[3.0382039999967674],,,,,,,,,,,,,1212_1200_SB2_45_2,001,2023-12-12_12h42.26.772,3_End,2023.2.3,60.014139330598375,2023-12-12 12h42.37.580857 +0000,
3,1,wallet,walletcn,./stims/CritBystanders/wallet.jpeg,./stims/CritBystanders/chessboardcn.jpeg,RS,RS_6,,,,,,,,,0,2,2,2,,,,,12.957908399999724,,,,,,,,,12.926078799995594,1.0155215000122553,18.141928299999563,[0.7481481481481481],[0.41388888888888886],[1],[0],[0],[5.2031931999954395],,,,,,,,,,,,,1212_1200_SB2_45_2,001,2023-12-12_12h42.26.772,3_End,2023.2.3,60.014139330598375,2023-12-12 12h42.37.580857 +0000,
4,1,clipboard,clipboardcn,./stims/CritBystanders/clipboard.jpeg,./stims/CritBystanders/combcn.jpeg,RR,RR_5,,,,,,,,,0,3,3,3,,,,,18.17467169999145,,,,,,,,,18.142466499994043,0.999068699995405,28.291727599993465,[0.7481481481481481],[0.41388888888888886],[1],[0],[0],[10.132882500009146],,,,,,,,,,,,,1212_1200_SB2_45_2,001,2023-12-12_12h42.26.772,3_End,2023.2.3,60.014139330598375,2023-12-12 12h42.37.580857 +0000,
5,2,comb,combcn,./stims/CritBystanders/comb.jpeg,./stims/CritBystanders/peacockcn.jpeg,RS,RS_5,,,,,,,,,0,4,4,4,,,,,28.324706100000185,,,,,,,,,28.292334099998698,0.9992943999968702,41.725174599996535,[0.7481481481481481],[0.41388888888888886],[1],[0],[0],[13.416293000002042],,,,,,,,,,,,,1212_1200_SB2_45_2,001,2023-12-12_12h42.26.772,3_End,2023.2.3,60.014139330598375,2023-12-12 12h42.37.580857 +0000,
6,2,electriccord,electriccordcn,./stims/CritBystanders/electriccord.jpeg,./stims/CritBystanders/computercn.jpeg,SS,SS_1,,,,,,,,,0,5,5,5,,,,,41.758130999995046,,,,,,,,,41.725762300004135,0.9992404999939026,54.64217849999841,[0.7481481481481481],[0.41388888888888886],[1],[0],[0],[12.905829200011794],,,,,,,,,,,,,1212_1200_SB2_45_2,001,2023-12-12_12h42.26.772,3_End,2023.2.3,60.014139330598375,2023-12-12 12h42.37.580857 +0000,
7,2,toiletpaper,toiletpapercn,./stims/CritBystanders/toiletpaper.jpeg,./stims/CritBystanders/walkmancn.jpeg,RR,RR_2,,,,,,,,,0,6,6,6,,,,,54.674883300001966,,,,,,,,,54.6427718999912,1.0157238000101643,65.62560319999466,[0.7481481481481481],[0.41388888888888886],[1],[0],[0],[10.972060500003863],,,,,,,,,,,,,1212_1200_SB2_45_2,001,2023-12-12_12h42.26.772,3_End,2023.2.3,60.014139330598375,2023-12-12 12h42.37.580857 +0000,
8,2,keys,keyscn,./stims/CritBystanders/keys.jpeg,./stims/CritBystanders/bucketcn.jpeg,SR,SR_3,,,,,,,,,0,7,7,7,,,,,65.65832289999526,,,,,,,,,65.62614779999421,0.9990862999984529,81.62538359999598,[],[],[],[],[],[],15.99915649999457,,,,,,,,,,,,1212_1200_SB2_45_2,001,2023-12-12_12h42.26.772,3_End,2023.2.3,60.014139330598375,2023-12-12 12h42.37.580857 +0000,
9,3,scissors,scissorscn,./stims/CritBystanders/scissors.jpeg,./stims/CritBystanders/walletcn.jpeg,RR,RR_6,,,,,,,,,0,8,8,8,,,,,81.65841689999797,,,,,,,,,81.62588890000188,0.9991869999939809,97.07581039999786,[0.8416666666666667],[0.43703703703703706],[1],[0],[0],[15.432736900009331],,,,,,,,,,,,,1212_1200_SB2_45_2,001,2023-12-12_12h42.26.772,3_End,2023.2.3,60.014139330598375,2023-12-12 12h42.37.580857 +0000,
10,3,soccerball,soccerballcn,./stims/CritBystanders/soccerball.jpeg,./stims/CritBystanders/videocn.jpeg,SR,SR_7,,,,,,,,,0,9,9,9,,,,,97.10856680000143,,,,,,,,,97.07639639999252,0.9990212999982759,100.37557629999355,[0.8416666666666667],[0.43703703703703706],[1],[0],[0],[3.281268099992303],,,,,,,,,,,,,1212_1200_SB2_45_2,001,2023-12-12_12h42.26.772,3_End,2023.2.3,60.014139330598375,2023-12-12 12h42.37.580857 +0000,
11,3,crate,cratecn,./stims/CritBystanders/crate.jpeg,./stims/CritBystanders/watchcn.jpeg,SS,SS_8,,,,,,,,,0,10,10,10,,,,,100.4085791999969,,,,,,,,,100.37616420000268,0.999327199999243,114.44255399999383,[0.8416666666666667],[0.43703703703703706],[1],[0],[0],[14.053316699995776],,,,,,,,,,,,,1212_1200_SB2_45_2,001,2023-12-12_12h42.26.772,3_End,2023.2.3,60.014139330598375,2023-12-12 12h42.37.580857 +0000,
12,3,walkman,walkmancn,./stims/CritBystanders/walkman.jpeg,./stims/CritBystanders/bookscn.jpeg,RS,RS_2,,,,,,,,,0,11,11,11,,,,,114.4753117999935,,,,,,,,,114.44314659999509,0.9990696999884676,119.65927509999892,[0.8416666666666667],[0.43703703703703706],[1],[0],[0],[5.2057414000009885],,,,,,,,,,,,,1212_1200_SB2_45_2,001,2023-12-12_12h42.26.772,3_End,2023.2.3,60.014139330598375,2023-12-12 12h42.37.580857 +0000,
13,4,computer,computercn,./stims/CritBystanders/computer.jpeg,./stims/CritBystanders/cardscn.jpeg,RR,RR_1,,,,,,,,,0,12,12,12,,,,,119.69202509999741,,,,,,,,,119.65986159999738,0.9990752000012435,130.3260358999978,[0.8416666666666667],[0.43703703703703706],[1],[0],[0],[10.65327100000286],,,,,,,,,,,,,1212_1200_SB2_45_2,001,2023-12-12_12h42.26.772,3_End,2023.2.3,60.014139330598375,2023-12-12 12h42.37.580857 +0000,
14,4,cards,cardscn,./stims/CritBystanders/cards.jpeg,./stims/CritBystanders/staplercn.jpeg,RS,RS_1,,,,,,,,,0,13,13,13,,,,,130.358762200005,,,,,,,,,130.32659290000447,0.9990738000051351,138.12608879999607,[0.8416666666666667],[0.43703703703703706],[1],[0],[0],[7.782830900003319],,,,,,,,,,,,,1212_1200_SB2_45_2,001,2023-12-12_12h42.26.772,3_End,2023.2.3,60.014139330598375,2023-12-12 12h42.37.580857 +0000,
15,4,calculator,calculatorcn,./stims/CritBystanders/calculator.jpeg,./stims/CritBystanders/guitarcn.jpeg,SS,SS_4,,,,,,,,,0,14,14,14,,,,,138.15881300000183,,,,,,,,,138.12667139999394,0.9990879999968456,144.97597499999392,[0.8416666666666667],[0.43703703703703706],[1],[0],[0],[6.836019399997895],,,,,,,,,,,,,1212_1200_SB2_45_2,001,2023-12-12_12h42.26.772,3_End,2023.2.3,60.014139330598375,2023-12-12 12h42.37.580857 +0000,
16,4,telephone,telephonecn,./stims/CritBystanders/telephone.jpeg,./stims/CritBystanders/calculatorcn.jpeg,SR,SR_4,,,,,,,,,0,15,15,15,,,,,145.00888639999903,,,,,,,,,144.97656619999907,0.9992269999929704,155.59289849999186,[0.8416666666666667],[0.43703703703703706],[1],[0],[0],[10.599317200001678],,,,,,,,,,,,,1212_1200_SB2_45_2,001,2023-12-12_12h42.26.772,3_End,2023.2.3,60.014139330598375,2023-12-12 12h42.37.580857 +0000,
17,5,fan,fancn,./stims/CritBystanders/fan.jpeg,./stims/CritBystanders/coffeemugcn.jpeg,RR,RR_3,,,,,,,,,0,16,16,16,,,,,155.62564070000371,,,,,,,,,155.59347619999608,0.9990088000049582,166.89279440000246,[0.8416666666666667],[0.43703703703703706],[1],[0],[0],[11.282943000012892],,,,,,,,,,,,,1212_1200_SB2_45_2,001,2023-12-12_12h42.26.772,3_End,2023.2.3,60.014139330598375,2023-12-12 12h42.37.580857 +0000,
18,5,candle,candlecn,./stims/CritBystanders/candle.jpeg,./stims/CritBystanders/backpackcn.jpeg,RS,RS_8,,,,,,,,,0,17,17,17,,,,,166.92570759999217,,,,,,,,,166.89339270000346,0.9992140000103973,170.7596671999927,[0.887962962962963],[0.4722222222222222],[1],[0],[0],[3.8524563999962993],,,,,,,,,,,,,1212_1200_SB2_45_2,001,2023-12-12_12h42.26.772,3_End,2023.2.3,60.014139330598375,2023-12-12 12h42.37.580857 +0000,
19,5,bucket,bucketcn,./stims/CritBystanders/bucket.jpeg,./stims/CritBystanders/fancn.jpeg,SS,SS_3,,,,,,,,,0,18,18,18,,,,,170.79239229999075,,,,,,,,,170.76025649999792,0.9990306999970926,175.55968009999197,[0.887962962962963],[0.4722222222222222],[1],[0],[0],[4.783095499995397],,,,,,,,,,,,,1212_1200_SB2_45_2,001,2023-12-12_12h42.26.772,3_End,2023.2.3,60.014139330598375,2023-12-12 12h42.37.580857 +0000,
20,5,peacock,peacockcn,./stims/CritBystanders/peacock.jpeg,./stims/CritBystanders/wastebasketcn.jpeg,SR,SR_5,,,,,,,,,0,19,19,19,,,,,175.5924163000018,,,,,,,,,175.56027529999847,0.9990079999988666,179.82659270000295,[0.887962962962963],[0.4722222222222222],[1],[0],[0],[4.252705900013098],,,,,,,,,,,,,1212_1200_SB2_45_2,001,2023-12-12_12h42.26.772,3_End,2023.2.3,60.014139330598375,2023-12-12 12h42.37.580857 +0000,
21,6,iron,ironcn,./stims/CritBystanders/iron.jpeg,./stims/CritBystanders/shoescn.jpeg,RR,RR_7,,,,,,,,,0,20,20,20,,,,,179.85916730000463,,,,,,,,,179.82716249999066,1.0023252999963006,183.85972379999293,[0.887962962962963],[0.4722222222222222],[1],[0],[0],[4.0194042999937665],,,,,,,,,,,,,1212_1200_SB2_45_2,001,2023-12-12_12h42.26.772,3_End,2023.2.3,60.014139330598375,2023-12-12 12h42.37.580857 +0000,
22,6,chair,chaircn,./stims/CritBystanders/chair.jpeg,./stims/CritBystanders/scissorscn.jpeg,SS,SS_6,,,,,,,,,0,21,21,21,,,,,183.89246590000403,,,,,,,,,183.8603216999909,0.99905790000048,192.12652089999756,[0.887962962962963],[0.4722222222222222],[1],[0],[0],[8.252267100004246],,,,,,,,,,,,,1212_1200_SB2_45_2,001,2023-12-12_12h42.26.772,3_End,2023.2.3,60.014139330598375,2023-12-12 12h42.37.580857 +0000,
23,6,umbrella,umbrellacn,./stims/CritBystanders/umbrella.jpeg,./stims/CritBystanders/telephonecn.jpeg,RS,RS_4,,,,,,,,,0,22,22,22,,,,,192.15924179999274,,,,,,,,,192.1270829999994,1.0156789000029676,197.95978699999978,[0.887962962962963],[0.4722222222222222],[1],[0],[0],[5.818839599989587],,,,,,,,,,,,,1212_1200_SB2_45_2,001,2023-12-12_12h42.26.772,3_End,2023.2.3,60.014139330598375,2023-12-12 12h42.37.580857 +0000,
24,6,books,bookscn,./stims/CritBystanders/books.jpeg,./stims/CritBystanders/capcn.jpeg,SR,SR_2,,,,,,,,,0,23,23,23,,,,,197.99262390000513,,,,,,,,,197.96034769999096,0.99914759999956,210.85980809999455,[0.887962962962963],[0.4722222222222222],[1],[0],[0],[12.882612699992023],,,,,,,,,,,,,1212_1200_SB2_45_2,001,2023-12-12_12h42.26.772,3_End,2023.2.3,60.014139330598375,2023-12-12 12h42.37.580857 +0000,
25,7,backpack,backpackcn,./stims/CritBystanders/backpack.jpeg,./stims/CritBystanders/cratecn.jpeg,SR,SR_8,,,,,,,,,0,24,24,24,,,,,210.89267629999085,,,,,,,,,210.8604032000003,0.9991930999967735,218.9766815000039,[0.887962962962963],[0.4722222222222222],[1],[0],[0],[8.10331700000097],,,,,,,,,,,,,1212_1200_SB2_45_2,001,2023-12-12_12h42.26.772,3_End,2023.2.3,60.014139330598375,2023-12-12 12h42.37.580857 +0000,
26,7,guitar,guitarcn,./stims/CritBystanders/guitar.jpeg,./stims/CritBystanders/umbrellacn.jpeg,RR,RR_4,,,,,,,,,0,25,25,25,,,,,219.00941820000298,,,,,,,,,218.97721899999306,0.9990886000014143,231.62668620000477,[0.887962962962963],[0.4722222222222222],[1],[0],[0],[12.636498099993332],,,,,,,,,,,,,1212_1200_SB2_45_2,001,2023-12-12_12h42.26.772,3_End,2023.2.3,60.014139330598375,2023-12-12 12h42.37.580857 +0000,
27,7,shoes,shoescn,./stims/CritBystanders/shoes.jpeg,./stims/CritBystanders/soccerballcn.jpeg,RS,RS_7,,,,,,,,,0,26,26,26,,,,,231.6595190999942,,,,,,,,,231.62722909999138,0.9991222999960883,247.62654230000044,[],[],[],[],[],[],15.999250399996527,,,,,,,,,,,,1212_1200_SB2_45_2,001,2023-12-12_12h42.26.772,3_End,2023.2.3,60.014139330598375,2023-12-12 12h42.37.580857 +0000,
28,7,video,videocn,./stims/CritBystanders/video.jpeg,./stims/CritBystanders/ironcn.jpeg,SS,SS_7,,,,,,,,,0,27,27,27,,,,,247.65960080000514,,,,,,,,,247.62706260000414,0.9993130999937421,259.210318700003,[0.887962962962963],[0.4722222222222222],[1],[0],[0],[11.567361099994741],,,,,,,,,,,,,1212_1200_SB2_45_2,001,2023-12-12_12h42.26.772,3_End,2023.2.3,60.014139330598375,2023-12-12 12h42.37.580857 +0000,
29,8,coffeemug,coffeemugcn,./stims/CritBystanders/coffeemug.jpeg,./stims/CritBystanders/keyscn.jpeg,RS,RS_3,,,,,,,,,0,28,28,28,,,,,259.24302320000425,,,,,,,,,259.21086249999644,0.9990202000044519,275.21008180000354,[],[],[],[],[],[],15.999147299997276,,,,,,,,,,,,1212_1200_SB2_45_2,001,2023-12-12_12h42.26.772,3_End,2023.2.3,60.014139330598375,2023-12-12 12h42.37.580857 +0000,
30,8,stapler,staplercn,./stims/CritBystanders/stapler.jpeg,./stims/CritBystanders/electriccordcn.jpeg,SR,SR_1,,,,,,,,,0,29,29,29,,,,,275.2431287999934,,,,,,,,,275.2105579999916,0.9991602000081912,286.74378789999173,[0.887962962962963],[0.4722222222222222],[1],[0],[0],[11.520238000011886],,,,,,,,,,,,,1212_1200_SB2_45_2,001,2023-12-12_12h42.26.772,3_End,2023.2.3,60.014139330598375,2023-12-12 12h42.37.580857 +0000,
31,8,wastebasket,wastebasketcn,./stims/CritBystanders/wastebasket.jpeg,./stims/CritBystanders/clipboardcn.jpeg,SS,SS_5,,,,,,,,,0,30,30,30,,,,,286.7765766999946,,,,,,,,,286.74438109999755,0.9990667000092799,299.27720789999876,[0.887962962962963],[0.4722222222222222],[1],[0],[0],[12.517521699992358],,,,,,,,,,,,,1212_1200_SB2_45_2,001,2023-12-12_12h42.26.772,3_End,2023.2.3,60.014139330598375,2023-12-12 12h42.37.580857 +0000,
32,8,watch,watchcn,./stims/CritBystanders/watch.jpeg,./stims/CritBystanders/candlecn.jpeg,RR,RR_8,,,,,,,,,0,31,31,31,,,,,299.30999199999496,,,,,,,,,299.2777214999951,0.9991463000042131,309.743996899997,[0.887962962962963],[0.4722222222222222],[1],[0],[0],[10.45308340000338],,,,,,,,,,,,,1212_1200_SB2_45_2,001,2023-12-12_12h42.26.772,3_End,2023.2.3,60.014139330598375,2023-12-12 12h42.37.580857 +0000,
,,,,,,,,1,1,pan,pancn,./stims/AcqBystanders/pan.jpeg,./stims/AcqBystanders/pancn.jpeg,SS,SS_2,,,,,0,0,0,0,309.7937343999947,,,,,,,,,,,,,,,,,,,309.75348299999314,0.9990289999986999,320.8774579000019,[0.887962962962963],[0.4722222222222222],[1],[0],[0],[11.095279000001028],,,1212_1200_SB2_45_2,001,2023-12-12_12h42.26.772,3_End,2023.2.3,60.014139330598375,2023-12-12 12h42.37.580857 +0000,
,,,,,,,,2,1,lightbulb,lightbulbcn,./stims/AcqBystanders/lightbulb.jpeg,./stims/AcqBystanders/lightbulbcn.jpeg,SR,SR_3,,,,,0,1,1,1,320.9939513999998,,,,,,,,,,,,,,,,,,,320.8783986999915,1.0153516999998828,331.64391319999413,[0.887962962962963],[0.4722222222222222],[1],[0],[0],[10.657890400005272],,,1212_1200_SB2_45_2,001,2023-12-12_12h42.26.772,3_End,2023.2.3,60.014139330598375,2023-12-12 12h42.37.580857 +0000,
,,,,,,,,3,1,shampoo,shampoocn,./stims/AcqBystanders/shampoo.jpeg,./stims/AcqBystanders/shampoocn.jpeg,RS,RS_4,,,,,0,2,2,2,331.67742310000176,,,,,,,,,,,,,,,,,,,331.6445501999988,0.9992307000065921,337.4108472999942,[0.887962962962963],[0.4722222222222222],[1],[0],[0],[5.739124899992021],,,1212_1200_SB2_45_2,001,2023-12-12_12h42.26.772,3_End,2023.2.3,60.014139330598375,2023-12-12 12h42.37.580857 +0000,
,,,,,,,,4,1,mandms,mandmscn,./stims/AcqBystanders/mandms.jpeg,./stims/AcqBystanders/mandmscn.jpeg,RR,RR_2,,,,,0,3,3,3,337.44356569999945,,,,,,,,,,,,,,,,,,,337.4113876999909,0.9990814999910071,348.29434340000444,[0.887962962962963],[0.47685185185185186],[1],[0],[0],[10.862478800001554],,,1212_1200_SB2_45_2,001,2023-12-12_12h42.26.772,3_End,2023.2.3,60.014139330598375,2023-12-12 12h42.37.580857 +0000,
,,,,,,,,5,1,sheet,sheetcn,./stims/AcqBystanders/sheet.jpeg,./stims/AcqBystanders/sheetcn.jpeg,RS,RS_3,,,,,0,4,4,4,348.3269885000045,,,,,,,,,,,,,,,,,,,348.29491709999274,1.0156371000048239,353.6777086999937,[0.887962962962963],[0.47685185185185186],[1],[0],[0],[5.367511200005538],,,1212_1200_SB2_45_2,001,2023-12-12_12h42.26.772,3_End,2023.2.3,60.014139330598375,2023-12-12 12h42.37.580857 +0000,
,,,,,,,,6,1,bottle,bottlecn,./stims/AcqBystanders/bottle.jpeg,./stims/AcqBystanders/bottlecn.jpeg,SS,SS_1,,,,,0,5,5,5,353.71036349999486,,,,,,,,,,,,,,,,,,,353.6782908000023,1.0156821999989916,359.8777268999984,[0.887962962962963],[0.47685185185185186],[1],[0],[0],[6.1849852000013925],,,1212_1200_SB2_45_2,001,2023-12-12_12h42.26.772,3_End,2023.2.3,60.014139330598375,2023-12-12 12h42.37.580857 +0000,
,,,,,,,,7,1,trunk,trunkcn,./stims/AcqBystanders/trunk.jpeg,./stims/AcqBystanders/trunkcn.jpeg,SR,SR_1,,,,,0,6,6,6,359.91039889999956,,,,,,,,,,,,,,,,,,,359.8783237000025,1.0156615000014426,368.1609962999937,[0.887962962962963],[0.47685185185185186],[1],[0],[0],[8.266586599987932],,,1212_1200_SB2_45_2,001,2023-12-12_12h42.26.772,3_End,2023.2.3,60.014139330598375,2023-12-12 12h42.37.580857 +0000,
,,,,,,,,8,1,can,cancn,./stims/AcqBystanders/can.jpeg,./stims/AcqBystanders/cancn.jpeg,RR,RR_3,,,,,0,7,7,7,368.1938153999945,,,,,,,,,,,,,,,,,,,368.1615448999946,0.9991235999914352,382.21122070000274,[0.887962962962963],[0.48148148148148145],[1],[0],[0],[14.03610490000574],,,1212_1200_SB2_45_2,001,2023-12-12_12h42.26.772,3_End,2023.2.3,60.014139330598375,2023-12-12 12h42.37.580857 +0000,
,,,,,,,,9,1,towel,towelcn,./stims/AcqBystanders/towel.jpeg,./stims/AcqBystanders/towelcn.jpeg,RS,RS_1,,,,,0,8,8,8,382.2439238999941,,,,,,,,,,,,,,,,,,,382.2118005999946,1.0156622000067728,397.5113277999917,[0.887962962962963],[0.49074074074074076],[1],[0],[0],[15.288323600005242],,,1212_1200_SB2_45_2,001,2023-12-12_12h42.26.772,3_End,2023.2.3,60.014139330598375,2023-12-12 12h42.37.580857 +0000,
,,,,,,,,10,1,fireextinguisher,fireextinguishercn,./stims/AcqBystanders/fireextinguisher.jpeg,./stims/AcqBystanders/fireextinguishercn.jpeg,RR,RR_1,,,,,0,9,9,9,397.5440246999933,,,,,,,,,,,,,,,,,,,397.5119288999995,0.9990031000052113,403.2614726000029,[0.887962962962963],[0.49074074074074076],[1],[0],[0],[5.736250200003269],,,1212_1200_SB2_45_2,001,2023-12-12_12h42.26.772,3_End,2023.2.3,60.014139330598375,2023-12-12 12h42.37.580857 +0000,
,,,,,,,,11,1,passport,passportcn,./stims/AcqBystanders/passport.jpeg,./stims/AcqBystanders/passportcn.jpeg,SS,SS_3,,,,,0,10,10,10,403.2940282999916,,,,,,,,,,,,,,,,,,,403.2620509999979,1.0156144999928074,407.21133560000453,[0.887962962962963],[0.5],[1],[0],[0],[3.934772199994768],,,1212_1200_SB2_45_2,001,2023-12-12_12h42.26.772,3_End,2023.2.3,60.014139330598375,2023-12-12 12h42.37.580857 +0000,
,,,,,,,,12,1,headphones,headphonescn,./stims/AcqBystanders/headphones.jpeg,./stims/AcqBystanders/headphonescn.jpeg,SR,SR_2,,,,,0,11,11,11,407.2440792999987,,,,,,,,,,,,,,,,,,,407.21192819999123,0.9990268999972614,410.9947084000014,[0.887962962962963],[0.5],[1],[0],[0],[3.769305699999677],,,1212_1200_SB2_45_2,001,2023-12-12_12h42.26.772,3_End,2023.2.3,60.014139330598375,2023-12-12 12h42.37.580857 +0000,
,,,,,,,,13,1,perfume,perfumecn,./stims/AcqBystanders/perfume.jpeg,./stims/AcqBystanders/perfumecn.jpeg,SR,SR_4,,,,,0,12,12,12,411.0274737,,,,,,,,,,,,,,,,,,,410.995299000002,0.9990500000130851,419.01141809999535,[0.887962962962963],[0.5],[1],[0],[0],[8.002724999998463],,,1212_1200_SB2_45_2,001,2023-12-12_12h42.26.772,3_End,2023.2.3,60.014139330598375,2023-12-12 12h42.37.580857 +0000,
,,,,,,,,14,1,cup,cupcn,./stims/AcqBystanders/cup.jpeg,./stims/AcqBystanders/cupcn.jpeg,RS,RS_2,,,,,0,13,13,13,419.1280238000036,,,,,,,,,,,,,,,,,,,419.01195919999736,0.9991025000053924,425.6281985999958,[0.887962962962963],[0.5],[1],[0],[0],[6.515746499993838],,,1212_1200_SB2_45_2,001,2023-12-12_12h42.26.772,3_End,2023.2.3,60.014139330598375,2023-12-12 12h42.37.580857 +0000,
,,,,,,,,,,,,,,,,,,,,,,,,,,,,,,,,,,,,,,,,,,,,,,,,,,,,425.6286383999977,425.64422610000474,,,,,,,,
