﻿order_ext,blk_ext,bystander_ext,test_item_ext,bystander_loc_ext,test_item_loc_ext,trial_type_ext,itemNo_ext,order_cond_acq,blk_cond_acq,bystander_cond_acq,test_item_cond_acq,bystander_loc_cond_acq,test_item_loc_cond_acq,trial_type_cond_acq,itemNo_cond_acq,trials.thisRepN,trials.thisTrialN,trials.thisN,trials.thisIndex,trials_2.thisRepN,trials_2.thisTrialN,trials_2.thisN,trials_2.thisIndex,thisRow.t,notes,INSTRUCTION.started,instruct1.started,ok1.started,INSTRUCTION.stopped,ok1.keys,ok1.rt,ok1.duration,END_EXT.started,mouse_ext.started,mouse_ext.stopped,END_EXT.stopped,mouse_ext.x,mouse_ext.y,mouse_ext.leftButton,mouse_ext.midButton,mouse_ext.rightButton,mouse_ext.time,END_ACQ.started,mouse_cond.started,END_ACQ.stopped,mouse_cond.x,mouse_cond.y,mouse_cond.leftButton,mouse_cond.midButton,mouse_cond.rightButton,mouse_cond.time,mouse_cond.stopped,thanks.started,thanksMsg.started,participant,session,date,expName,psychopyVersion,frameRate,expStart,
,,,,,,,,,,,,,,,,,,,,,,,,,,0.004589799995301291,0.021139899996342137,0.021139899996342137,26.688610899989726,return,26.658913799998118,None,,,,,,,,,,,,,,,,,,,,,,,1312_1800_CB1_48_2,001,2023-12-13_18h39.11.799,3_End,2023.2.3,59.99966400630799,2023-12-13 18h39.26.127234 +0000,
1,1,cap,capcn,./stims/CritBystanders/cap.jpeg,./stims/CritBystanders/capcn.jpeg,SS,SS_2,,,,,,,,,0,0,0,0,,,,,26.75465180000174,,,,,,,,,26.702618699986488,0.9994168999837711,15.999545400001807,42.688387899979716,[],[],[],[],[],[],,,,,,,,,,,,,1312_1800_CB1_48_2,001,2023-12-13_18h39.11.799,3_End,2023.2.3,59.99966400630799,2023-12-13 18h39.26.127234 +0000,
2,1,chessboard,chessboardcn,./stims/CritBystanders/chessboard.jpeg,./stims/CritBystanders/chessboardcn.jpeg,SR,SR_6,,,,,,,,,0,1,1,1,,,,,42.721447799995076,,,,,,,,,42.68924340000376,0.999508999986574,15.999665300012566,58.688556099979905,[],[],[],[],[],[],,,,,,,,,,,,,1312_1800_CB1_48_2,001,2023-12-13_18h39.11.799,3_End,2023.2.3,59.99966400630799,2023-12-13 18h39.26.127234 +0000,
3,1,wallet,walletcn,./stims/CritBystanders/wallet.jpeg,./stims/CritBystanders/walletcn.jpeg,RS,RS_6,,,,,,,,,0,2,2,2,,,,,58.721536600001855,,,,,,,,,58.689104399993084,0.9996170999947935,,67.03891019997536,[0.8435185185185186],[0.32037037037037036],[1],[0],[0],[8.336655199993402],,,,,,,,,,,,,1312_1800_CB1_48_2,001,2023-12-13_18h39.11.799,3_End,2023.2.3,59.99966400630799,2023-12-13 18h39.26.127234 +0000,
4,1,clipboard,clipboardcn,./stims/CritBystanders/clipboard.jpeg,./stims/CritBystanders/clipboardcn.jpeg,RR,RR_5,,,,,,,,,0,3,3,3,,,,,67.07158950000303,,,,,,,,,67.03953049998381,1.0156741999962833,,83.05512599999201,[],[],[],[],[],[],,,,,,,,,,,,,1312_1800_CB1_48_2,001,2023-12-13_18h39.11.799,3_End,2023.2.3,59.99966400630799,2023-12-13 18h39.26.127234 +0000,
5,2,comb,combcn,./stims/CritBystanders/comb.jpeg,./stims/CritBystanders/combcn.jpeg,RS,RS_5,,,,,,,,,0,4,4,4,,,,,83.08838809997542,,,,,,,,,83.05565969998133,0.9991051999968477,15.999222899990855,99.03878949998762,[],[],[],[],[],[],,,,,,,,,,,,,1312_1800_CB1_48_2,001,2023-12-13_18h39.11.799,3_End,2023.2.3,59.99966400630799,2023-12-13 18h39.26.127234 +0000,
6,2,electriccord,electriccordcn,./stims/CritBystanders/electriccord.jpeg,./stims/CritBystanders/electriccordcn.jpeg,SS,SS_1,,,,,,,,,0,5,5,5,,,,,99.07180209999206,,,,,,,,,99.03929369998514,0.9992357000010088,15.999312500003725,115.0389563999779,[],[],[],[],[],[],,,,,,,,,,,,,1312_1800_CB1_48_2,001,2023-12-13_18h39.11.799,3_End,2023.2.3,59.99966400630799,2023-12-13 18h39.26.127234 +0000,
7,2,toiletpaper,toiletpapercn,./stims/CritBystanders/toiletpaper.jpeg,./stims/CritBystanders/toiletpapercn.jpeg,RR,RR_2,,,,,,,,,0,6,6,6,,,,,115.0719373000029,,,,,,,,,115.0394461999822,0.9992908000131138,,123.65612949998467,[0.8064814814814815],[0.387037037037037],[1],[0],[0],[8.603461399994558],,,,,,,,,,,,,1312_1800_CB1_48_2,001,2023-12-13_18h39.11.799,3_End,2023.2.3,59.99966400630799,2023-12-13 18h39.26.127234 +0000,
8,2,keys,keyscn,./stims/CritBystanders/keys.jpeg,./stims/CritBystanders/keyscn.jpeg,SR,SR_3,,,,,,,,,0,7,7,7,,,,,123.68864310000208,,,,,,,,,123.65674459998263,1.0154813999834005,,130.07272840000223,[0.8064814814814815],[0.387037037037037],[1],[0],[0],[6.399277799995616],,,,,,,,,,,,,1312_1800_CB1_48_2,001,2023-12-13_18h39.11.799,3_End,2023.2.3,59.99966400630799,2023-12-13 18h39.26.127234 +0000,
9,3,scissors,scissorscn,./stims/CritBystanders/scissors.jpeg,./stims/CritBystanders/scissorscn.jpeg,RR,RR_6,,,,,,,,,0,8,8,8,,,,,130.1053750999854,,,,,,,,,130.0733108999848,1.015657400013879,,146.08891269998276,[],[],[],[],[],[],,,,,,,,,,,,,1312_1800_CB1_48_2,001,2023-12-13_18h39.11.799,3_End,2023.2.3,59.99966400630799,2023-12-13 18h39.26.127234 +0000,
10,3,soccerball,soccerballcn,./stims/CritBystanders/soccerball.jpeg,./stims/CritBystanders/soccerballcn.jpeg,SR,SR_7,,,,,,,,,0,9,9,9,,,,,146.1221500999818,,,,,,,,,146.0894470999774,0.9990915000089444,,154.2892867999908,[0.8064814814814815],[0.387037037037037],[1],[0],[0],[8.186280099995201],,,,,,,,,,,,,1312_1800_CB1_48_2,001,2023-12-13_18h39.11.799,3_End,2023.2.3,59.99966400630799,2023-12-13 18h39.26.127234 +0000,
11,3,crate,cratecn,./stims/CritBystanders/crate.jpeg,./stims/CritBystanders/cratecn.jpeg,SS,SS_8,,,,,,,,,0,10,10,10,,,,,154.3222063999856,,,,,,,,,154.28988269998808,0.9992487000126857,,163.52296509998268,[0.8064814814814815],[0.3888888888888889],[1],[0],[0],[9.215927299985196],,,,,,,,,,,,,1312_1800_CB1_48_2,001,2023-12-13_18h39.11.799,3_End,2023.2.3,59.99966400630799,2023-12-13 18h39.26.127234 +0000,
12,3,walkman,walkmancn,./stims/CritBystanders/walkman.jpeg,./stims/CritBystanders/walkmancn.jpeg,RS,RS_2,,,,,,,,,0,11,11,11,,,,,163.55559169998742,,,,,,,,,163.52356589998817,1.0156010999926366,,168.8228678999876,[0.8064814814814815],[0.3888888888888889],[1],[0],[0],[5.286614099983126],,,,,,,,,,,,,1312_1800_CB1_48_2,001,2023-12-13_18h39.11.799,3_End,2023.2.3,59.99966400630799,2023-12-13 18h39.26.127234 +0000,
13,4,computer,computercn,./stims/CritBystanders/computer.jpeg,./stims/CritBystanders/computercn.jpeg,RR,RR_1,,,,,,,,,0,12,12,12,,,,,168.85564769999473,,,,,,,,,168.82345519997762,0.999092300015036,,183.82304709998425,[0.8064814814814815],[0.3888888888888889],[1],[0],[0],[14.982751300005475],,,,,,,,,,,,,1312_1800_CB1_48_2,001,2023-12-13_18h39.11.799,3_End,2023.2.3,59.99966400630799,2023-12-13 18h39.26.127234 +0000,
14,4,cards,cardscn,./stims/CritBystanders/cards.jpeg,./stims/CritBystanders/cardscn.jpeg,RS,RS_1,,,,,,,,,0,13,13,13,,,,,183.85573819998535,,,,,,,,,183.82363279999117,0.99905569999828,,196.53979660000186,[0.8064814814814815],[0.3888888888888889],[1],[0],[0],[12.699381900019944],,,,,,,,,,,,,1312_1800_CB1_48_2,001,2023-12-13_18h39.11.799,3_End,2023.2.3,59.99966400630799,2023-12-13 18h39.26.127234 +0000,
15,4,calculator,calculatorcn,./stims/CritBystanders/calculator.jpeg,./stims/CritBystanders/calculatorcn.jpeg,SS,SS_4,,,,,,,,,0,14,14,14,,,,,196.5724919999775,,,,,,,,,196.5403348999971,0.9990561000013258,,207.92317239998374,[0.8064814814814815],[0.3888888888888889],[1],[0],[0],[11.366019399982179],,,,,,,,,,,,,1312_1800_CB1_48_2,001,2023-12-13_18h39.11.799,3_End,2023.2.3,59.99966400630799,2023-12-13 18h39.26.127234 +0000,
16,4,telephone,telephonecn,./stims/CritBystanders/telephone.jpeg,./stims/CritBystanders/telephonecn.jpeg,SR,SR_4,,,,,,,,,0,15,15,15,,,,,207.95592539999052,,,,,,,,,207.92376229999354,0.9990321999939624,,214.90657189997728,[0.8064814814814815],[0.3888888888888889],[1],[0],[0],[6.966466900019441],,,,,,,,,,,,,1312_1800_CB1_48_2,001,2023-12-13_18h39.11.799,3_End,2023.2.3,59.99966400630799,2023-12-13 18h39.26.127234 +0000,
17,5,fan,fancn,./stims/CritBystanders/fan.jpeg,./stims/CritBystanders/fancn.jpeg,RR,RR_3,,,,,,,,,0,16,16,16,,,,,214.93931999997585,,,,,,,,,214.90716089998023,0.9990289999986999,,230.7066764999763,[0.8064814814814815],[0.3888888888888889],[1],[0],[0],[15.782705000019632],,,,,,,,,,,,,1312_1800_CB1_48_2,001,2023-12-13_18h39.11.799,3_End,2023.2.3,59.99966400630799,2023-12-13 18h39.26.127234 +0000,
18,5,candle,candlecn,./stims/CritBystanders/candle.jpeg,./stims/CritBystanders/candlecn.jpeg,RS,RS_8,,,,,,,,,0,17,17,17,,,,,230.7394102999824,,,,,,,,,230.7072159999807,0.9991331000055652,,236.83989149998524,[0.8064814814814815],[0.3888888888888889],[1],[0],[0],[6.115824500011513],,,,,,,,,,,,,1312_1800_CB1_48_2,001,2023-12-13_18h39.11.799,3_End,2023.2.3,59.99966400630799,2023-12-13 18h39.26.127234 +0000,
19,5,bucket,bucketcn,./stims/CritBystanders/bucket.jpeg,./stims/CritBystanders/bucketcn.jpeg,SS,SS_3,,,,,,,,,0,18,18,18,,,,,236.87277940000058,,,,,,,,,236.8404978000035,0.999227799999062,,250.27330000000075,[0.8064814814814815],[0.3888888888888889],[1],[0],[0],[13.416208300011931],,,,,,,,,,,,,1312_1800_CB1_48_2,001,2023-12-13_18h39.11.799,3_End,2023.2.3,59.99966400630799,2023-12-13 18h39.26.127234 +0000,
20,5,peacock,peacockcn,./stims/CritBystanders/peacock.jpeg,./stims/CritBystanders/peacockcn.jpeg,SR,SR_5,,,,,,,,,0,19,19,19,,,,,250.3062390999985,,,,,,,,,250.2738855999778,0.9992261999868788,,253.99015800000052,[0.7981481481481482],[0.4083333333333333],[1],[0],[0],[3.7025061000022106],,,,,,,,,,,,,1312_1800_CB1_48_2,001,2023-12-13_18h39.11.799,3_End,2023.2.3,59.99966400630799,2023-12-13 18h39.26.127234 +0000,
21,6,iron,ironcn,./stims/CritBystanders/iron.jpeg,./stims/CritBystanders/ironcn.jpeg,RR,RR_7,,,,,,,,,0,20,20,20,,,,,254.02292819999275,,,,,,,,,253.99074449998443,0.999095999985002,,266.3236437999876,[0.8027777777777778],[0.44907407407407407],[1],[0],[0],[12.319606400007615],,,,,,,,,,,,,1312_1800_CB1_48_2,001,2023-12-13_18h39.11.799,3_End,2023.2.3,59.99966400630799,2023-12-13 18h39.26.127234 +0000,
22,6,chair,chaircn,./stims/CritBystanders/chair.jpeg,./stims/CritBystanders/chaircn.jpeg,SS,SS_6,,,,,,,,,0,21,21,21,,,,,266.35633149999194,,,,,,,,,266.3242326999898,1.0157217999803834,,270.7903491999896,[0.8027777777777778],[0.44907407407407407],[1],[0],[0],[4.449836799991317],,,,,,,,,,,,,1312_1800_CB1_48_2,001,2023-12-13_18h39.11.799,3_End,2023.2.3,59.99966400630799,2023-12-13 18h39.26.127234 +0000,
23,6,umbrella,umbrellacn,./stims/CritBystanders/umbrella.jpeg,./stims/CritBystanders/umbrellacn.jpeg,RS,RS_4,,,,,,,,,0,22,22,22,,,,,270.82305249999627,,,,,,,,,270.7909115999937,1.0156965000205673,,274.2403395999863,[0.8027777777777778],[0.44907407407407407],[1],[0],[0],[3.436443999991752],,,,,,,,,,,,,1312_1800_CB1_48_2,001,2023-12-13_18h39.11.799,3_End,2023.2.3,59.99966400630799,2023-12-13 18h39.26.127234 +0000,
24,6,books,bookscn,./stims/CritBystanders/books.jpeg,./stims/CritBystanders/bookscn.jpeg,SR,SR_2,,,,,,,,,0,23,23,23,,,,,274.27309069997864,,,,,,,,,274.2409354999836,0.999004800018156,,279.89036819999455,[0.8027777777777778],[0.44907407407407407],[1],[0],[0],[5.6334419999911916],,,,,,,,,,,,,1312_1800_CB1_48_2,001,2023-12-13_18h39.11.799,3_End,2023.2.3,59.99966400630799,2023-12-13 18h39.26.127234 +0000,
25,7,backpack,backpackcn,./stims/CritBystanders/backpack.jpeg,./stims/CritBystanders/backpackcn.jpeg,SR,SR_8,,,,,,,,,0,24,24,24,,,,,279.9231486999779,,,,,,,,,279.8909597999882,0.999090299999807,,287.70711439999286,[0.7925925925925926],[0.46296296296296297],[1],[0],[0],[7.802207700005965],,,,,,,,,,,,,1312_1800_CB1_48_2,001,2023-12-13_18h39.11.799,3_End,2023.2.3,59.99966400630799,2023-12-13 18h39.26.127234 +0000,
26,7,guitar,guitarcn,./stims/CritBystanders/guitar.jpeg,./stims/CritBystanders/guitarcn.jpeg,RR,RR_4,,,,,,,,,0,25,25,25,,,,,287.73981739999726,,,,,,,,,287.70770509997965,0.9990180000022519,,295.02377189998515,[0.7925925925925926],[0.46296296296296297],[1],[0],[0],[7.302170300012222],,,,,,,,,,,,,1312_1800_CB1_48_2,001,2023-12-13_18h39.11.799,3_End,2023.2.3,59.99966400630799,2023-12-13 18h39.26.127234 +0000,
27,7,shoes,shoescn,./stims/CritBystanders/shoes.jpeg,./stims/CritBystanders/shoescn.jpeg,RS,RS_7,,,,,,,,,0,26,26,26,,,,,295.05656440000166,,,,,,,,,295.0243816000002,0.9990808000147808,,297.9572536999767,[0.7925925925925926],[0.46296296296296297],[1],[0],[0],[2.9197025000175927],,,,,,,,,,,,,1312_1800_CB1_48_2,001,2023-12-13_18h39.11.799,3_End,2023.2.3,59.99966400630799,2023-12-13 18h39.26.127234 +0000,
28,7,video,videocn,./stims/CritBystanders/video.jpeg,./stims/CritBystanders/videocn.jpeg,SS,SS_7,,,,,,,,,0,27,27,27,,,,,297.98991209999076,,,,,,,,,297.95862359998864,1.0148296999977902,,301.7738391000021,[0.7925925925925926],[0.46296296296296297],[1],[0],[0],[3.8014739000063855],,,,,,,,,,,,,1312_1800_CB1_48_2,001,2023-12-13_18h39.11.799,3_End,2023.2.3,59.99966400630799,2023-12-13 18h39.26.127234 +0000,
29,8,coffeemug,coffeemugcn,./stims/CritBystanders/coffeemug.jpeg,./stims/CritBystanders/coffeemugcn.jpeg,RS,RS_3,,,,,,,,,0,28,28,28,,,,,301.80657809998957,,,,,,,,,301.7744508999749,0.9990349000145216,,313.82402719999664,[0.7925925925925926],[0.46296296296296297],[1],[0],[0],[12.030897599994205],,,,,,,,,,,,,1312_1800_CB1_48_2,001,2023-12-13_18h39.11.799,3_End,2023.2.3,59.99966400630799,2023-12-13 18h39.26.127234 +0000,
30,8,stapler,staplercn,./stims/CritBystanders/stapler.jpeg,./stims/CritBystanders/staplercn.jpeg,SR,SR_1,,,,,,,,,0,29,29,29,,,,,313.8566583999782,,,,,,,,,313.82458889999543,1.015668000007281,,321.5741198999749,[0.7925925925925926],[0.46296296296296297],[1],[0],[0],[7.737530300015351],,,,,,,,,,,,,1312_1800_CB1_48_2,001,2023-12-13_18h39.11.799,3_End,2023.2.3,59.99966400630799,2023-12-13 18h39.26.127234 +0000,
31,8,wastebasket,wastebasketcn,./stims/CritBystanders/wastebasket.jpeg,./stims/CritBystanders/wastebasketcn.jpeg,SS,SS_5,,,,,,,,,0,30,30,30,,,,,321.6067170999886,,,,,,,,,321.57472419997794,1.0155686999787576,,327.7241623000009,[0.7666666666666667],[0.48518518518518516],[1],[0],[0],[6.132434400002239],,,,,,,,,,,,,1312_1800_CB1_48_2,001,2023-12-13_18h39.11.799,3_End,2023.2.3,59.99966400630799,2023-12-13 18h39.26.127234 +0000,
32,8,watch,watchcn,./stims/CritBystanders/watch.jpeg,./stims/CritBystanders/watchcn.jpeg,RR,RR_8,,,,,,,,,0,31,31,31,,,,,327.75677379997796,,,,,,,,,327.7247746999783,1.0155657000141218,,338.8907863999775,[0.7666666666666667],[0.48518518518518516],[1],[0],[0],[11.152824499993585],,,,,,,,,,,,,1312_1800_CB1_48_2,001,2023-12-13_18h39.11.799,3_End,2023.2.3,59.99966400630799,2023-12-13 18h39.26.127234 +0000,
,,,,,,,,1,1,pan,pancn,./stims/AcqBystanders/pan.jpeg,./stims/AcqBystanders/pancn.jpeg,SS,SS_2,,,,,0,0,0,0,338.9405544999754,,,,,,,,,,,,,,,,,,,338.90021969997906,0.9990003000129946,342.6741737999837,[0.7666666666666667],[0.48518518518518516],[1],[0],[0],[3.7455277999979444],,,,1312_1800_CB1_48_2,001,2023-12-13_18h39.11.799,3_End,2023.2.3,59.99966400630799,2023-12-13 18h39.26.127234 +0000,
,,,,,,,,2,1,lightbulb,lightbulbcn,./stims/AcqBystanders/lightbulb.jpeg,./stims/AcqBystanders/lightbulbcn.jpeg,SR,SR_3,,,,,0,1,1,1,342.7906090999895,,,,,,,,,,,,,,,,,,,342.6750666000007,1.0153529999952298,346.32416009998997,[0.7666666666666667],[0.48518518518518516],[1],[0],[0],[3.5459659000043757],,,,1312_1800_CB1_48_2,001,2023-12-13_18h39.11.799,3_End,2023.2.3,59.99966400630799,2023-12-13 18h39.26.127234 +0000,
,,,,,,,,3,1,shampoo,shampoocn,./stims/AcqBystanders/shampoo.jpeg,./stims/AcqBystanders/shampoocn.jpeg,RS,RS_4,,,,,0,2,2,2,346.374121300003,,,,,,,,,,,,,,,,,,,346.3247475999815,0.9990518999984488,352.75764579998213,[0.7666666666666667],[0.48518518518518516],[1],[0],[0],[6.405447799974354],,,,1312_1800_CB1_48_2,001,2023-12-13_18h39.11.799,3_End,2023.2.3,59.99966400630799,2023-12-13 18h39.26.127234 +0000,
,,,,,,,,4,1,mandms,mandmscn,./stims/AcqBystanders/mandms.jpeg,./stims/AcqBystanders/mandmscn.jpeg,RR,RR_2,,,,,0,3,3,3,352.79029309999896,,,,,,,,,,,,,,,,,,,352.75823979999404,1.015618200006429,359.1909754999797,[0.7666666666666667],[0.48518518518518516],[1],[0],[0],[6.415563800022937],,,,1312_1800_CB1_48_2,001,2023-12-13_18h39.11.799,3_End,2023.2.3,59.99966400630799,2023-12-13 18h39.26.127234 +0000,
,,,,,,,,5,1,sheet,sheetcn,./stims/AcqBystanders/sheet.jpeg,./stims/AcqBystanders/sheetcn.jpeg,RS,RS_3,,,,,0,4,4,4,359.2236545999767,,,,,,,,,,,,,,,,,,,359.19156989999465,1.015661999990698,364.2585030999908,[0.7666666666666667],[0.4861111111111111],[1],[0],[0],[5.048271000006935],,,,1312_1800_CB1_48_2,001,2023-12-13_18h39.11.799,3_End,2023.2.3,59.99966400630799,2023-12-13 18h39.26.127234 +0000,
,,,,,,,,6,1,bottle,bottlecn,./stims/AcqBystanders/bottle.jpeg,./stims/AcqBystanders/bottlecn.jpeg,SS,SS_1,,,,,0,5,5,5,364.2903638999851,,,,,,,,,,,,,,,,,,,364.25912309999694,1.014830499974778,371.44164959999034,[0.7527777777777778],[0.5],[1],[0],[0],[7.169742700003553],,,,1312_1800_CB1_48_2,001,2023-12-13_18h39.11.799,3_End,2023.2.3,59.99966400630799,2023-12-13 18h39.26.127234 +0000,
,,,,,,,,7,1,trunk,trunkcn,./stims/AcqBystanders/trunk.jpeg,./stims/AcqBystanders/trunkcn.jpeg,SR,SR_1,,,,,0,6,6,6,371.4737567999982,,,,,,,,,,,,,,,,,,,371.4422384999925,1.0151008999964688,374.9744312999828,[0.7527777777777778],[0.5],[1],[0],[0],[3.5099082000087947],,,,1312_1800_CB1_48_2,001,2023-12-13_18h39.11.799,3_End,2023.2.3,59.99966400630799,2023-12-13 18h39.26.127234 +0000,
,,,,,,,,8,1,can,cancn,./stims/AcqBystanders/can.jpeg,./stims/AcqBystanders/cancn.jpeg,RR,RR_3,,,,,0,7,7,7,375.0071371999802,,,,,,,,,,,,,,,,,,,374.9750295999984,1.0157045999949332,382.14111080000293,[0.7527777777777778],[0.5],[1],[0],[0],[7.148529700003564],,,,1312_1800_CB1_48_2,001,2023-12-13_18h39.11.799,3_End,2023.2.3,59.99966400630799,2023-12-13 18h39.26.127234 +0000,
,,,,,,,,9,1,towel,towelcn,./stims/AcqBystanders/towel.jpeg,./stims/AcqBystanders/towelcn.jpeg,RS,RS_1,,,,,0,8,8,8,382.1738288999768,,,,,,,,,,,,,,,,,,,382.14170559999184,0.99900810001418,396.007612699992,[0.7527777777777778],[0.5],[1],[0],[0],[13.849099700018996],,,,1312_1800_CB1_48_2,001,2023-12-13_18h39.11.799,3_End,2023.2.3,59.99966400630799,2023-12-13 18h39.26.127234 +0000,
,,,,,,,,10,1,fireextinguisher,fireextinguishercn,./stims/AcqBystanders/fireextinguisher.jpeg,./stims/AcqBystanders/fireextinguishercn.jpeg,RR,RR_1,,,,,0,9,9,9,396.0406311999832,,,,,,,,,,,,,,,,,,,396.0081552999909,0.9993300999922212,402.2912324999925,[0.7527777777777778],[0.5],[1],[0],[0],[6.269486800010782],,,,1312_1800_CB1_48_2,001,2023-12-13_18h39.11.799,3_End,2023.2.3,59.99966400630799,2023-12-13 18h39.26.127234 +0000,
,,,,,,,,11,1,passport,passportcn,./stims/AcqBystanders/passport.jpeg,./stims/AcqBystanders/passportcn.jpeg,SS,SS_3,,,,,0,10,10,10,402.32398159999866,,,,,,,,,,,,,,,,,,,402.2918386999809,0.9990606000064872,409.00788459999603,[0.7527777777777778],[0.5],[1],[0],[0],[6.697500800015405],,,,1312_1800_CB1_48_2,001,2023-12-13_18h39.11.799,3_End,2023.2.3,59.99966400630799,2023-12-13 18h39.26.127234 +0000,
,,,,,,,,12,1,headphones,headphonescn,./stims/AcqBystanders/headphones.jpeg,./stims/AcqBystanders/headphonescn.jpeg,SR,SR_2,,,,,0,11,11,11,409.04068689999986,,,,,,,,,,,,,,,,,,,409.00842529998044,0.9991430999943987,417.57467919998453,[0.7527777777777778],[0.5],[1],[0],[0],[8.55259190002107],,,,1312_1800_CB1_48_2,001,2023-12-13_18h39.11.799,3_End,2023.2.3,59.99966400630799,2023-12-13 18h39.26.127234 +0000,
,,,,,,,,13,1,perfume,perfumecn,./stims/AcqBystanders/perfume.jpeg,./stims/AcqBystanders/perfumecn.jpeg,SR,SR_4,,,,,0,12,12,12,417.60739849999663,,,,,,,,,,,,,,,,,,,417.5752898999781,0.9990421000111382,433.5744724999822,[],[],[],[],[],[],15.99915869999677,,,1312_1800_CB1_48_2,001,2023-12-13_18h39.11.799,3_End,2023.2.3,59.99966400630799,2023-12-13 18h39.26.127234 +0000,
,,,,,,,,14,1,cup,cupcn,./stims/AcqBystanders/cup.jpeg,./stims/AcqBystanders/cupcn.jpeg,RS,RS_2,,,,,0,13,13,13,433.6914651999832,,,,,,,,,,,,,,,,,,,433.5749694999831,0.9991777999966871,437.67462429997977,[0.7527777777777778],[0.5],[1],[0],[0],[3.989870299992617],,,,1312_1800_CB1_48_2,001,2023-12-13_18h39.11.799,3_End,2023.2.3,59.99966400630799,2023-12-13 18h39.26.127234 +0000,
,,,,,,,,,,,,,,,,,,,,,,,,,,,,,,,,,,,,,,,,,,,,,,,,,,,,,437.6750689999899,437.6908903000003,,,,,,,,
