﻿order_ext,blk_ext,bystander_ext,test_item_ext,bystander_loc_ext,test_item_loc_ext,trial_type_ext,itemNo_ext,order_cond_acq,blk_cond_acq,bystander_cond_acq,test_item_cond_acq,bystander_loc_cond_acq,test_item_loc_cond_acq,trial_type_cond_acq,itemNo_cond_acq,trials.thisRepN,trials.thisTrialN,trials.thisN,trials.thisIndex,trials_2.thisRepN,trials_2.thisTrialN,trials_2.thisN,trials_2.thisIndex,thisRow.t,notes,INSTRUCTION.started,instruct1.started,ok1.started,INSTRUCTION.stopped,ok1.keys,ok1.rt,ok1.duration,END_EXT.started,mouse_ext.started,END_EXT.stopped,mouse_ext.x,mouse_ext.y,mouse_ext.leftButton,mouse_ext.midButton,mouse_ext.rightButton,mouse_ext.time,mouse_ext.stopped,END_ACQ.started,mouse_cond.started,END_ACQ.stopped,mouse_cond.x,mouse_cond.y,mouse_cond.leftButton,mouse_cond.midButton,mouse_cond.rightButton,mouse_cond.time,mouse_cond.stopped,thanks.started,thanksMsg.started,participant,session,date,expName,psychopyVersion,frameRate,expStart,
,,,,,,,,,,,,,,,,,,,,,,,,,,0.01588409999385476,0.03245609998703003,0.03245609998703003,8.516363500006264,space,8.474274600011995,None,,,,,,,,,,,,,,,,,,,,,,,1312_1630_SB4_47_2,001,2023-12-13_17h12.12.561,3_End,2023.2.3,60.00762097000655,2023-12-13 17h12.24.387871 +0000,
1,1,walkman,walkmancn,./stims/CritBystanders/cap.jpeg,./stims/CritBystanders/bookscn.jpeg,SS,SS_2,,,,,,,,,0,0,0,0,,,,,8.582458399992902,,,,,,,,,8.532326599990483,0.9994789999909699,12.716618299979018,[0.7296296296296296],[0.08425925925925926],[1],[0],[0],[4.155330900015542],,,,,,,,,,,,,,1312_1630_SB4_47_2,001,2023-12-13_17h12.12.561,3_End,2023.2.3,60.00762097000655,2023-12-13 17h12.24.387871 +0000,
2,1,wallet,walletcn,./stims/CritBystanders/chessboard.jpeg,./stims/CritBystanders/walletcn.jpeg,SR,SR_6,,,,,,,,,0,1,1,1,,,,,12.749203499988653,,,,,,,,,12.717651099985233,1.0151499999919906,28.732741299987538,[],[],[],[],[],[],,,,,,,,,,,,,,1312_1630_SB4_47_2,001,2023-12-13_17h12.12.561,3_End,2023.2.3,60.00762097000655,2023-12-13 17h12.24.387871 +0000,
3,1,scissors,scissorscn,./stims/CritBystanders/wallet.jpeg,./stims/CritBystanders/scissorscn.jpeg,RS,RS_6,,,,,,,,,0,2,2,2,,,,,28.765975299989805,,,,,,,,,28.73328709998168,1.0152330999844708,37.50000319999526,[0.6824074074074075],[0.14444444444444443],[1],[0],[0],[8.748398600000655],,,,,,,,,,,,,,1312_1630_SB4_47_2,001,2023-12-13_17h12.12.561,3_End,2023.2.3,60.00762097000655,2023-12-13 17h12.24.387871 +0000,
4,1,wastebasket,wastebasketcn,./stims/CritBystanders/clipboard.jpeg,./stims/CritBystanders/wastebasketcn.jpeg,RR,RR_5,,,,,,,,,0,3,3,3,,,,,37.53268829997978,,,,,,,,,37.5006224999961,1.01565610000398,41.01663450000342,[0.6824074074074075],[0.14444444444444443],[1],[0],[0],[3.499460099992575],,,,,,,,,,,,,,1312_1630_SB4_47_2,001,2023-12-13_17h12.12.561,3_End,2023.2.3,60.00762097000655,2023-12-13 17h12.24.387871 +0000,
5,2,clipboard,clipboardcn,./stims/CritBystanders/comb.jpeg,./stims/CritBystanders/clipboardcn.jpeg,RS,RS_5,,,,,,,,,0,4,4,4,,,,,41.049375400005374,,,,,,,,,41.01725559998886,0.9990340999793261,44.21664929998224,[0.6824074074074075],[0.14444444444444443],[1],[0],[0],[3.186069400020642],,,,,,,,,,,,,,1312_1630_SB4_47_2,001,2023-12-13_17h12.12.561,3_End,2023.2.3,60.00762097000655,2023-12-13 17h12.24.387871 +0000,
6,2,stapler,staplercn,./stims/CritBystanders/electriccord.jpeg,./stims/CritBystanders/staplercn.jpeg,SS,SS_1,,,,,,,,,0,5,5,5,,,,,44.24939899999299,,,,,,,,,44.21726409997791,0.9990158999862615,58.099889999983134,[0.6824074074074075],[0.14444444444444443],[1],[0],[0],[13.869162599992706],,,,,,,,,,,,,,1312_1630_SB4_47_2,001,2023-12-13_17h12.12.561,3_End,2023.2.3,60.00762097000655,2023-12-13 17h12.24.387871 +0000,
7,2,cap,capcn,./stims/CritBystanders/toiletpaper.jpeg,./stims/CritBystanders/capcn.jpeg,RR,RR_2,,,,,,,,,0,6,6,6,,,,,58.13281859998824,,,,,,,,,58.1004522999865,0.99926989999949,74.09988639998483,[],[],[],[],[],[],15.999379399989266,,,,,,,,,,,,,1312_1630_SB4_47_2,001,2023-12-13_17h12.12.561,3_End,2023.2.3,60.00762097000655,2023-12-13 17h12.24.387871 +0000,
8,2,coffeemug,coffeemugcn,./stims/CritBystanders/keys.jpeg,./stims/CritBystanders/coffeemugcn.jpeg,SR,SR_3,,,,,,,,,0,7,7,7,,,,,74.13297479998437,,,,,,,,,74.10044959999504,0.9993894999788608,88.91691499997978,[0.6824074074074075],[0.14444444444444443],[1],[0],[0],[14.79947379999794],,,,,,,,,,,,,,1312_1630_SB4_47_2,001,2023-12-13_17h12.12.561,3_End,2023.2.3,60.00762097000655,2023-12-13 17h12.24.387871 +0000,
9,3,chair,chaircn,./stims/CritBystanders/scissors.jpeg,./stims/CritBystanders/chaircn.jpeg,RR,RR_6,,,,,,,,,0,8,8,8,,,,,88.9497537999996,,,,,,,,,88.91751969998586,0.99912600000971,104.91677129999152,[],[],[],[],[],[],15.999212399998214,,,,,,,,,,,,,1312_1630_SB4_47_2,001,2023-12-13_17h12.12.561,3_End,2023.2.3,60.00762097000655,2023-12-13 17h12.24.387871 +0000,
10,3,shoes,shoescn,./stims/CritBystanders/soccerball.jpeg,./stims/CritBystanders/shoescn.jpeg,SR,SR_7,,,,,,,,,0,9,9,9,,,,,104.94982670000172,,,,,,,,,104.91734299997916,0.9991940000036266,110.33391519999714,[0.6824074074074075],[0.14444444444444443],[1],[0],[0],[5.403424099989934],,,,,,,,,,,,,,1312_1630_SB4_47_2,001,2023-12-13_17h12.12.561,3_End,2023.2.3,60.00762097000655,2023-12-13 17h12.24.387871 +0000,
11,3,backpack,backpackcn,./stims/CritBystanders/crate.jpeg,./stims/CritBystanders/backpackcn.jpeg,SS,SS_8,,,,,,,,,0,10,10,10,,,,,110.36654339998495,,,,,,,,,110.3345395999786,1.0155496000079438,116.86732599997777,[0.6824074074074075],[0.14444444444444443],[1],[0],[0],[6.51871229999233],,,,,,,,,,,,,,1312_1630_SB4_47_2,001,2023-12-13_17h12.12.561,3_End,2023.2.3,60.00762097000655,2023-12-13 17h12.24.387871 +0000,
12,3,toiletpaper,toiletpapercn,./stims/CritBystanders/walkman.jpeg,./stims/CritBystanders/toiletpapercn.jpeg,RS,RS_2,,,,,,,,,0,11,11,11,,,,,116.89994909998495,,,,,,,,,116.86795580000035,1.0155962000135332,128.65082879998954,[0.6824074074074075],[0.14444444444444443],[1],[0],[0],[11.771643400017638],,,,,,,,,,,,,,1312_1630_SB4_47_2,001,2023-12-13_17h12.12.561,3_End,2023.2.3,60.00762097000655,2023-12-13 17h12.24.387871 +0000,
13,4,electriccord,electriccordcn,./stims/CritBystanders/computer.jpeg,./stims/CritBystanders/electriccordcn.jpeg,RR,RR_1,,,,,,,,,0,12,12,12,,,,,128.68336409999756,,,,,,,,,128.65147189999698,1.0154696000099648,138.684056099999,[0.6824074074074075],[0.14444444444444443],[1],[0],[0],[10.020203800027957],,,,,,,,,,,,,,1312_1630_SB4_47_2,001,2023-12-13_17h12.12.561,3_End,2023.2.3,60.00762097000655,2023-12-13 17h12.24.387871 +0000,
14,4,computer,computercn,./stims/CritBystanders/cards.jpeg,./stims/CritBystanders/computercn.jpeg,RS,RS_1,,,,,,,,,0,13,13,13,,,,,138.71678259997861,,,,,,,,,138.6846821999934,1.0157454999862239,150.5676065000007,[0.6824074074074075],[0.14444444444444443],[1],[0],[0],[11.870895500003826],,,,,,,,,,,,,,1312_1630_SB4_47_2,001,2023-12-13_17h12.12.561,3_End,2023.2.3,60.00762097000655,2023-12-13 17h12.24.387871 +0000,
15,4,telephone,telephonecn,./stims/CritBystanders/calculator.jpeg,./stims/CritBystanders/telephonecn.jpeg,SS,SS_4,,,,,,,,,0,14,14,14,,,,,150.60017499999958,,,,,,,,,150.5682325999951,1.0154933000158053,156.66736269998364,[0.6824074074074075],[0.14444444444444443],[1],[0],[0],[6.085355099989101],,,,,,,,,,,,,,1312_1630_SB4_47_2,001,2023-12-13_17h12.12.561,3_End,2023.2.3,60.00762097000655,2023-12-13 17h12.24.387871 +0000,
16,4,umbrella,umbrellacn,./stims/CritBystanders/telephone.jpeg,./stims/CritBystanders/umbrellacn.jpeg,SR,SR_4,,,,,,,,,0,15,15,15,,,,,156.70021759998053,,,,,,,,,156.6680112000031,0.9991188000130933,170.66752210000413,[0.6824074074074075],[0.14444444444444443],[1],[0],[0],[13.988270600006217],,,,,,,,,,,,,,1312_1630_SB4_47_2,001,2023-12-13_17h12.12.561,3_End,2023.2.3,60.00762097000655,2023-12-13 17h12.24.387871 +0000,
17,5,bucket,bucketcn,./stims/CritBystanders/fan.jpeg,./stims/CritBystanders/bucketcn.jpeg,RR,RR_3,,,,,,,,,0,16,16,16,,,,,170.7003149999946,,,,,,,,,170.66813129998627,0.9990654999855906,185.85079209998366,[0.6824074074074075],[0.14444444444444443],[1],[0],[0],[15.166701899986947],,,,,,,,,,,,,,1312_1630_SB4_47_2,001,2023-12-13_17h12.12.561,3_End,2023.2.3,60.00762097000655,2023-12-13 17h12.24.387871 +0000,
18,5,watch,watchcn,./stims/CritBystanders/candle.jpeg,./stims/CritBystanders/watchcn.jpeg,RS,RS_8,,,,,,,,,0,17,17,17,,,,,185.88375509998878,,,,,,,,,185.85141380000277,0.9992066999839153,199.284436499991,[0.6685185185185185],[0.3138888888888889],[1],[0],[0],[13.416396799992071],,,,,,,,,,,,,,1312_1630_SB4_47_2,001,2023-12-13_17h12.12.561,3_End,2023.2.3,60.00762097000655,2023-12-13 17h12.24.387871 +0000,
19,5,keys,keyscn,./stims/CritBystanders/bucket.jpeg,./stims/CritBystanders/keyscn.jpeg,SS,SS_3,,,,,,,,,0,18,18,18,,,,,199.3171733999916,,,,,,,,,199.28503329999512,0.9990452000056393,211.56780239997897,[0.6685185185185185],[0.3138888888888889],[1],[0],[0],[12.269645500025945],,,,,,,,,,,,,,1312_1630_SB4_47_2,001,2023-12-13_17h12.12.561,3_End,2023.2.3,60.00762097000655,2023-12-13 17h12.24.387871 +0000,
20,5,comb,combcn,./stims/CritBystanders/peacock.jpeg,./stims/CritBystanders/combcn.jpeg,SR,SR_5,,,,,,,,,0,19,19,19,,,,,211.60059699998237,,,,,,,,,211.56835919999867,0.9991387999907602,225.25125849997858,[0.6685185185185185],[0.3138888888888889],[1],[0],[0],[13.66607639999711],,,,,,,,,,,,,,1312_1630_SB4_47_2,001,2023-12-13_17h12.12.561,3_End,2023.2.3,60.00762097000655,2023-12-13 17h12.24.387871 +0000,
21,6,video,videocn,./stims/CritBystanders/iron.jpeg,./stims/CritBystanders/videocn.jpeg,RR,RR_7,,,,,,,,,0,20,20,20,,,,,225.28404999998747,,,,,,,,,225.2518702999805,0.9990963999880478,228.46807439997792,[0.6685185185185185],[0.3138888888888889],[1],[0],[0],[3.1984289000101853],,,,,,,,,,,,,,1312_1630_SB4_47_2,001,2023-12-13_17h12.12.561,3_End,2023.2.3,60.00762097000655,2023-12-13 17h12.24.387871 +0000,
22,6,chessboard,chessboardcn,./stims/CritBystanders/chair.jpeg,./stims/CritBystanders/chessboardcn.jpeg,SS,SS_6,,,,,,,,,0,21,21,21,,,,,228.50072929999442,,,,,,,,,228.46868989997893,1.0156487000058405,244.484240699996,[],[],[],[],[],[],,,,,,,,,,,,,,1312_1630_SB4_47_2,001,2023-12-13_17h12.12.561,3_End,2023.2.3,60.00762097000655,2023-12-13 17h12.24.387871 +0000,
23,6,guitar,guitarcn,./stims/CritBystanders/umbrella.jpeg,./stims/CritBystanders/guitarcn.jpeg,RS,RS_4,,,,,,,,,0,22,22,22,,,,,244.51750809999066,,,,,,,,,244.48480819998076,0.9990557999990415,256.76820249998127,[0.6203703703703703],[-0.49907407407407406],[1],[0],[0],[12.269358099991223],,,,,,,,,,,,,,1312_1630_SB4_47_2,001,2023-12-13_17h12.12.561,3_End,2023.2.3,60.00762097000655,2023-12-13 17h12.24.387871 +0000,
24,6,walkman,walkmancn,./stims/CritBystanders/books.jpeg,./stims/CritBystanders/walkmancn.jpeg,SR,SR_2,,,,,,,,,0,23,23,23,,,,,256.80091049999464,,,,,,,,,256.76902529998915,1.0154480999917723,268.81831629999215,[0.562962962962963],[-0.018518518518518517],[1],[0],[0],[12.03607530001318],,,,,,,,,,,,,,1312_1630_SB4_47_2,001,2023-12-13_17h12.12.561,3_End,2023.2.3,60.00762097000655,2023-12-13 17h12.24.387871 +0000,
25,7,candle,candlecn,./stims/CritBystanders/backpack.jpeg,./stims/CritBystanders/candlecn.jpeg,SR,SR_8,,,,,,,,,0,24,24,24,,,,,268.8509145999851,,,,,,,,,268.8189105000056,1.0156230999855325,272.66824339999584,[0.562962962962963],[-0.018518518518518517],[1],[0],[0],[3.836505799990846],,,,,,,,,,,,,,1312_1630_SB4_47_2,001,2023-12-13_17h12.12.561,3_End,2023.2.3,60.00762097000655,2023-12-13 17h12.24.387871 +0000,
26,7,calculator,calculatorcn,./stims/CritBystanders/guitar.jpeg,./stims/CritBystanders/calculatorcn.jpeg,RR,RR_4,,,,,,,,,0,25,25,25,,,,,272.7010023999901,,,,,,,,,272.66882419999456,0.9991253000043798,288.668019899982,[],[],[],[],[],[],15.999188900023,,,,,,,,,,,,,1312_1630_SB4_47_2,001,2023-12-13_17h12.12.561,3_End,2023.2.3,60.00762097000655,2023-12-13 17h12.24.387871 +0000,
27,7,iron,ironcn,./stims/CritBystanders/shoes.jpeg,./stims/CritBystanders/ironcn.jpeg,RS,RS_7,,,,,,,,,0,26,26,26,,,,,288.70116989998496,,,,,,,,,288.6685332999914,0.9992002000217326,292.48527579999063,[0.7953703703703704],[0.4962962962962963],[1],[0],[0],[3.7997920000052545],,,,,,,,,,,,,,1312_1630_SB4_47_2,001,2023-12-13_17h12.12.561,3_End,2023.2.3,60.00762097000655,2023-12-13 17h12.24.387871 +0000,
28,7,soccerball,soccerballcn,./stims/CritBystanders/video.jpeg,./stims/CritBystanders/soccerballcn.jpeg,SS,SS_7,,,,,,,,,0,27,27,27,,,,,292.51781269998173,,,,,,,,,292.4858999999997,1.0154878000030294,302.8852255999809,[0.7981481481481482],[0.48055555555555557],[1],[0],[0],[10.387534499983303],,,,,,,,,,,,,,1312_1630_SB4_47_2,001,2023-12-13_17h12.12.561,3_End,2023.2.3,60.00762097000655,2023-12-13 17h12.24.387871 +0000,
29,8,fan,fancn,./stims/CritBystanders/coffeemug.jpeg,./stims/CritBystanders/fancn.jpeg,RS,RS_3,,,,,,,,,0,28,28,28,,,,,302.9179094999854,,,,,,,,,302.8858486999816,1.0156604000076186,318.90139230000204,[],[],[],[],[],[],,,,,,,,,,,,,,1312_1630_SB4_47_2,001,2023-12-13_17h12.12.561,3_End,2023.2.3,60.00762097000655,2023-12-13 17h12.24.387871 +0000,
30,8,cards,cardscn,./stims/CritBystanders/stapler.jpeg,./stims/CritBystanders/cardscn.jpeg,SR,SR_1,,,,,,,,,0,29,29,29,,,,,318.93466780000017,,,,,,,,,318.90194209999754,0.9990256000019144,324.1187271999952,[0.7981481481481482],[0.48055555555555557],[1],[0],[0],[5.200048400001833],,,,,,,,,,,,,,1312_1630_SB4_47_2,001,2023-12-13_17h12.12.561,3_End,2023.2.3,60.00762097000655,2023-12-13 17h12.24.387871 +0000,
31,8,peacock,peacockcn,./stims/CritBystanders/wastebasket.jpeg,./stims/CritBystanders/peacockcn.jpeg,SS,SS_5,,,,,,,,,0,30,30,30,,,,,324.15137779997895,,,,,,,,,324.11934849998215,1.0156106999784242,340.134930500004,[],[],[],[],[],[],,,,,,,,,,,,,,1312_1630_SB4_47_2,001,2023-12-13_17h12.12.561,3_End,2023.2.3,60.00762097000655,2023-12-13 17h12.24.387871 +0000,
32,8,crate,cratecn,./stims/CritBystanders/watch.jpeg,./stims/CritBystanders/cratecn.jpeg,RR,RR_8,,,,,,,,,0,31,31,31,,,,,340.16815769998357,,,,,,,,,340.1355013999855,0.9990723999799229,347.26880979997804,[0.8037037037037037],[0.45925925925925926],[1],[0],[0],[7.116010199999437],,,,,,,,,,,,,,1312_1630_SB4_47_2,001,2023-12-13_17h12.12.561,3_End,2023.2.3,60.00762097000655,2023-12-13 17h12.24.387871 +0000,
,,,,,,,,1,1,pan,pancn,./stims/AcqBystanders/pan.jpeg,./stims/AcqBystanders/pancn.jpeg,SS,SS_2,,,,,0,0,0,0,347.31853180000326,,,,,,,,,,,,,,,,,,,347.27825800000574,1.0157392999972217,363.2850433999847,[],[],[],[],[],[],,,,1312_1630_SB4_47_2,001,2023-12-13_17h12.12.561,3_End,2023.2.3,60.00762097000655,2023-12-13 17h12.24.387871 +0000,
,,,,,,,,2,1,lightbulb,lightbulbcn,./stims/AcqBystanders/lightbulb.jpeg,./stims/AcqBystanders/lightbulbcn.jpeg,SR,SR_3,,,,,0,1,1,1,363.4020649000013,,,,,,,,,,,,,,,,,,,363.2859222999832,0.9991490000102203,379.26878499999293,[],[],[],[],[],[],15.999268700019456,,,1312_1630_SB4_47_2,001,2023-12-13_17h12.12.561,3_End,2023.2.3,60.00762097000655,2023-12-13 17h12.24.387871 +0000,
,,,,,,,,3,1,shampoo,shampoocn,./stims/AcqBystanders/shampoo.jpeg,./stims/AcqBystanders/shampoocn.jpeg,RS,RS_4,,,,,0,2,2,2,379.30232230000547,,,,,,,,,,,,,,,,,,,379.2693262999819,0.9992369000101462,395.2688133000047,[],[],[],[],[],[],15.99934690000373,,,1312_1630_SB4_47_2,001,2023-12-13_17h12.12.561,3_End,2023.2.3,60.00762097000655,2023-12-13 17h12.24.387871 +0000,
,,,,,,,,4,1,mandms,mandmscn,./stims/AcqBystanders/mandms.jpeg,./stims/AcqBystanders/mandmscn.jpeg,RR,RR_2,,,,,0,3,3,3,395.3018979000044,,,,,,,,,,,,,,,,,,,395.26932880000095,0.9993757000193,405.11916869998095,[0.8037037037037037],[0.45925925925925926],[1],[0],[0],[9.829950999992434],,,,1312_1630_SB4_47_2,001,2023-12-13_17h12.12.561,3_End,2023.2.3,60.00762097000655,2023-12-13 17h12.24.387871 +0000,
,,,,,,,,5,1,sheet,sheetcn,./stims/AcqBystanders/sheet.jpeg,./stims/AcqBystanders/sheetcn.jpeg,RS,RS_3,,,,,0,4,4,4,405.15194829998654,,,,,,,,,,,,,,,,,,,405.1197250999976,0.9991339999833144,416.2027004999982,[0.8037037037037037],[0.45925925925925926],[1],[0],[0],[11.06870300002629],,,,1312_1630_SB4_47_2,001,2023-12-13_17h12.12.561,3_End,2023.2.3,60.00762097000655,2023-12-13 17h12.24.387871 +0000,
,,,,,,,,6,1,bottle,bottlecn,./stims/AcqBystanders/bottle.jpeg,./stims/AcqBystanders/bottlecn.jpeg,SS,SS_1,,,,,0,5,5,5,416.2353824999882,,,,,,,,,,,,,,,,,,,416.2033115999948,1.0156237999908626,432.2189031000016,[],[],[],[],[],[],,,,1312_1630_SB4_47_2,001,2023-12-13_17h12.12.561,3_End,2023.2.3,60.00762097000655,2023-12-13 17h12.24.387871 +0000,
,,,,,,,,7,1,trunk,trunkcn,./stims/AcqBystanders/trunk.jpeg,./stims/AcqBystanders/trunkcn.jpeg,SR,SR_1,,,,,0,6,6,6,432.25215659997775,,,,,,,,,,,,,,,,,,,432.21948909998173,0.9991261000104714,448.2025454999821,[],[],[],[],[],[],15.999184199987212,,,1312_1630_SB4_47_2,001,2023-12-13_17h12.12.561,3_End,2023.2.3,60.00762097000655,2023-12-13 17h12.24.387871 +0000,
,,,,,,,,8,1,can,cancn,./stims/AcqBystanders/can.jpeg,./stims/AcqBystanders/cancn.jpeg,RR,RR_3,,,,,0,7,7,7,448.23558649999904,,,,,,,,,,,,,,,,,,,448.2030806999828,0.999185499997111,464.20262709999224,[],[],[],[],[],[],15.999288099992555,,,1312_1630_SB4_47_2,001,2023-12-13_17h12.12.561,3_End,2023.2.3,60.00762097000655,2023-12-13 17h12.24.387871 +0000,
,,,,,,,,9,1,towel,towelcn,./stims/AcqBystanders/towel.jpeg,./stims/AcqBystanders/towelcn.jpeg,RS,RS_1,,,,,0,8,8,8,464.2357122999965,,,,,,,,,,,,,,,,,,,464.20314579998376,0.9993008000019472,480.20281049999176,[],[],[],[],[],[],15.999408800009405,,,1312_1630_SB4_47_2,001,2023-12-13_17h12.12.561,3_End,2023.2.3,60.00762097000655,2023-12-13 17h12.24.387871 +0000,
,,,,,,,,10,1,fireextinguisher,fireextinguishercn,./stims/AcqBystanders/fireextinguisher.jpeg,./stims/AcqBystanders/fireextinguishercn.jpeg,RR,RR_1,,,,,0,9,9,9,480.2358551999787,,,,,,,,,,,,,,,,,,,480.2033365999814,0.9994270000024699,496.20290569998906,[],[],[],[],[],[],15.999560199998086,,,1312_1630_SB4_47_2,001,2023-12-13_17h12.12.561,3_End,2023.2.3,60.00762097000655,2023-12-13 17h12.24.387871 +0000,
,,,,,,,,11,1,passport,passportcn,./stims/AcqBystanders/passport.jpeg,./stims/AcqBystanders/passportcn.jpeg,SS,SS_3,,,,,0,10,10,10,496.2359301999968,,,,,,,,,,,,,,,,,,,496.20342959999107,0.9995558999944478,512.2030407999991,[],[],[],[],[],[],15.99963820000994,,,1312_1630_SB4_47_2,001,2023-12-13_17h12.12.561,3_End,2023.2.3,60.00762097000655,2023-12-13 17h12.24.387871 +0000,
,,,,,,,,12,1,headphones,headphonescn,./stims/AcqBystanders/headphones.jpeg,./stims/AcqBystanders/headphonescn.jpeg,SR,SR_2,,,,,0,11,11,11,512.2360769999796,,,,,,,,,,,,,,,,,,,512.2035613000044,0.9996465999865904,526.6201237999776,[0.7240740740740741],[0.49074074074074076],[1],[0],[0],[14.399903999990784],,,,1312_1630_SB4_47_2,001,2023-12-13_17h12.12.561,3_End,2023.2.3,60.00762097000655,2023-12-13 17h12.24.387871 +0000,
,,,,,,,,13,1,perfume,perfumecn,./stims/AcqBystanders/perfume.jpeg,./stims/AcqBystanders/perfumecn.jpeg,SR,SR_4,,,,,0,12,12,12,526.6528290999995,,,,,,,,,,,,,,,,,,,526.6207798999967,1.0156027000048198,532.8701460000011,[0.7240740740740741],[0.49074074074074076],[1],[0],[0],[6.232024500000989],,,,1312_1630_SB4_47_2,001,2023-12-13_17h12.12.561,3_End,2023.2.3,60.00762097000655,2023-12-13 17h12.24.387871 +0000,
,,,,,,,,14,1,cup,cupcn,./stims/AcqBystanders/cup.jpeg,./stims/AcqBystanders/cupcn.jpeg,RS,RS_2,,,,,0,13,13,13,532.9865677999915,,,,,,,,,,,,,,,,,,,532.8707028999925,0.9991060000029393,536.9367603999854,[0.7240740740740741],[0.49074074074074076],[1],[0],[0],[3.9622870000021067],,,,1312_1630_SB4_47_2,001,2023-12-13_17h12.12.561,3_End,2023.2.3,60.00762097000655,2023-12-13 17h12.24.387871 +0000,
,,,,,,,,,,,,,,,,,,,,,,,,,,,,,,,,,,,,,,,,,,,,,,,,,,,,,536.9372198999918,536.952851399983,,,,,,,,
