﻿order_ext,blk_ext,bystander_ext,test_item_ext,bystander_loc_ext,test_item_loc_ext,trial_type_ext,itemNo_ext,order_cond_acq,blk_cond_acq,bystander_cond_acq,test_item_cond_acq,bystander_loc_cond_acq,test_item_loc_cond_acq,trial_type_cond_acq,itemNo_cond_acq,trials.thisRepN,trials.thisTrialN,trials.thisN,trials.thisIndex,trials_2.thisRepN,trials_2.thisTrialN,trials_2.thisN,trials_2.thisIndex,thisRow.t,notes,INSTRUCTION.started,instruct1.started,ok1.started,INSTRUCTION.stopped,ok1.keys,ok1.rt,ok1.duration,END_EXT.started,mouse_ext.started,END_EXT.stopped,mouse_ext.x,mouse_ext.y,mouse_ext.leftButton,mouse_ext.midButton,mouse_ext.rightButton,mouse_ext.time,mouse_ext.stopped,END_ACQ.started,mouse_cond.started,END_ACQ.stopped,mouse_cond.x,mouse_cond.y,mouse_cond.leftButton,mouse_cond.midButton,mouse_cond.rightButton,mouse_cond.time,mouse_cond.stopped,thanks.started,thanksMsg.started,participant,session,date,expName,psychopyVersion,frameRate,expStart,
,,,,,,,,,,,,,,,,,,,,,,,,,,0.010535900015383959,0.02710160001879558,0.02710160001879558,6.444288900005631,return,6.41149879997829,None,,,,,,,,,,,,,,,,,,,,,,,1412_1430_CB2_49_2,001,2023-12-14_15h26.33.184,3_End,2023.2.3,60.01082595858911,2023-12-14 15h26.54.208815 +0000,
1,1,cap,capcn,./stims/CritBystanders/cap.jpeg,./stims/CritBystanders/toiletpapercn.jpeg,SS,SS_2,,,,,,,,,0,0,0,0,,,,,6.510482800018508,,,,,,,,,6.459725400025491,0.9994936999864876,10.461365700000897,[0.8111111111111111],[0.41944444444444445],[1],[0],[0],[3.969839100027457],,,,,,,,,,,,,,1412_1430_CB2_49_2,001,2023-12-14_15h26.33.184,3_End,2023.2.3,60.01082595858911,2023-12-14 15h26.54.208815 +0000,
2,1,chessboard,chessboardcn,./stims/CritBystanders/chessboard.jpeg,./stims/CritBystanders/chaircn.jpeg,SR,SR_6,,,,,,,,,0,1,1,1,,,,,10.493776100047398,,,,,,,,,10.462398300005589,1.01499379996676,13.644402500009164,[0.8111111111111111],[0.4212962962962963],[1],[0],[0],[3.1647493000491522],,,,,,,,,,,,,,1412_1430_CB2_49_2,001,2023-12-14_15h26.33.184,3_End,2023.2.3,60.01082595858911,2023-12-14 15h26.54.208815 +0000,
3,1,wallet,walletcn,./stims/CritBystanders/wallet.jpeg,./stims/CritBystanders/chessboardcn.jpeg,RS,RS_6,,,,,,,,,0,2,2,2,,,,,13.67714020004496,,,,,,,,,13.64501110004494,0.9990434999926947,29.361255199997686,[0.8111111111111111],[0.42592592592592593],[1],[0],[0],[15.701150099979714],,,,,,,,,,,,,,1412_1430_CB2_49_2,001,2023-12-14_15h26.33.184,3_End,2023.2.3,60.01082595858911,2023-12-14 15h26.54.208815 +0000,
4,1,clipboard,clipboardcn,./stims/CritBystanders/clipboard.jpeg,./stims/CritBystanders/combcn.jpeg,RR,RR_5,,,,,,,,,0,3,3,3,,,,,29.393911199993454,,,,,,,,,29.36185830004979,0.9990027000312693,38.36127460002899,[0.8148148148148148],[0.43425925925925923],[1],[0],[0],[8.984590000007302],,,,,,,,,,,,,,1412_1430_CB2_49_2,001,2023-12-14_15h26.33.184,3_End,2023.2.3,60.01082595858911,2023-12-14 15h26.54.208815 +0000,
5,2,comb,combcn,./stims/CritBystanders/comb.jpeg,./stims/CritBystanders/peacockcn.jpeg,RS,RS_5,,,,,,,,,0,4,4,4,,,,,38.393994600046426,,,,,,,,,38.361879000032786,1.0156849999912083,54.37751170003321,[],[],[],[],[],[],,,,,,,,,,,,,,1412_1430_CB2_49_2,001,2023-12-14_15h26.33.184,3_End,2023.2.3,60.01082595858911,2023-12-14 15h26.54.208815 +0000,
6,2,electriccord,electriccordcn,./stims/CritBystanders/electriccord.jpeg,./stims/CritBystanders/computercn.jpeg,SS,SS_1,,,,,,,,,0,5,5,5,,,,,54.410752600000706,,,,,,,,,54.37804670003243,0.9991398999700323,70.36111580004217,[],[],[],[],[],[],15.999212599999737,,,,,,,,,,,,,1412_1430_CB2_49_2,001,2023-12-14_15h26.33.184,3_End,2023.2.3,60.01082595858911,2023-12-14 15h26.54.208815 +0000,
7,2,toiletpaper,toiletpapercn,./stims/CritBystanders/toiletpaper.jpeg,./stims/CritBystanders/walkmancn.jpeg,RR,RR_2,,,,,,,,,0,6,6,6,,,,,70.39419760002056,,,,,,,,,70.36162510002032,0.9992048999993131,81.57847510004649,[0.8842592592592593],[0.5],[1],[0],[0],[11.203599200001918],,,,,,,,,,,,,,1412_1430_CB2_49_2,001,2023-12-14_15h26.33.184,3_End,2023.2.3,60.01082595858911,2023-12-14 15h26.54.208815 +0000,
8,2,keys,keyscn,./stims/CritBystanders/keys.jpeg,./stims/CritBystanders/bucketcn.jpeg,SR,SR_3,,,,,,,,,0,7,7,7,,,,,81.61099549999926,,,,,,,,,81.5790678000194,1.0154557999921963,92.24496480001835,[0.8833333333333333],[0.5],[1],[0],[0],[10.65245449997019],,,,,,,,,,,,,,1412_1430_CB2_49_2,001,2023-12-14_15h26.33.184,3_End,2023.2.3,60.01082595858911,2023-12-14 15h26.54.208815 +0000,
9,3,scissors,scissorscn,./stims/CritBystanders/scissors.jpeg,./stims/CritBystanders/walletcn.jpeg,RR,RR_6,,,,,,,,,0,8,8,8,,,,,92.27771490003215,,,,,,,,,92.24556650000159,0.9990105999750085,103.27834980003536,[0.8833333333333333],[0.5],[1],[0],[0],[11.015657100011595],,,,,,,,,,,,,,1412_1430_CB2_49_2,001,2023-12-14_15h26.33.184,3_End,2023.2.3,60.01082595858911,2023-12-14 15h26.54.208815 +0000,
10,3,soccerball,soccerballcn,./stims/CritBystanders/soccerball.jpeg,./stims/CritBystanders/videocn.jpeg,SR,SR_7,,,,,,,,,0,9,9,9,,,,,103.3111390999984,,,,,,,,,103.27896399999736,0.999038899957668,110.36174790002406,[0.8833333333333333],[0.5],[1],[0],[0],[7.0654865999822505],,,,,,,,,,,,,,1412_1430_CB2_49_2,001,2023-12-14_15h26.33.184,3_End,2023.2.3,60.01082595858911,2023-12-14 15h26.54.208815 +0000,
11,3,crate,cratecn,./stims/CritBystanders/crate.jpeg,./stims/CritBystanders/watchcn.jpeg,SS,SS_8,,,,,,,,,0,10,10,10,,,,,110.39445910003269,,,,,,,,,110.3622831000248,0.9991258000372909,116.81177380000008,[0.8833333333333333],[0.5],[1],[0],[0],[6.433228500012774],,,,,,,,,,,,,,1412_1430_CB2_49_2,001,2023-12-14_15h26.33.184,3_End,2023.2.3,60.01082595858911,2023-12-14 15h26.54.208815 +0000,
12,3,walkman,walkmancn,./stims/CritBystanders/walkman.jpeg,./stims/CritBystanders/bookscn.jpeg,RS,RS_2,,,,,,,,,0,11,11,11,,,,,116.84453040000517,,,,,,,,,116.81234260002384,0.9991103000356816,120.59510950004915,[0.8833333333333333],[0.5],[1],[0],[0],[3.7703919999767095],,,,,,,,,,,,,,1412_1430_CB2_49_2,001,2023-12-14_15h26.33.184,3_End,2023.2.3,60.01082595858911,2023-12-14 15h26.54.208815 +0000,
13,4,computer,computercn,./stims/CritBystanders/computer.jpeg,./stims/CritBystanders/cardscn.jpeg,RR,RR_1,,,,,,,,,0,12,12,12,,,,,120.62790900003165,,,,,,,,,120.59571460000006,0.9990808000438847,129.69537480000872,[0.8833333333333333],[0.5],[1],[0],[0],[9.086292200023308],,,,,,,,,,,,,,1412_1430_CB2_49_2,001,2023-12-14_15h26.33.184,3_End,2023.2.3,60.01082595858911,2023-12-14 15h26.54.208815 +0000,
14,4,cards,cardscn,./stims/CritBystanders/cards.jpeg,./stims/CritBystanders/staplercn.jpeg,RS,RS_1,,,,,,,,,0,13,13,13,,,,,129.72799630003283,,,,,,,,,129.69598090002546,1.0155347000109032,145.71147600002587,[],[],[],[],[],[],,,,,,,,,,,,,,1412_1430_CB2_49_2,001,2023-12-14_15h26.33.184,3_End,2023.2.3,60.01082595858911,2023-12-14 15h26.54.208815 +0000,
15,4,calculator,calculatorcn,./stims/CritBystanders/calculator.jpeg,./stims/CritBystanders/guitarcn.jpeg,SS,SS_4,,,,,,,,,0,14,14,14,,,,,145.74472529999912,,,,,,,,,145.71197910001501,1.0156436000252143,150.4620032000239,[0.8833333333333333],[0.5],[1],[0],[0],[4.736729199998081],,,,,,,,,,,,,,1412_1430_CB2_49_2,001,2023-12-14_15h26.33.184,3_End,2023.2.3,60.01082595858911,2023-12-14 15h26.54.208815 +0000,
16,4,telephone,telephonecn,./stims/CritBystanders/telephone.jpeg,./stims/CritBystanders/calculatorcn.jpeg,SR,SR_4,,,,,,,,,0,15,15,15,,,,,150.49476740002865,,,,,,,,,150.46260080003412,0.9990477999672294,155.7286724000005,[0.8833333333333333],[0.5],[1],[0],[0],[5.252975700015668],,,,,,,,,,,,,,1412_1430_CB2_49_2,001,2023-12-14_15h26.33.184,3_End,2023.2.3,60.01082595858911,2023-12-14 15h26.54.208815 +0000,
17,5,fan,fancn,./stims/CritBystanders/fan.jpeg,./stims/CritBystanders/coffeemugcn.jpeg,RR,RR_3,,,,,,,,,0,16,16,16,,,,,155.7614921000204,,,,,,,,,155.72924130002502,0.9991972999996506,160.61230160004925,[0.8833333333333333],[0.5],[1],[0],[0],[4.871356500021648],,,,,,,,,,,,,,1412_1430_CB2_49_2,001,2023-12-14_15h26.33.184,3_End,2023.2.3,60.01082595858911,2023-12-14 15h26.54.208815 +0000,
18,5,candle,candlecn,./stims/CritBystanders/candle.jpeg,./stims/CritBystanders/backpackcn.jpeg,RS,RS_8,,,,,,,,,0,17,17,17,,,,,160.64481620001607,,,,,,,,,160.61296180001227,1.0154343000031076,166.5454740000423,[0.8833333333333333],[0.5],[1],[0],[0],[5.915667799999937],,,,,,,,,,,,,,1412_1430_CB2_49_2,001,2023-12-14_15h26.33.184,3_End,2023.2.3,60.01082595858911,2023-12-14 15h26.54.208815 +0000,
19,5,bucket,bucketcn,./stims/CritBystanders/bucket.jpeg,./stims/CritBystanders/fancn.jpeg,SS,SS_3,,,,,,,,,0,18,18,18,,,,,166.57822680001846,,,,,,,,,166.54605010000523,0.9990561000304297,170.762205200037,[0.8814814814814815],[0.5],[1],[0],[0],[4.199305900023319],,,,,,,,,,,,,,1412_1430_CB2_49_2,001,2023-12-14_15h26.33.184,3_End,2023.2.3,60.01082595858911,2023-12-14 15h26.54.208815 +0000,
20,5,peacock,peacockcn,./stims/CritBystanders/peacock.jpeg,./stims/CritBystanders/wastebasketcn.jpeg,SR,SR_5,,,,,,,,,0,19,19,19,,,,,170.79492930002743,,,,,,,,,170.76279940002132,1.0156493000104092,175.3621967000072,[0.8814814814814815],[0.5],[1],[0],[0],[4.586211999994703],,,,,,,,,,,,,,1412_1430_CB2_49_2,001,2023-12-14_15h26.33.184,3_End,2023.2.3,60.01082595858911,2023-12-14 15h26.54.208815 +0000,
21,6,iron,ironcn,./stims/CritBystanders/iron.jpeg,./stims/CritBystanders/shoescn.jpeg,RR,RR_7,,,,,,,,,0,20,20,20,,,,,175.39493760000914,,,,,,,,,175.3628034000285,0.9990208999952301,179.0289114000043,[0.887962962962963],[0.5],[1],[0],[0],[3.6531594000407495],,,,,,,,,,,,,,1412_1430_CB2_49_2,001,2023-12-14_15h26.33.184,3_End,2023.2.3,60.01082595858911,2023-12-14 15h26.54.208815 +0000,
22,6,chair,chaircn,./stims/CritBystanders/chair.jpeg,./stims/CritBystanders/scissorscn.jpeg,SS,SS_6,,,,,,,,,0,21,21,21,,,,,179.06162740004947,,,,,,,,,179.02951389999362,1.0156827999744564,183.89555590000236,[0.887962962962963],[0.5],[1],[0],[0],[4.852194100036286],,,,,,,,,,,,,,1412_1430_CB2_49_2,001,2023-12-14_15h26.33.184,3_End,2023.2.3,60.01082595858911,2023-12-14 15h26.54.208815 +0000,
23,6,umbrella,umbrellacn,./stims/CritBystanders/umbrella.jpeg,./stims/CritBystanders/telephonecn.jpeg,RS,RS_4,,,,,,,,,0,22,22,22,,,,,183.9283253000467,,,,,,,,,183.89616180001758,0.9990446000010706,187.49569200002588,[0.887962962962963],[0.5],[1],[0],[0],[3.5863996999687515],,,,,,,,,,,,,,1412_1430_CB2_49_2,001,2023-12-14_15h26.33.184,3_End,2023.2.3,60.01082595858911,2023-12-14 15h26.54.208815 +0000,
24,6,books,bookscn,./stims/CritBystanders/books.jpeg,./stims/CritBystanders/capcn.jpeg,SR,SR_2,,,,,,,,,0,23,23,23,,,,,187.52833330002613,,,,,,,,,187.4962945000152,1.0156615999876522,194.99571480002487,[0.8777777777777778],[0.5],[1],[0],[0],[7.485880899999756],,,,,,,,,,,,,,1412_1430_CB2_49_2,001,2023-12-14_15h26.33.184,3_End,2023.2.3,60.01082595858911,2023-12-14 15h26.54.208815 +0000,
25,7,backpack,backpackcn,./stims/CritBystanders/backpack.jpeg,./stims/CritBystanders/cratecn.jpeg,SR,SR_8,,,,,,,,,0,24,24,24,,,,,195.02839460002724,,,,,,,,,194.9963170000119,0.9990648000384681,202.3955043000169,[0.8777777777777778],[0.5],[1],[0],[0],[7.382424900017213],,,,,,,,,,,,,,1412_1430_CB2_49_2,001,2023-12-14_15h26.33.184,3_End,2023.2.3,60.01082595858911,2023-12-14 15h26.54.208815 +0000,
26,7,guitar,guitarcn,./stims/CritBystanders/guitar.jpeg,./stims/CritBystanders/umbrellacn.jpeg,RR,RR_4,,,,,,,,,0,25,25,25,,,,,202.42845609999495,,,,,,,,,202.39605189999565,0.999292400025297,207.72910779999802,[0.8777777777777778],[0.5],[1],[0],[0],[5.319515599985607],,,,,,,,,,,,,,1412_1430_CB2_49_2,001,2023-12-14_15h26.33.184,3_End,2023.2.3,60.01082595858911,2023-12-14 15h26.54.208815 +0000,
27,7,shoes,shoescn,./stims/CritBystanders/shoes.jpeg,./stims/CritBystanders/soccerballcn.jpeg,RS,RS_7,,,,,,,,,0,26,26,26,,,,,207.76184910000302,,,,,,,,,207.72972120001214,1.0156823000288568,223.74533760000486,[],[],[],[],[],[],,,,,,,,,,,,,,1412_1430_CB2_49_2,001,2023-12-14_15h26.33.184,3_End,2023.2.3,60.01082595858911,2023-12-14 15h26.54.208815 +0000,
28,7,video,videocn,./stims/CritBystanders/video.jpeg,./stims/CritBystanders/ironcn.jpeg,SS,SS_7,,,,,,,,,0,27,27,27,,,,,223.77861760003725,,,,,,,,,223.74585500004468,0.9991224000114016,229.47930390003603,[0.8777777777777778],[0.5],[1],[0],[0],[5.714993800036609],,,,,,,,,,,,,,1412_1430_CB2_49_2,001,2023-12-14_15h26.33.184,3_End,2023.2.3,60.01082595858911,2023-12-14 15h26.54.208815 +0000,
29,8,coffeemug,coffeemugcn,./stims/CritBystanders/coffeemug.jpeg,./stims/CritBystanders/keyscn.jpeg,RS,RS_3,,,,,,,,,0,28,28,28,,,,,229.51200290000997,,,,,,,,,229.4798481000471,0.9990497999824584,233.64591770002153,[0.8777777777777778],[0.5],[1],[0],[0],[4.153030100045726],,,,,,,,,,,,,,1412_1430_CB2_49_2,001,2023-12-14_15h26.33.184,3_End,2023.2.3,60.01082595858911,2023-12-14 15h26.54.208815 +0000,
30,8,stapler,staplercn,./stims/CritBystanders/stapler.jpeg,./stims/CritBystanders/electriccordcn.jpeg,SR,SR_1,,,,,,,,,0,29,29,29,,,,,233.6786847000476,,,,,,,,,233.64648920000764,0.9990598000003956,241.56269620003877,[0.8777777777777778],[0.5],[1],[0],[0],[7.902678999991622],,,,,,,,,,,,,,1412_1430_CB2_49_2,001,2023-12-14_15h26.33.184,3_End,2023.2.3,60.01082595858911,2023-12-14 15h26.54.208815 +0000,
31,8,wastebasket,wastebasketcn,./stims/CritBystanders/wastebasket.jpeg,./stims/CritBystanders/clipboardcn.jpeg,SS,SS_5,,,,,,,,,0,30,30,30,,,,,241.59540160000324,,,,,,,,,241.56333239999367,1.0156343000126071,257.5789597000112,[],[],[],[],[],[],,,,,,,,,,,,,,1412_1430_CB2_49_2,001,2023-12-14_15h26.33.184,3_End,2023.2.3,60.01082595858911,2023-12-14 15h26.54.208815 +0000,
32,8,watch,watchcn,./stims/CritBystanders/watch.jpeg,./stims/CritBystanders/candlecn.jpeg,RR,RR_8,,,,,,,,,0,31,31,31,,,,,257.6122150000301,,,,,,,,,257.57949150004424,0.9991050999960862,261.91283630003454,[0.8777777777777778],[0.5],[1],[0],[0],[4.3167856999789365],,,,,,,,,,,,,,1412_1430_CB2_49_2,001,2023-12-14_15h26.33.184,3_End,2023.2.3,60.01082595858911,2023-12-14 15h26.54.208815 +0000,
,,,,,,,,1,1,pan,pancn,./stims/AcqBystanders/pan.jpeg,./stims/AcqBystanders/pancn.jpeg,SS,SS_2,,,,,0,0,0,0,261.9625634000404,,,,,,,,,,,,,,,,,,,261.921852200001,0.9990482999710366,271.5128532000235,[0.8777777777777778],[0.5],[1],[0],[0],[9.56250329996692],,,,1412_1430_CB2_49_2,001,2023-12-14_15h26.33.184,3_End,2023.2.3,60.01082595858911,2023-12-14 15h26.54.208815 +0000,
,,,,,,,,2,1,lightbulb,lightbulbcn,./stims/AcqBystanders/lightbulb.jpeg,./stims/AcqBystanders/lightbulbcn.jpeg,SR,SR_3,,,,,0,1,1,1,271.6293200000073,,,,,,,,,,,,,,,,,,,271.5137422000407,1.0154359999578446,287.52911820000736,[],[],[],[],[],[],,,,1412_1430_CB2_49_2,001,2023-12-14_15h26.33.184,3_End,2023.2.3,60.01082595858911,2023-12-14 15h26.54.208815 +0000,
,,,,,,,,3,1,shampoo,shampoocn,./stims/AcqBystanders/shampoo.jpeg,./stims/AcqBystanders/shampoocn.jpeg,RS,RS_4,,,,,0,2,2,2,287.5794259000104,,,,,,,,,,,,,,,,,,,287.52960800001165,1.015552699973341,303.5292984000407,[],[],[],[],[],[],,,,1412_1430_CB2_49_2,001,2023-12-14_15h26.33.184,3_End,2023.2.3,60.01082595858911,2023-12-14 15h26.54.208815 +0000,
,,,,,,,,4,1,mandms,mandmscn,./stims/AcqBystanders/mandms.jpeg,./stims/AcqBystanders/mandmscn.jpeg,RR,RR_2,,,,,0,3,3,3,303.5625161000062,,,,,,,,,,,,,,,,,,,303.52979380002944,0.9990470999618992,319.51293130003614,[],[],[],[],[],[],15.99913439998636,,,1412_1430_CB2_49_2,001,2023-12-14_15h26.33.184,3_End,2023.2.3,60.01082595858911,2023-12-14 15h26.54.208815 +0000,
,,,,,,,,5,1,sheet,sheetcn,./stims/AcqBystanders/sheet.jpeg,./stims/AcqBystanders/sheetcn.jpeg,RS,RS_3,,,,,0,4,4,4,319.545946200029,,,,,,,,,,,,,,,,,,,319.5134687999962,0.9991190999862738,324.89655310002854,[0.8787037037037037],[0.5],[1],[0],[0],[5.3685758000356145],,,,1412_1430_CB2_49_2,001,2023-12-14_15h26.33.184,3_End,2023.2.3,60.01082595858911,2023-12-14 15h26.54.208815 +0000,
,,,,,,,,6,1,bottle,bottlecn,./stims/AcqBystanders/bottle.jpeg,./stims/AcqBystanders/bottlecn.jpeg,SS,SS_1,,,,,0,5,5,5,324.9293242000276,,,,,,,,,,,,,,,,,,,324.8971523999935,0.9990953000378795,340.8963201000006,[],[],[],[],[],[],15.999141000036616,,,1412_1430_CB2_49_2,001,2023-12-14_15h26.33.184,3_End,2023.2.3,60.01082595858911,2023-12-14 15h26.54.208815 +0000,
,,,,,,,,7,1,trunk,trunkcn,./stims/AcqBystanders/trunk.jpeg,./stims/AcqBystanders/trunkcn.jpeg,SR,SR_1,,,,,0,6,6,6,340.92944110004464,,,,,,,,,,,,,,,,,,,340.89682340004947,0.9992472000303678,356.89657090004766,[],[],[],[],[],[],15.999345400021411,,,1412_1430_CB2_49_2,001,2023-12-14_15h26.33.184,3_End,2023.2.3,60.01082595858911,2023-12-14 15h26.54.208815 +0000,
,,,,,,,,8,1,can,cancn,./stims/AcqBystanders/can.jpeg,./stims/AcqBystanders/cancn.jpeg,RR,RR_3,,,,,0,7,7,7,356.929552400019,,,,,,,,,,,,,,,,,,,356.8970784000121,0.999297000002116,361.76356130000204,[0.8759259259259259],[0.5],[1],[0],[0],[4.851532700005919],,,,1412_1430_CB2_49_2,001,2023-12-14_15h26.33.184,3_End,2023.2.3,60.01082595858911,2023-12-14 15h26.54.208815 +0000,
,,,,,,,,9,1,towel,towelcn,./stims/AcqBystanders/towel.jpeg,./stims/AcqBystanders/towelcn.jpeg,RS,RS_1,,,,,0,8,8,8,361.79622700001346,,,,,,,,,,,,,,,,,,,361.76446269999724,0.9990263999789022,377.06342150003184,[0.8759259259259259],[0.5],[1],[0],[0],[15.285297900030855],,,,1412_1430_CB2_49_2,001,2023-12-14_15h26.33.184,3_End,2023.2.3,60.01082595858911,2023-12-14 15h26.54.208815 +0000,
,,,,,,,,10,1,fireextinguisher,fireextinguishercn,./stims/AcqBystanders/fireextinguisher.jpeg,./stims/AcqBystanders/fireextinguishercn.jpeg,RR,RR_1,,,,,0,9,9,9,377.09636830003,,,,,,,,,,,,,,,,,,,377.0640330000315,0.999270600033924,393.0634835000383,[],[],[],[],[],[],15.999407800030895,,,1412_1430_CB2_49_2,001,2023-12-14_15h26.33.184,3_End,2023.2.3,60.01082595858911,2023-12-14 15h26.54.208815 +0000,
,,,,,,,,11,1,passport,passportcn,./stims/AcqBystanders/passport.jpeg,./stims/AcqBystanders/passportcn.jpeg,SS,SS_3,,,,,0,10,10,10,393.09647109999787,,,,,,,,,,,,,,,,,,,393.0640495000407,0.999401300039608,397.247134300007,[0.8759259259259259],[0.5],[1],[0],[0],[4.168304799997713],,,,1412_1430_CB2_49_2,001,2023-12-14_15h26.33.184,3_End,2023.2.3,60.01082595858911,2023-12-14 15h26.54.208815 +0000,
,,,,,,,,12,1,headphones,headphonescn,./stims/AcqBystanders/headphones.jpeg,./stims/AcqBystanders/headphonescn.jpeg,SR,SR_2,,,,,0,11,11,11,397.27985430002445,,,,,,,,,,,,,,,,,,,397.247692200006,0.9990029000327922,403.0638953000307,[0.8759259259259259],[0.5],[1],[0],[0],[5.8015899999882095],,,,1412_1430_CB2_49_2,001,2023-12-14_15h26.33.184,3_End,2023.2.3,60.01082595858911,2023-12-14 15h26.54.208815 +0000,
,,,,,,,,13,1,perfume,perfumecn,./stims/AcqBystanders/perfume.jpeg,./stims/AcqBystanders/perfumecn.jpeg,SR,SR_4,,,,,0,12,12,12,403.0965430000215,,,,,,,,,,,,,,,,,,,403.06450760003645,1.0156309999874793,411.080766100029,[0.8759259259259259],[0.5],[1],[0],[0],[8.002057000005152],,,,1412_1430_CB2_49_2,001,2023-12-14_15h26.33.184,3_End,2023.2.3,60.01082595858911,2023-12-14 15h26.54.208815 +0000,
,,,,,,,,14,1,cup,cupcn,./stims/AcqBystanders/cup.jpeg,./stims/AcqBystanders/cupcn.jpeg,RS,RS_2,,,,,0,13,13,13,411.1971363000339,,,,,,,,,,,,,,,,,,,411.081353400019,1.0155430999584496,422.4639095000457,[0.8759259259259259],[0.5],[1],[0],[0],[11.280345099978149],,,,1412_1430_CB2_49_2,001,2023-12-14_15h26.33.184,3_End,2023.2.3,60.01082595858911,2023-12-14 15h26.54.208815 +0000,
,,,,,,,,,,,,,,,,,,,,,,,,,,,,,,,,,,,,,,,,,,,,,,,,,,,,,422.4643356000306,422.4800067000324,,,,,,,,
