﻿order_ext,blk_ext,bystander_ext,test_item_ext,bystander_loc_ext,test_item_loc_ext,trial_type_ext,itemNo_ext,order_cond_acq,blk_cond_acq,bystander_cond_acq,test_item_cond_acq,bystander_loc_cond_acq,test_item_loc_cond_acq,trial_type_cond_acq,itemNo_cond_acq,trials.thisRepN,trials.thisTrialN,trials.thisN,trials.thisIndex,trials_2.thisRepN,trials_2.thisTrialN,trials_2.thisN,trials_2.thisIndex,thisRow.t,notes,INSTRUCTION.started,instruct1.started,ok1.started,INSTRUCTION.stopped,ok1.keys,ok1.rt,ok1.duration,END_EXT.started,mouse_ext.started,END_EXT.stopped,mouse_ext.x,mouse_ext.y,mouse_ext.leftButton,mouse_ext.midButton,mouse_ext.rightButton,mouse_ext.time,mouse_ext.stopped,END_ACQ.started,mouse_cond.started,mouse_cond.stopped,END_ACQ.stopped,mouse_cond.x,mouse_cond.y,mouse_cond.leftButton,mouse_cond.midButton,mouse_cond.rightButton,mouse_cond.time,thanks.started,thanksMsg.started,participant,session,date,expName,psychopyVersion,frameRate,expStart,
,,,,,,,,,,,,,,,,,,,,,,,,,,0.010991699993610382,0.027607699972577393,0.027607699972577393,4.078254799998831,space,4.034137999988161,None,,,,,,,,,,,,,,,,,,,,,,,1512_1500_CB3_50_2,001,2023-12-15_15h45.20.050,3_End,2023.2.3,59.999412008269886,2023-12-15 15h45.32.376779 +0000,
1,1,cap,capcn,./stims/CritBystanders/cap.jpeg,./stims/CritBystanders/toiletpapercn.jpeg,SS,SS_2,,,,,,,,,0,0,0,0,,,,,4.127567799994722,,,,,,,,,4.092138099949807,0.9993517000111751,7.044629299954977,[0.36944444444444446],[0.11944444444444445],[1],[0],[0],[2.9330553999752738],,,,,,,,,,,,,,1512_1500_CB3_50_2,001,2023-12-15_15h45.20.050,3_End,2023.2.3,59.999412008269886,2023-12-15 15h45.32.376779 +0000,
2,1,chessboard,chessboardcn,./stims/CritBystanders/chessboard.jpeg,./stims/CritBystanders/chaircn.jpeg,SR,SR_6,,,,,,,,,0,1,1,1,,,,,7.077562399965245,,,,,,,,,7.045611099980306,1.0155472999904305,11.711905599979218,[0.39351851851851855],[0.12222222222222222],[1],[0],[0],[4.649714400002267],,,,,,,,,,,,,,1512_1500_CB3_50_2,001,2023-12-15_15h45.20.050,3_End,2023.2.3,59.999412008269886,2023-12-15 15h45.32.376779 +0000,
3,1,wallet,walletcn,./stims/CritBystanders/wallet.jpeg,./stims/CritBystanders/chessboardcn.jpeg,RS,RS_6,,,,,,,,,0,2,2,2,,,,,11.744344799953979,,,,,,,,,11.712491999962367,1.0153975000139326,15.428257299994584,[-0.44722222222222224],[-0.46944444444444444],[1],[0],[0],[3.704164099995978],,,,,,,,,,,,,,1512_1500_CB3_50_2,001,2023-12-15_15h45.20.050,3_End,2023.2.3,59.999412008269886,2023-12-15 15h45.32.376779 +0000,
4,1,clipboard,clipboardcn,./stims/CritBystanders/clipboard.jpeg,./stims/CritBystanders/combcn.jpeg,RR,RR_5,,,,,,,,,0,3,3,3,,,,,15.460972099972423,,,,,,,,,15.428857299964875,1.015725300007034,18.811598300002515,[-0.44722222222222224],[-0.46944444444444444],[1],[0],[0],[3.3695543999783695],,,,,,,,,,,,,,1512_1500_CB3_50_2,001,2023-12-15_15h45.20.050,3_End,2023.2.3,59.999412008269886,2023-12-15 15h45.32.376779 +0000,
5,2,comb,combcn,./stims/CritBystanders/comb.jpeg,./stims/CritBystanders/peacockcn.jpeg,RS,RS_5,,,,,,,,,0,4,4,4,,,,,18.84433029999491,,,,,,,,,18.812200799991842,0.9991251999745145,22.444941999972798,[-0.44722222222222224],[-0.46944444444444444],[1],[0],[0],[3.6193361000041477],,,,,,,,,,,,,,1512_1500_CB3_50_2,001,2023-12-15_15h45.20.050,3_End,2023.2.3,59.999412008269886,2023-12-15 15h45.32.376779 +0000,
6,2,electriccord,electriccordcn,./stims/CritBystanders/electriccord.jpeg,./stims/CritBystanders/computercn.jpeg,SS,SS_1,,,,,,,,,0,5,5,5,,,,,22.477712299965788,,,,,,,,,22.445544699963648,0.9991092000273056,29.978164099971764,[-0.44722222222222224],[-0.46944444444444444],[1],[0],[0],[7.511700599978212],,,,,,,,,,,,,,1512_1500_CB3_50_2,001,2023-12-15_15h45.20.050,3_End,2023.2.3,59.999412008269886,2023-12-15 15h45.32.376779 +0000,
7,2,toiletpaper,toiletpapercn,./stims/CritBystanders/toiletpaper.jpeg,./stims/CritBystanders/walkmancn.jpeg,RR,RR_2,,,,,,,,,0,6,6,6,,,,,30.011068499996327,,,,,,,,,29.97875919996295,0.9992193999933079,38.545036699972115,[-0.44722222222222224],[-0.46944444444444444],[1],[0],[0],[8.549796000006609],,,,,,,,,,,,,,1512_1500_CB3_50_2,001,2023-12-15_15h45.20.050,3_End,2023.2.3,59.999412008269886,2023-12-15 15h45.32.376779 +0000,
8,2,keys,keyscn,./stims/CritBystanders/keys.jpeg,./stims/CritBystanders/bucketcn.jpeg,SR,SR_3,,,,,,,,,0,7,7,7,,,,,38.57778989995131,,,,,,,,,38.54561649996322,0.9990846999571659,49.97849059995497,[-0.44722222222222224],[-0.46944444444444444],[1],[0],[0],[11.416631300002337],,,,,,,,,,,,,,1512_1500_CB3_50_2,001,2023-12-15_15h45.20.050,3_End,2023.2.3,59.999412008269886,2023-12-15 15h45.32.376779 +0000,
9,3,scissors,scissorscn,./stims/CritBystanders/scissors.jpeg,./stims/CritBystanders/walletcn.jpeg,RR,RR_6,,,,,,,,,0,8,8,8,,,,,50.01121480000438,,,,,,,,,49.97905439999886,0.9991295000072569,65.31187629996566,[-0.44722222222222224],[-0.46944444444444444],[1],[0],[0],[15.316090999986045],,,,,,,,,,,,,,1512_1500_CB3_50_2,001,2023-12-15_15h45.20.050,3_End,2023.2.3,59.999412008269886,2023-12-15 15h45.32.376779 +0000,
10,3,soccerball,soccerballcn,./stims/CritBystanders/soccerball.jpeg,./stims/CritBystanders/videocn.jpeg,SR,SR_7,,,,,,,,,0,9,9,9,,,,,65.34467069996754,,,,,,,,,65.31245399999898,0.9990831000031903,69.22867979999864,[-0.44722222222222224],[-0.46944444444444444],[1],[0],[0],[3.9023836000123993],,,,,,,,,,,,,,1512_1500_CB3_50_2,001,2023-12-15_15h45.20.050,3_End,2023.2.3,59.999412008269886,2023-12-15 15h45.32.376779 +0000,
11,3,crate,cratecn,./stims/CritBystanders/crate.jpeg,./stims/CritBystanders/watchcn.jpeg,SS,SS_8,,,,,,,,,0,10,10,10,,,,,69.26136529998621,,,,,,,,,69.22928859997774,1.0156472999951802,72.54509009997128,[-0.44722222222222224],[-0.46944444444444444],[1],[0],[0],[3.302128899958916],,,,,,,,,,,,,,1512_1500_CB3_50_2,001,2023-12-15_15h45.20.050,3_End,2023.2.3,59.999412008269886,2023-12-15 15h45.32.376779 +0000,
12,3,walkman,walkmancn,./stims/CritBystanders/walkman.jpeg,./stims/CritBystanders/bookscn.jpeg,RS,RS_2,,,,,,,,,0,11,11,11,,,,,72.578060299973,,,,,,,,,72.54567619995214,0.999257999996189,75.61203049996402,[-0.44722222222222224],[-0.46944444444444444],[1],[0],[0],[3.0492949000326917],,,,,,,,,,,,,,1512_1500_CB3_50_2,001,2023-12-15_15h45.20.050,3_End,2023.2.3,59.999412008269886,2023-12-15 15h45.32.376779 +0000,
13,4,computer,computercn,./stims/CritBystanders/computer.jpeg,./stims/CritBystanders/cardscn.jpeg,RR,RR_1,,,,,,,,,0,12,12,12,,,,,75.64471749996301,,,,,,,,,75.61260979995131,0.9990049000480212,91.61176529998193,[],[],[],[],[],[],15.999108200019691,,,,,,,,,,,,,1512_1500_CB3_50_2,001,2023-12-15_15h45.20.050,3_End,2023.2.3,59.999412008269886,2023-12-15 15h45.32.376779 +0000,
14,4,cards,cardscn,./stims/CritBystanders/cards.jpeg,./stims/CritBystanders/staplercn.jpeg,RS,RS_1,,,,,,,,,0,13,13,13,,,,,91.644853100006,,,,,,,,,91.61226439999882,0.999136800004635,107.6119364000042,[],[],[],[],[],[],15.999290000007022,,,,,,,,,,,,,1512_1500_CB3_50_2,001,2023-12-15_15h45.20.050,3_End,2023.2.3,59.999412008269886,2023-12-15 15h45.32.376779 +0000,
15,4,calculator,calculatorcn,./stims/CritBystanders/calculator.jpeg,./stims/CritBystanders/guitarcn.jpeg,SS,SS_4,,,,,,,,,0,14,14,14,,,,,107.64495250000618,,,,,,,,,107.61246679996839,0.9992483000387438,111.26226779998979,[-0.44722222222222224],[-0.46944444444444444],[1],[0],[0],[3.6317581000039354],,,,,,,,,,,,,,1512_1500_CB3_50_2,001,2023-12-15_15h45.20.050,3_End,2023.2.3,59.999412008269886,2023-12-15 15h45.32.376779 +0000,
16,4,telephone,telephonecn,./stims/CritBystanders/telephone.jpeg,./stims/CritBystanders/calculatorcn.jpeg,SR,SR_4,,,,,,,,,0,15,15,15,,,,,111.29497349995654,,,,,,,,,111.26288239995483,1.0157038999604993,116.09576159995049,[-0.44722222222222224],[-0.46944444444444444],[1],[0],[0],[4.817542599979788],,,,,,,,,,,,,,1512_1500_CB3_50_2,001,2023-12-15_15h45.20.050,3_End,2023.2.3,59.999412008269886,2023-12-15 15h45.32.376779 +0000,
17,5,fan,fancn,./stims/CritBystanders/fan.jpeg,./stims/CritBystanders/coffeemugcn.jpeg,RR,RR_3,,,,,,,,,0,16,16,16,,,,,116.1283354999614,,,,,,,,,116.09654659999069,1.01540129998466,123.76238879997982,[-0.44722222222222224],[-0.46944444444444444],[1],[0],[0],[7.6525296999607235],,,,,,,,,,,,,,1512_1500_CB3_50_2,001,2023-12-15_15h45.20.050,3_End,2023.2.3,59.999412008269886,2023-12-15 15h45.32.376779 +0000,
18,5,candle,candlecn,./stims/CritBystanders/candle.jpeg,./stims/CritBystanders/backpackcn.jpeg,RS,RS_8,,,,,,,,,0,17,17,17,,,,,123.7950677999761,,,,,,,,,123.76300300000003,1.0156395999947563,128.92899939999916,[-0.44722222222222224],[-0.46944444444444444],[1],[0],[0],[5.152497000002768],,,,,,,,,,,,,,1512_1500_CB3_50_2,001,2023-12-15_15h45.20.050,3_End,2023.2.3,59.999412008269886,2023-12-15 15h45.32.376779 +0000,
19,5,bucket,bucketcn,./stims/CritBystanders/bucket.jpeg,./stims/CritBystanders/fancn.jpeg,SS,SS_3,,,,,,,,,0,18,18,18,,,,,128.96181409998098,,,,,,,,,128.92959969997173,0.9990570999798365,133.89574399997946,[-0.44722222222222224],[-0.46944444444444444],[1],[0],[0],[4.949011499993503],,,,,,,,,,,,,,1512_1500_CB3_50_2,001,2023-12-15_15h45.20.050,3_End,2023.2.3,59.999412008269886,2023-12-15 15h45.32.376779 +0000,
20,5,peacock,peacockcn,./stims/CritBystanders/peacock.jpeg,./stims/CritBystanders/wastebasketcn.jpeg,SR,SR_5,,,,,,,,,0,19,19,19,,,,,133.92846379999537,,,,,,,,,133.89634149998892,0.9990270000416785,137.39558869996108,[-0.44722222222222224],[-0.46944444444444444],[1],[0],[0],[3.48617310001282],,,,,,,,,,,,,,1512_1500_CB3_50_2,001,2023-12-15_15h45.20.050,3_End,2023.2.3,59.999412008269886,2023-12-15 15h45.32.376779 +0000,
21,6,iron,ironcn,./stims/CritBystanders/iron.jpeg,./stims/CritBystanders/shoescn.jpeg,RR,RR_7,,,,,,,,,0,20,20,20,,,,,137.4284830999677,,,,,,,,,137.39614169998094,0.9992823000065982,141.47913439996773,[-0.44722222222222224],[-0.46944444444444444],[1],[0],[0],[4.069799299992155],,,,,,,,,,,,,,1512_1500_CB3_50_2,001,2023-12-15_15h45.20.050,3_End,2023.2.3,59.999412008269886,2023-12-15 15h45.32.376779 +0000,
22,6,chair,chaircn,./stims/CritBystanders/chair.jpeg,./stims/CritBystanders/scissorscn.jpeg,SS,SS_6,,,,,,,,,0,21,21,21,,,,,141.5118511999608,,,,,,,,,141.47973169997567,0.999002099968493,153.0791541999788,[-0.44722222222222224],[-0.46944444444444444],[1],[0],[0],[11.585343100014143],,,,,,,,,,,,,,1512_1500_CB3_50_2,001,2023-12-15_15h45.20.050,3_End,2023.2.3,59.999412008269886,2023-12-15 15h45.32.376779 +0000,
23,6,umbrella,umbrellacn,./stims/CritBystanders/umbrella.jpeg,./stims/CritBystanders/telephonecn.jpeg,RS,RS_4,,,,,,,,,0,22,22,22,,,,,153.11197430000175,,,,,,,,,153.0797528999974,0.9990991000086069,157.79598120000446,[-0.44722222222222224],[-0.46944444444444444],[1],[0],[0],[4.698407599993516],,,,,,,,,,,,,,1512_1500_CB3_50_2,001,2023-12-15_15h45.20.050,3_End,2023.2.3,59.999412008269886,2023-12-15 15h45.32.376779 +0000,
24,6,books,bookscn,./stims/CritBystanders/books.jpeg,./stims/CritBystanders/capcn.jpeg,SR,SR_2,,,,,,,,,0,23,23,23,,,,,157.82864979997976,,,,,,,,,157.79653130000224,1.0156409000046551,160.97931009996682,[-0.44722222222222224],[-0.46944444444444444],[1],[0],[0],[3.169281000038609],,,,,,,,,,,,,,1512_1500_CB3_50_2,001,2023-12-15_15h45.20.050,3_End,2023.2.3,59.999412008269886,2023-12-15 15h45.32.376779 +0000,
25,7,backpack,backpackcn,./stims/CritBystanders/backpack.jpeg,./stims/CritBystanders/cratecn.jpeg,SR,SR_8,,,,,,,,,0,24,24,24,,,,,161.0120004999917,,,,,,,,,160.97985849995166,0.9990628000232391,165.12926049996167,[-0.44722222222222224],[-0.46944444444444444],[1],[0],[0],[4.135982600040734],,,,,,,,,,,,,,1512_1500_CB3_50_2,001,2023-12-15_15h45.20.050,3_End,2023.2.3,59.999412008269886,2023-12-15 15h45.32.376779 +0000,
26,7,guitar,guitarcn,./stims/CritBystanders/guitar.jpeg,./stims/CritBystanders/umbrellacn.jpeg,RR,RR_4,,,,,,,,,0,25,25,25,,,,,165.16201839997666,,,,,,,,,165.12981259997468,0.9991092999698594,175.26270389999263,[-0.44722222222222224],[-0.46944444444444444],[1],[0],[0],[10.116307999996934],,,,,,,,,,,,,,1512_1500_CB3_50_2,001,2023-12-15_15h45.20.050,3_End,2023.2.3,59.999412008269886,2023-12-15 15h45.32.376779 +0000,
27,7,shoes,shoescn,./stims/CritBystanders/shoes.jpeg,./stims/CritBystanders/soccerballcn.jpeg,RS,RS_7,,,,,,,,,0,26,26,26,,,,,175.29546629998367,,,,,,,,,175.26330209994921,0.9990459999535233,188.44618849997642,[-0.44722222222222224],[-0.46944444444444444],[1],[0],[0],[13.165826299984474],,,,,,,,,,,,,,1512_1500_CB3_50_2,001,2023-12-15_15h45.20.050,3_End,2023.2.3,59.999412008269886,2023-12-15 15h45.32.376779 +0000,
28,7,video,videocn,./stims/CritBystanders/video.jpeg,./stims/CritBystanders/ironcn.jpeg,SS,SS_7,,,,,,,,,0,27,27,27,,,,,188.47887399996398,,,,,,,,,188.44680129998596,1.0156062999740243,191.7127963999519,[-0.44722222222222224],[-0.46944444444444444],[1],[0],[0],[3.2525826999917626],,,,,,,,,,,,,,1512_1500_CB3_50_2,001,2023-12-15_15h45.20.050,3_End,2023.2.3,59.999412008269886,2023-12-15 15h45.32.376779 +0000,
29,8,coffeemug,coffeemugcn,./stims/CritBystanders/coffeemug.jpeg,./stims/CritBystanders/keyscn.jpeg,RS,RS_3,,,,,,,,,0,28,28,28,,,,,191.74553779995767,,,,,,,,,191.7133915000013,0.9990527000045404,202.8960486999713,[-0.44722222222222224],[-0.46944444444444444],[1],[0],[0],[11.168943899974693],,,,,,,,,,,,,,1512_1500_CB3_50_2,001,2023-12-15_15h45.20.050,3_End,2023.2.3,59.999412008269886,2023-12-15 15h45.32.376779 +0000,
30,8,stapler,staplercn,./stims/CritBystanders/stapler.jpeg,./stims/CritBystanders/electriccordcn.jpeg,SR,SR_1,,,,,,,,,0,29,29,29,,,,,202.92897329997504,,,,,,,,,202.89664249995258,0.9992353999987245,207.846330499975,[-0.44722222222222224],[-0.46944444444444444],[1],[0],[0],[4.93559530004859],,,,,,,,,,,,,,1512_1500_CB3_50_2,001,2023-12-15_15h45.20.050,3_End,2023.2.3,59.999412008269886,2023-12-15 15h45.32.376779 +0000,
31,8,wastebasket,wastebasketcn,./stims/CritBystanders/wastebasket.jpeg,./stims/CritBystanders/clipboardcn.jpeg,SS,SS_5,,,,,,,,,0,30,30,30,,,,,207.87902509997366,,,,,,,,,207.84692959999666,1.015601199993398,223.8624783999985,[],[],[],[],[],[],,,,,,,,,,,,,,1512_1500_CB3_50_2,001,2023-12-15_15h45.20.050,3_End,2023.2.3,59.999412008269886,2023-12-15 15h45.32.376779 +0000,
32,8,watch,watchcn,./stims/CritBystanders/watch.jpeg,./stims/CritBystanders/candlecn.jpeg,RR,RR_8,,,,,,,,,0,31,31,31,,,,,223.89577020000434,,,,,,,,,223.8629919999512,0.9990520999999717,227.4296737999539,[-0.44722222222222224],[-0.46944444444444444],[1],[0],[0],[3.5500488999532536],,,,,,,,,,,,,,1512_1500_CB3_50_2,001,2023-12-15_15h45.20.050,3_End,2023.2.3,59.999412008269886,2023-12-15 15h45.32.376779 +0000,
,,,,,,,,1,1,pan,pancn,./stims/AcqBystanders/pan.jpeg,./stims/AcqBystanders/pancn.jpeg,SS,SS_2,,,,,0,0,0,0,227.47949969995534,,,,,,,,,,,,,,,,,,,227.43888269999297,0.9991109000402503,15.999184300017077,243.42956989997765,[],[],[],[],[],[],,,1512_1500_CB3_50_2,001,2023-12-15_15h45.20.050,3_End,2023.2.3,59.999412008269886,2023-12-15 15h45.32.376779 +0000,
,,,,,,,,2,1,lightbulb,lightbulbcn,./stims/AcqBystanders/lightbulb.jpeg,./stims/AcqBystanders/lightbulbcn.jpeg,SR,SR_3,,,,,0,1,1,1,243.56307069998002,,,,,,,,,,,,,,,,,,,243.43034789996454,0.999225000035949,15.99931149999611,259.42968989996007,[],[],[],[],[],[],,,1512_1500_CB3_50_2,001,2023-12-15_15h45.20.050,3_End,2023.2.3,59.999412008269886,2023-12-15 15h45.32.376779 +0000,
,,,,,,,,3,1,shampoo,shampoocn,./stims/AcqBystanders/shampoo.jpeg,./stims/AcqBystanders/shampoocn.jpeg,RS,RS_4,,,,,0,2,2,2,259.4797444999567,,,,,,,,,,,,,,,,,,,259.43019419995835,0.9993105999892578,15.999411900003906,275.42972509999527,[],[],[],[],[],[],,,1512_1500_CB3_50_2,001,2023-12-15_15h45.20.050,3_End,2023.2.3,59.999412008269886,2023-12-15 15h45.32.376779 +0000,
,,,,,,,,4,1,mandms,mandmscn,./stims/AcqBystanders/mandms.jpeg,./stims/AcqBystanders/mandmscn.jpeg,RR,RR_2,,,,,0,3,3,3,275.46280479995767,,,,,,,,,,,,,,,,,,,275.4302781999577,0.9993987000198103,15.99948779999977,291.4299172000028,[],[],[],[],[],[],,,1512_1500_CB3_50_2,001,2023-12-15_15h45.20.050,3_End,2023.2.3,59.999412008269886,2023-12-15 15h45.32.376779 +0000,
,,,,,,,,5,1,sheet,sheetcn,./stims/AcqBystanders/sheet.jpeg,./stims/AcqBystanders/sheetcn.jpeg,RS,RS_3,,,,,0,4,4,4,291.46290889999364,,,,,,,,,,,,,,,,,,,291.43048419995466,0.9995113000040874,15.999592799984384,307.429951899976,[],[],[],[],[],[],,,1512_1500_CB3_50_2,001,2023-12-15_15h45.20.050,3_End,2023.2.3,59.999412008269886,2023-12-15 15h45.32.376779 +0000,
,,,,,,,,6,1,bottle,bottlecn,./stims/AcqBystanders/bottle.jpeg,./stims/AcqBystanders/bottlecn.jpeg,SS,SS_1,,,,,0,5,5,5,307.4630046999664,,,,,,,,,,,,,,,,,,,307.4304793999763,0.9996163999894634,15.999729700037278,323.43006609997246,[],[],[],[],[],[],,,1512_1500_CB3_50_2,001,2023-12-15_15h45.20.050,3_End,2023.2.3,59.999412008269886,2023-12-15 15h45.32.376779 +0000,
,,,,,,,,7,1,trunk,trunkcn,./stims/AcqBystanders/trunk.jpeg,./stims/AcqBystanders/trunkcn.jpeg,SR,SR_1,,,,,0,6,6,6,323.4631518999813,,,,,,,,,,,,,,,,,,,323.43058960000053,0.9997620999929495,15.99983039998915,339.43023609998636,[],[],[],[],[],[],,,1512_1500_CB3_50_2,001,2023-12-15_15h45.20.050,3_End,2023.2.3,59.999412008269886,2023-12-15 15h45.32.376779 +0000,
,,,,,,,,8,1,can,cancn,./stims/AcqBystanders/can.jpeg,./stims/AcqBystanders/cancn.jpeg,RR,RR_3,,,,,0,7,7,7,339.46326639998006,,,,,,,,,,,,,,,,,,,339.43074789998354,0.999923299998045,15.999956600018777,355.4302659999812,[],[],[],[],[],[],,,1512_1500_CB3_50_2,001,2023-12-15_15h45.20.050,3_End,2023.2.3,59.999412008269886,2023-12-15 15h45.32.376779 +0000,
,,,,,,,,9,1,towel,towelcn,./stims/AcqBystanders/towel.jpeg,./stims/AcqBystanders/towelcn.jpeg,RS,RS_1,,,,,0,8,8,8,355.46336959995097,,,,,,,,,,,,,,,,,,,355.43076939997263,1.0000119000324048,,371.4302181999665,[],[],[],[],[],[],,,1512_1500_CB3_50_2,001,2023-12-15_15h45.20.050,3_End,2023.2.3,59.999412008269886,2023-12-15 15h45.32.376779 +0000,
,,,,,,,,10,1,fireextinguisher,fireextinguishercn,./stims/AcqBystanders/fireextinguisher.jpeg,./stims/AcqBystanders/fireextinguishercn.jpeg,RR,RR_1,,,,,0,9,9,9,371.46346899995115,,,,,,,,,,,,,,,,,,,371.43078070000047,1.0001031000283547,,387.43033469998045,[],[],[],[],[],[],,,1512_1500_CB3_50_2,001,2023-12-15_15h45.20.050,3_End,2023.2.3,59.999412008269886,2023-12-15 15h45.32.376779 +0000,
,,,,,,,,11,1,passport,passportcn,./stims/AcqBystanders/passport.jpeg,./stims/AcqBystanders/passportcn.jpeg,SS,SS_3,,,,,0,10,10,10,387.4636035999865,,,,,,,,,,,,,,,,,,,387.43086789996596,1.0001930000144057,,403.4304543999606,[],[],[],[],[],[],,,1512_1500_CB3_50_2,001,2023-12-15_15h45.20.050,3_End,2023.2.3,59.999412008269886,2023-12-15 15h45.32.376779 +0000,
,,,,,,,,12,1,headphones,headphonescn,./stims/AcqBystanders/headphones.jpeg,./stims/AcqBystanders/headphonescn.jpeg,SR,SR_2,,,,,0,11,11,11,403.4636778999702,,,,,,,,,,,,,,,,,,,403.4310020999983,1.00037640001392,,412.4142047999776,[-0.3194444444444444],[-0.40555555555555556],[1],[0],[0],[8.968286699964665],,,1512_1500_CB3_50_2,001,2023-12-15_15h45.20.050,3_End,2023.2.3,59.999412008269886,2023-12-15 15h45.32.376779 +0000,
,,,,,,,,13,1,perfume,perfumecn,./stims/AcqBystanders/perfume.jpeg,./stims/AcqBystanders/perfumecn.jpeg,SR,SR_4,,,,,0,12,12,12,412.447099299985,,,,,,,,,,,,,,,,,,,412.4148201000062,0.9992005999665707,,418.79779519996373,[-0.35648148148148145],[-0.26296296296296295],[1],[0],[0],[6.369601499987766],,,1512_1500_CB3_50_2,001,2023-12-15_15h45.20.050,3_End,2023.2.3,59.999412008269886,2023-12-15 15h45.32.376779 +0000,
,,,,,,,,14,1,cup,cupcn,./stims/AcqBystanders/cup.jpeg,./stims/AcqBystanders/cupcn.jpeg,RS,RS_2,,,,,0,13,13,13,418.9143553999602,,,,,,,,,,,,,,,,,,,418.79838529997505,1.0156494000111707,,422.68114189995686,[-0.35648148148148145],[-0.26296296296296295],[1],[0],[0],[3.7794145999941975],,,1512_1500_CB3_50_2,001,2023-12-15_15h45.20.050,3_End,2023.2.3,59.999412008269886,2023-12-15 15h45.32.376779 +0000,
,,,,,,,,,,,,,,,,,,,,,,,,,,,,,,,,,,,,,,,,,,,,,,,,,,,,,422.6815984999994,422.6971610999899,,,,,,,,
