﻿order_ext,blk_ext,bystander_ext,test_item_ext,bystander_loc_ext,test_item_loc_ext,trial_type_ext,itemNo_ext,order_cond_acq,blk_cond_acq,bystander_cond_acq,test_item_cond_acq,bystander_loc_cond_acq,test_item_loc_cond_acq,trial_type_cond_acq,itemNo_cond_acq,trials.thisRepN,trials.thisTrialN,trials.thisN,trials.thisIndex,trials_2.thisRepN,trials_2.thisTrialN,trials_2.thisN,trials_2.thisIndex,thisRow.t,notes,INSTRUCTION.started,instruct1.started,ok1.started,INSTRUCTION.stopped,ok1.keys,ok1.rt,ok1.duration,END_EXT.started,mouse_ext.started,mouse_ext.stopped,END_EXT.stopped,mouse_ext.x,mouse_ext.y,mouse_ext.leftButton,mouse_ext.midButton,mouse_ext.rightButton,mouse_ext.time,END_ACQ.started,mouse_cond.started,END_ACQ.stopped,mouse_cond.x,mouse_cond.y,mouse_cond.leftButton,mouse_cond.midButton,mouse_cond.rightButton,mouse_cond.time,mouse_cond.stopped,thanks.started,thanksMsg.started,participant,session,date,expName,psychopyVersion,frameRate,expStart,
,,,,,,,,,,,,,,,,,,,,,,,,,,0.018580300005851313,0.0351066000002902,0.0351066000002902,38.43577979999827,space,38.39622029999737,None,,,,,,,,,,,,,,,,,,,,,,,1811_1700_SB3_05,001,2023-11-18_17h34.57.504,3_End,2023.2.3,60.03009908675926,2023-11-18 17h35.10.745028 +0000,
1,1,walkman,walkmancn,./stims/CritBystanders/cap.jpeg,./stims/CritBystanders/walkmancn.jpeg,SS,SS_2,,,,,,,,,0,0,0,0,,,,,38.48519639999722,,,,,,,,,38.44993100001011,0.9994257000216749,15.99945950001711,54.435499000013806,[],[],[],[],[],[],,,,,,,,,,,,,1811_1700_SB3_05,001,2023-11-18_17h34.57.504,3_End,2023.2.3,60.03009908675926,2023-11-18 17h35.10.745028 +0000,
2,1,scissors,scissorscn,./stims/CritBystanders/chessboard.jpeg,./stims/CritBystanders/scissorscn.jpeg,SR,SR_6,,,,,,,,,0,1,1,1,,,,,54.45189070000197,,,,,,,,,54.43635930001619,0.9994886000058614,15.999512300011702,70.43552530001034,[],[],[],[],[],[],,,,,,,,,,,,,1811_1700_SB3_05,001,2023-11-18_17h34.57.504,3_End,2023.2.3,60.03009908675926,2023-11-18 17h35.10.745028 +0000,
3,1,chair,chaircn,./stims/CritBystanders/wallet.jpeg,./stims/CritBystanders/chaircn.jpeg,RS,RS_6,,,,,,,,,0,2,2,2,,,,,70.45189739999478,,,,,,,,,70.43605160000152,0.9995344000053592,,74.13583440001821,[0.887962962962963],[-0.49907407407407406],[1],[0],[0],[3.6949574000027496],,,,,,,,,,,,,1811_1700_SB3_05,001,2023-11-18_17h34.57.504,3_End,2023.2.3,60.03009908675926,2023-11-18 17h35.10.745028 +0000,
4,1,peacock,peacockcn,./stims/CritBystanders/clipboard.jpeg,./stims/CritBystanders/peacockcn.jpeg,RR,RR_5,,,,,,,,,0,3,3,3,,,,,74.15191050001886,,,,,,,,,74.13636970001971,0.9990997999848332,,79.48618209999404,[0.887962962962963],[-0.49907407407407406],[1],[0],[0],[5.344098200002918],,,,,,,,,,,,,1811_1700_SB3_05,001,2023-11-18_17h34.57.504,3_End,2023.2.3,60.03009908675926,2023-11-18 17h35.10.745028 +0000,
5,2,wastebasket,wastebasketcn,./stims/CritBystanders/comb.jpeg,./stims/CritBystanders/wastebasketcn.jpeg,RS,RS_5,,,,,,,,,0,4,4,4,,,,,79.50193820000277,,,,,,,,,79.4867615000112,1.0154848999809474,,84.18587740001385,[0.887962962962963],[-0.49907407407407406],[1],[0],[0],[4.693650700006401],,,,,,,,,,,,,1811_1700_SB3_05,001,2023-11-18_17h34.57.504,3_End,2023.2.3,60.03009908675926,2023-11-18 17h35.10.745028 +0000,
6,2,card,cardcn,./stims/CritBystanders/electriccord.jpeg,./stims/CritBystanders/cardscn.jpeg,SS,SS_1,,,,,,,,,0,5,5,5,,,,,84.20191760000307,,,,,,,,,84.18644290001248,0.9990646000078414,,94.50258220001706,[0.887962962962963],[-0.49907407407407406],[1],[0],[0],[10.310642099997494],,,,,,,,,,,,,1811_1700_SB3_05,001,2023-11-18_17h34.57.504,3_End,2023.2.3,60.03009908675926,2023-11-18 17h35.10.745028 +0000,
7,2,books,bookscn,./stims/CritBystanders/toiletpaper.jpeg,./stims/CritBystanders/bookscn.jpeg,RR,RR_2,,,,,,,,,0,6,6,6,,,,,94.5186270000122,,,,,,,,,94.50315020000562,0.9990018999960739,,98.38591219999944,[0.887962962962963],[-0.49907407407407406],[1],[0],[0],[3.8777154000126757],,,,,,,,,,,,,1811_1700_SB3_05,001,2023-11-18_17h34.57.504,3_End,2023.2.3,60.03009908675926,2023-11-18 17h35.10.745028 +0000,
8,2,fan,fancn,./stims/CritBystanders/keys.jpeg,./stims/CritBystanders/fancn.jpeg,SR,SR_3,,,,,,,,,0,7,7,7,,,,,98.40196200000355,,,,,,,,,98.3864770999935,0.9990533999807667,,109.70256550001795,[0.887962962962963],[-0.49907407407407406],[1],[0],[0],[11.310603199992329],,,,,,,,,,,,,1811_1700_SB3_05,001,2023-11-18_17h34.57.504,3_End,2023.2.3,60.03009908675926,2023-11-18 17h35.10.745028 +0000,
9,3,chessboard,chessboardcn,./stims/CritBystanders/scissors.jpeg,./stims/CritBystanders/chessboardcn.jpeg,RR,RR_6,,,,,,,,,0,8,8,8,,,,,109.71866070001852,,,,,,,,,109.70312789999298,0.9990874000068288,,118.10240679999697,[0.887962962962963],[-0.49907407407407406],[1],[0],[0],[8.394053500000155],,,,,,,,,,,,,1811_1700_SB3_05,001,2023-11-18_17h34.57.504,3_End,2023.2.3,60.03009908675926,2023-11-18 17h35.10.745028 +0000,
10,3,iron,ironcn,./stims/CritBystanders/soccerball.jpeg,./stims/CritBystanders/ironcn.jpeg,SR,SR_7,,,,,,,,,0,9,9,9,,,,,118.11868390001473,,,,,,,,,118.10313760000281,0.9991471999965142,,122.76926210001693,[0.887962962962963],[-0.49907407407407406],[1],[0],[0],[4.6605744999833405],,,,,,,,,,,,,1811_1700_SB3_05,001,2023-11-18_17h34.57.504,3_End,2023.2.3,60.03009908675926,2023-11-18 17h35.10.745028 +0000,
11,3,candle,candlecn,./stims/CritBystanders/crate.jpeg,./stims/CritBystanders/candlecn.jpeg,SS,SS_8,,,,,,,,,0,10,10,10,,,,,122.78536070001428,,,,,,,,,122.76977499999339,0.9991810999927111,15.999169299990172,138.76910269999644,[],[],[],[],[],[],,,,,,,,,,,,,1811_1700_SB3_05,001,2023-11-18_17h34.57.504,3_End,2023.2.3,60.03009908675926,2023-11-18 17h35.10.745028 +0000,
12,3,cap,capcn,./stims/CritBystanders/walkman.jpeg,./stims/CritBystanders/capcn.jpeg,RS,RS_2,,,,,,,,,0,11,11,11,,,,,138.78537369999685,,,,,,,,,138.76962480001384,0.9991773999936413,,146.85269090000656,[0.887962962962963],[-0.49907407407407406],[1],[0],[0],[8.077457199979108],,,,,,,,,,,,,1811_1700_SB3_05,001,2023-11-18_17h34.57.504,3_End,2023.2.3,60.03009908675926,2023-11-18 17h35.10.745028 +0000,
13,4,stapler,staplercn,./stims/CritBystanders/computer.jpeg,./stims/CritBystanders/staplercn.jpeg,RR,RR_1,,,,,,,,,0,12,12,12,,,,,146.8687535999925,,,,,,,,,146.853263099998,0.9990182000037748,,157.5859018000192,[0.887962962962963],[-0.49907407407407406],[1],[0],[0],[10.72720580000896],,,,,,,,,,,,,1811_1700_SB3_05,001,2023-11-18_17h34.57.504,3_End,2023.2.3,60.03009908675926,2023-11-18 17h35.10.745028 +0000,
14,4,electriccord,electriccordcn,./stims/CritBystanders/cards.jpeg,./stims/CritBystanders/electriccordcn.jpeg,RS,RS_1,,,,,,,,,0,13,13,13,,,,,157.6021915000165,,,,,,,,,157.5864792999928,0.9992226999893319,,164.8527754000097,[0.887962962962963],[-0.49907407407407406],[1],[0],[0],[7.260718300007284],,,,,,,,,,,,,1811_1700_SB3_05,001,2023-11-18_17h34.57.504,3_End,2023.2.3,60.03009908675926,2023-11-18 17h35.10.745028 +0000,
15,4,umbrella,umbrellacn,./stims/CritBystanders/calculator.jpeg,./stims/CritBystanders/umbrellacn.jpeg,SS,SS_4,,,,,,,,,0,14,14,14,,,,,164.8687911000161,,,,,,,,,164.85335069999564,0.9990072000073269,,175.4027075000049,[0.887962962962963],[-0.49907407407407406],[1],[0],[0],[10.543809900002088],,,,,,,,,,,,,1811_1700_SB3_05,001,2023-11-18_17h34.57.504,3_End,2023.2.3,60.03009908675926,2023-11-18 17h35.10.745028 +0000,
16,4,guitar,guitarcn,./stims/CritBystanders/telephone.jpeg,./stims/CritBystanders/guitarcn.jpeg,SR,SR_4,,,,,,,,,0,15,15,15,,,,,175.41881999999168,,,,,,,,,175.4032785000163,0.9991342000139412,,187.00283260000288,[0.887962962962963],[-0.49907407407407406],[1],[0],[0],[11.593763000011677],,,,,,,,,,,,,1811_1700_SB3_05,001,2023-11-18_17h34.57.504,3_End,2023.2.3,60.03009908675926,2023-11-18 17h35.10.745028 +0000,
17,5,keys,keyscn,./stims/CritBystanders/fan.jpeg,./stims/CritBystanders/keyscn.jpeg,RR,RR_3,,,,,,,,,0,16,16,16,,,,,187.01883720001206,,,,,,,,,187.00340159999905,1.015719100018032,,203.01897490001284,[],[],[],[],[],[],,,,,,,,,,,,,1811_1700_SB3_05,001,2023-11-18_17h34.57.504,3_End,2023.2.3,60.03009908675926,2023-11-18 17h35.10.745028 +0000,
18,5,crate,cratecn,./stims/CritBystanders/candle.jpeg,./stims/CritBystanders/cratecn.jpeg,RS,RS_8,,,,,,,,,0,17,17,17,,,,,203.03555510001024,,,,,,,,,203.01950729999226,0.9990411000035238,,209.4028827000002,[0.887962962962963],[-0.49907407407407406],[1],[0],[0],[6.3776585000159685],,,,,,,,,,,,,1811_1700_SB3_05,001,2023-11-18_17h34.57.504,3_End,2023.2.3,60.03009908675926,2023-11-18 17h35.10.745028 +0000,
19,5,coffeemug,coffeemugcn,./stims/CritBystanders/bucket.jpeg,./stims/CritBystanders/coffeemugcn.jpeg,SS,SS_3,,,,,,,,,0,18,18,18,,,,,209.41892050000024,,,,,,,,,209.40340569999535,0.9990375000052154,,218.25281589999213,[0.887962962962963],[-0.49907407407407406],[1],[0],[0],[8.843885599984787],,,,,,,,,,,,,1811_1700_SB3_05,001,2023-11-18_17h34.57.504,3_End,2023.2.3,60.03009908675926,2023-11-18 17h35.10.745028 +0000,
20,5,clipboard,clipboardcn,./stims/CritBystanders/peacock.jpeg,./stims/CritBystanders/clipboardcn.jpeg,SR,SR_5,,,,,,,,,0,19,19,19,,,,,218.2689185999916,,,,,,,,,218.25333870001487,0.9994843000022229,,231.86957440001424,[0.887962962962963],[-0.49907407407407406],[1],[0],[0],[13.6107936000044],,,,,,,,,,,,,1811_1700_SB3_05,001,2023-11-18_17h34.57.504,3_End,2023.2.3,60.03009908675926,2023-11-18 17h35.10.745028 +0000,
21,6,soccerball,soccerballcn,./stims/CritBystanders/iron.jpeg,./stims/CritBystanders/soccerballcn.jpeg,RR,RR_7,,,,,,,,,0,20,20,20,,,,,231.885654600017,,,,,,,,,231.87015140001313,1.015740700007882,,241.5862851999991,[0.887962962962963],[-0.49907407407407406],[1],[0],[0],[9.710724600008689],,,,,,,,,,,,,1811_1700_SB3_05,001,2023-11-18_17h34.57.504,3_End,2023.2.3,60.03009908675926,2023-11-18 17h35.10.745028 +0000,
22,6,wallet,walletcn,./stims/CritBystanders/chair.jpeg,./stims/CritBystanders/walletcn.jpeg,SS,SS_6,,,,,,,,,0,21,21,21,,,,,241.60230679999222,,,,,,,,,241.58685449999757,0.9990319999924395,,248.50286080001388,[0.887962962962963],[-0.49907407407407406],[1],[0],[0],[6.91052549998858],,,,,,,,,,,,,1811_1700_SB3_05,001,2023-11-18_17h34.57.504,3_End,2023.2.3,60.03009908675926,2023-11-18 17h35.10.745028 +0000,
23,6,calculator,calculatorcn,./stims/CritBystanders/umbrella.jpeg,./stims/CritBystanders/calculatorcn.jpeg,RS,RS_4,,,,,,,,,0,22,22,22,,,,,248.51900649999152,,,,,,,,,248.5033984000038,0.9991569000121672,,257.78621380002005,[0.887962962962963],[-0.49907407407407406],[1],[0],[0],[9.277368599985493],,,,,,,,,,,,,1811_1700_SB3_05,001,2023-11-18_17h34.57.504,3_End,2023.2.3,60.03009908675926,2023-11-18 17h35.10.745028 +0000,
24,6,toiletpaper,toiletpapercn,./stims/CritBystanders/books.jpeg,./stims/CritBystanders/toiletpapercn.jpeg,SR,SR_2,,,,,,,,,0,23,23,23,,,,,257.80235650000395,,,,,,,,,257.7867277000041,0.9991838999849278,,266.7195503000112,[0.887962962962963],[-0.49907407407407406],[1],[0],[0],[8.927184800006216],,,,,,,,,,,,,1811_1700_SB3_05,001,2023-11-18_17h34.57.504,3_End,2023.2.3,60.03009908675926,2023-11-18 17h35.10.745028 +0000,
25,7,watch,watchcn,./stims/CritBystanders/backpack.jpeg,./stims/CritBystanders/watchcn.jpeg,SR,SR_8,,,,,,,,,0,24,24,24,,,,,266.7356761000119,,,,,,,,,266.72008830000414,0.9991410999791697,,275.03631779999705,[0.887962962962963],[-0.49907407407407406],[1],[0],[0],[8.310652399988612],,,,,,,,,,,,,1811_1700_SB3_05,001,2023-11-18_17h34.57.504,3_End,2023.2.3,60.03009908675926,2023-11-18 17h35.10.745028 +0000,
26,7,telephone,telephonecn,./stims/CritBystanders/guitar.jpeg,./stims/CritBystanders/telephonecn.jpeg,RR,RR_4,,,,,,,,,0,25,25,25,,,,,275.0524298000091,,,,,,,,,275.0368315000087,0.9991335999802686,,286.03631419999874,[0.887962962962963],[-0.49907407407407406],[1],[0],[0],[10.994237700011581],,,,,,,,,,,,,1811_1700_SB3_05,001,2023-11-18_17h34.57.504,3_End,2023.2.3,60.03009908675926,2023-11-18 17h35.10.745028 +0000,
27,7,video,videocn,./stims/CritBystanders/shoes.jpeg,./stims/CritBystanders/videocn.jpeg,RS,RS_7,,,,,,,,,0,26,26,26,,,,,286.0524342000135,,,,,,,,,286.03689270000905,0.999100900022313,,292.3528173000086,[0.887962962962963],[-0.49907407407407406],[1],[0],[0],[6.310315900016576],,,,,,,,,,,,,1811_1700_SB3_05,001,2023-11-18_17h34.57.504,3_End,2023.2.3,60.03009908675926,2023-11-18 17h35.10.745028 +0000,
28,7,shoes,shoescn,./stims/CritBystanders/video.jpeg,./stims/CritBystanders/shoescn.jpeg,SS,SS_7,,,,,,,,,0,27,27,27,,,,,292.36912139999913,,,,,,,,,292.35335950000444,0.9992763999907766,,299.40312289999565,[0.887962962962963],[-0.49907407407407406],[1],[0],[0],[7.044103099993663],,,,,,,,,,,,,1811_1700_SB3_05,001,2023-11-18_17h34.57.504,3_End,2023.2.3,60.03009908675926,2023-11-18 17h35.10.745028 +0000,
29,8,bucket,bucketcn,./stims/CritBystanders/coffeemug.jpeg,./stims/CritBystanders/bucketcn.jpeg,RS,RS_3,,,,,,,,,0,28,28,28,,,,,299.41909120001947,,,,,,,,,299.40369340000325,1.015649199980544,,315.4192034000007,[],[],[],[],[],[],,,,,,,,,,,,,1811_1700_SB3_05,001,2023-11-18_17h34.57.504,3_End,2023.2.3,60.03009908675926,2023-11-18 17h35.10.745028 +0000,
30,8,computer,computercn,./stims/CritBystanders/stapler.jpeg,./stims/CritBystanders/computercn.jpeg,SR,SR_1,,,,,,,,,0,29,29,29,,,,,315.43583830000716,,,,,,,,,315.4197339999955,1.0156730999879073,,325.3364782000135,[0.887962962962963],[-0.49907407407407406],[1],[0],[0],[9.911686599982204],,,,,,,,,,,,,1811_1700_SB3_05,001,2023-11-18_17h34.57.504,3_End,2023.2.3,60.03009908675926,2023-11-18 17h35.10.745028 +0000,
31,8,comb,combcn,./stims/CritBystanders/wastebasket.jpeg,./stims/CritBystanders/combcn.jpeg,SS,SS_5,,,,,,,,,0,30,30,30,,,,,325.35252149999724,,,,,,,,,325.33701550000114,0.9990500999847427,15.999063299997943,341.3361831000075,[],[],[],[],[],[],,,,,,,,,,,,,1811_1700_SB3_05,001,2023-11-18_17h34.57.504,3_End,2023.2.3,60.03009908675926,2023-11-18 17h35.10.745028 +0000,
32,8,backpack,backpackcn,./stims/CritBystanders/watch.jpeg,./stims/CritBystanders/backpackcn.jpeg,RR,RR_8,,,,,,,,,0,31,31,31,,,,,341.3525302000053,,,,,,,,,341.33671150001464,0.9991353999939747,,352.9864661000029,[0.887962962962963],[-0.49907407407407406],[1],[0],[0],[11.644105099985609],,,,,,,,,,,,,1811_1700_SB3_05,001,2023-11-18_17h34.57.504,3_End,2023.2.3,60.03009908675926,2023-11-18 17h35.10.745028 +0000,
,,,,,,,,,,,,,,,,,,,,,,,,,,352.9868934999977,353.00256700001773,353.00256700001773,370.9199219000002,space,17.90705920002074,None,,,,,,,,,,,,,,,,,,,,,,,1811_1700_SB3_05,001,2023-11-18_17h34.57.504,3_End,2023.2.3,60.03009908675926,2023-11-18 17h35.10.745028 +0000,
,,,,,,,,1,1,pan,pancn,./stims/AcqBystanders/pan.jpeg,./stims/AcqBystanders/pancn.jpeg,SS,SS_2,,,,,0,0,0,0,370.9694993000012,,,,,,,,,,,,,,,,,,,370.9293861000042,0.9994031000242103,378.0532307999965,[0.887962962962963],[-0.49907407407407406],[1],[0],[0],[7.105953499994939],,,,1811_1700_SB3_05,001,2023-11-18_17h34.57.504,3_End,2023.2.3,60.03009908675926,2023-11-18 17h35.10.745028 +0000,
,,,,,,,,2,1,lightbulb,lightbulbcn,./stims/AcqBystanders/lightbulb.jpeg,./stims/AcqBystanders/lightbulbcn.jpeg,SR,SR_3,,,,,0,1,1,1,378.1696934000065,,,,,,,,,,,,,,,,,,,378.05409950000467,1.0154196999792475,385.90322820001165,[0.887962962962963],[-0.49907407407407406],[1],[0],[0],[7.750980499986326],,,,1811_1700_SB3_05,001,2023-11-18_17h34.57.504,3_End,2023.2.3,60.03009908675926,2023-11-18 17h35.10.745028 +0000,
,,,,,,,,3,1,shampoo,shampoocn,./stims/AcqBystanders/shampoo.jpeg,./stims/AcqBystanders/shampoocn.jpeg,RS,RS_4,,,,,0,2,2,2,385.9363685999997,,,,,,,,,,,,,,,,,,,385.9037893000059,0.9990726000105496,392.6198735999933,[0.887962962962963],[-0.49907407407407406],[1],[0],[0],[6.69680890001473],,,,1811_1700_SB3_05,001,2023-11-18_17h34.57.504,3_End,2023.2.3,60.03009908675926,2023-11-18 17h35.10.745028 +0000,
,,,,,,,,4,1,mandms,mandmscn,./stims/AcqBystanders/mandms.jpeg,./stims/AcqBystanders/mandmscn.jpeg,RR,RR_2,,,,,0,3,3,3,392.63602030000766,,,,,,,,,,,,,,,,,,,392.6204479000007,0.9991042999899946,403.8199154000031,[0.887962962962963],[-0.49907407407407406],[1],[0],[0],[11.190741900005378],,,,1811_1700_SB3_05,001,2023-11-18_17h34.57.504,3_End,2023.2.3,60.03009908675926,2023-11-18 17h35.10.745028 +0000,
,,,,,,,,5,1,sheet,sheetcn,./stims/AcqBystanders/sheet.jpeg,./stims/AcqBystanders/sheetcn.jpeg,RS,RS_3,,,,,0,4,4,4,403.83602040002006,,,,,,,,,,,,,,,,,,,403.8204427000019,0.9991339000116568,410.80328330001794,[0.887962962962963],[-0.49907407407407406],[1],[0],[0],[6.976554299995769],,,,1811_1700_SB3_05,001,2023-11-18_17h34.57.504,3_End,2023.2.3,60.03009908675926,2023-11-18 17h35.10.745028 +0000,
,,,,,,,,6,1,bottle,bottlecn,./stims/AcqBystanders/bottle.jpeg,./stims/AcqBystanders/bottlecn.jpeg,SS,SS_1,,,,,0,5,5,5,410.8193844000052,,,,,,,,,,,,,,,,,,,410.80385709999246,0.9990747999981977,418.5866658000159,[0.887962962962963],[-0.49907407407407406],[1],[0],[0],[7.77720589999808],,,,1811_1700_SB3_05,001,2023-11-18_17h34.57.504,3_End,2023.2.3,60.03009908675926,2023-11-18 17h35.10.745028 +0000,
,,,,,,,,7,1,trunk,trunkcn,./stims/AcqBystanders/trunk.jpeg,./stims/AcqBystanders/trunkcn.jpeg,SR,SR_1,,,,,0,6,6,6,418.60274780000327,,,,,,,,,,,,,,,,,,,418.58724759999313,0.9990544999891426,434.5864392000076,[],[],[],[],[],[],15.999124099995242,,,1811_1700_SB3_05,001,2023-11-18_17h34.57.504,3_End,2023.2.3,60.03009908675926,2023-11-18 17h35.10.745028 +0000,
,,,,,,,,8,1,can,cancn,./stims/AcqBystanders/can.jpeg,./stims/AcqBystanders/cancn.jpeg,RR,RR_3,,,,,0,7,7,7,434.6027568000136,,,,,,,,,,,,,,,,,,,434.5869721999916,0.9990730000135954,447.0701576000138,[0.887962962962963],[-0.49907407407407406],[1],[0],[0],[12.477505299990298],,,,1811_1700_SB3_05,001,2023-11-18_17h34.57.504,3_End,2023.2.3,60.03009908675926,2023-11-18 17h35.10.745028 +0000,
,,,,,,,,9,1,towel,towelcn,./stims/AcqBystanders/towel.jpeg,./stims/AcqBystanders/towelcn.jpeg,RS,RS_1,,,,,0,8,8,8,447.0861891999957,,,,,,,,,,,,,,,,,,,447.0707311000151,1.01565610000398,456.0034476000001,[0.887962962962963],[-0.49907407407407406],[1],[0],[0],[8.92708429999766],,,,1811_1700_SB3_05,001,2023-11-18_17h34.57.504,3_End,2023.2.3,60.03009908675926,2023-11-18 17h35.10.745028 +0000,
,,,,,,,,10,1,fireextinguisher,fireextinguishercn,./stims/AcqBystanders/fireextinguisher.jpeg,./stims/AcqBystanders/fireextinguishercn.jpeg,RR,RR_1,,,,,0,9,9,9,456.01950110000325,,,,,,,,,,,,,,,,,,,456.003996000014,0.9990900999982841,462.63685890001943,[0.887962962962963],[-0.49907407407407406],[1],[0],[0],[6.627051900024526],,,,1811_1700_SB3_05,001,2023-11-18_17h34.57.504,3_End,2023.2.3,60.03009908675926,2023-11-18 17h35.10.745028 +0000,
,,,,,,,,11,1,passport,passportcn,./stims/AcqBystanders/passport.jpeg,./stims/AcqBystanders/passportcn.jpeg,SS,SS_3,,,,,0,10,10,10,462.65280780001194,,,,,,,,,,,,,,,,,,,462.6374375000014,0.9990194000129122,468.63670329999877,[0.887962962962963],[-0.49907407407407406],[1],[0],[0],[5.99224089999916],,,,1811_1700_SB3_05,001,2023-11-18_17h34.57.504,3_End,2023.2.3,60.03009908675926,2023-11-18 17h35.10.745028 +0000,
,,,,,,,,12,1,headphones,headphonescn,./stims/AcqBystanders/headphones.jpeg,./stims/AcqBystanders/headphonescn.jpeg,SR,SR_2,,,,,0,11,11,11,468.6528451000049,,,,,,,,,,,,,,,,,,,468.6372307999991,0.999142100015888,484.30345999999554,[0.887962962962963],[-0.49907407407407406],[1],[0],[0],[15.660593000007793],,,,1811_1700_SB3_05,001,2023-11-18_17h34.57.504,3_End,2023.2.3,60.03009908675926,2023-11-18 17h35.10.745028 +0000,
,,,,,,,,13,1,perfume,perfumecn,./stims/AcqBystanders/perfume.jpeg,./stims/AcqBystanders/perfumecn.jpeg,SR,SR_4,,,,,0,12,12,12,484.3195493000094,,,,,,,,,,,,,,,,,,,484.30402680000407,0.9991011000238359,494.7701001999958,[0.887962962962963],[-0.49907407407407406],[1],[0],[0],[10.460384799982421],,,,1811_1700_SB3_05,001,2023-11-18_17h34.57.504,3_End,2023.2.3,60.03009908675926,2023-11-18 17h35.10.745028 +0000,
,,,,,,,,14,1,cup,cupcn,./stims/AcqBystanders/cup.jpeg,./stims/AcqBystanders/cupcn.jpeg,RS,RS_2,,,,,0,13,13,13,494.8700061000127,,,,,,,,,,,,,,,,,,,494.7706627000007,0.9991630000004079,504.7201250999933,[0.887962962962963],[-0.49907407407407406],[1],[0],[0],[9.860899099992821],,,,1811_1700_SB3_05,001,2023-11-18_17h34.57.504,3_End,2023.2.3,60.03009908675926,2023-11-18 17h35.10.745028 +0000,
,,,,,,,,,,,,,,,,,,,,,,,,,,,,,,,,,,,,,,,,,,,,,,,,,,,,,504.7205512000073,504.736260900012,,,,,,,,
