﻿order_ext,blk_ext,bystander_ext,test_item_ext,bystander_loc_ext,test_item_loc_ext,trial_type_ext,itemNo_ext,order_cond_acq,blk_cond_acq,bystander_cond_acq,test_item_cond_acq,bystander_loc_cond_acq,test_item_loc_cond_acq,trial_type_cond_acq,itemNo_cond_acq,trials.thisRepN,trials.thisTrialN,trials.thisN,trials.thisIndex,trials_2.thisRepN,trials_2.thisTrialN,trials_2.thisN,trials_2.thisIndex,thisRow.t,notes,INSTRUCTION.started,instruct1.started,ok1.started,INSTRUCTION.stopped,ok1.keys,ok1.rt,ok1.duration,END_EXT.started,mouse_ext.started,END_EXT.stopped,mouse_ext.x,mouse_ext.y,mouse_ext.leftButton,mouse_ext.midButton,mouse_ext.rightButton,mouse_ext.time,mouse_ext.stopped,END_ACQ.started,mouse_cond.started,END_ACQ.stopped,mouse_cond.x,mouse_cond.y,mouse_cond.leftButton,mouse_cond.midButton,mouse_cond.rightButton,mouse_cond.time,thanks.started,thanksMsg.started,participant,session,date,expName,psychopyVersion,frameRate,expStart,
,,,,,,,,,,,,,,,,,,,,,,,,,,0.005882299970835447,0.022452899953350425,0.022452899953350425,12.356538300053217,space,12.331989499973133,None,,,,,,,,,,,,,,,,,,,,,,1812_1000_CB3_51_2,001,2023-12-18_10h43.58.383,3_End,2023.2.3,60.00769298893286,2023-12-18 10h44.10.866879 +0000,
1,1,walkman,walkmancn,./stims/CritBystanders/cap.jpeg,./stims/CritBystanders/walkmancn.jpeg,SS,SS_2,,,,,,,,,0,0,0,0,,,,,12.405929300002754,,,,,,,,,12.3707335999934,0.9994126000674441,19.05658019997645,[0.39537037037037037],[0.2759259259259259],[1],[0],[0],[6.660128099960275],,,,,,,,,,,,,1812_1000_CB3_51_2,001,2023-12-18_10h43.58.383,3_End,2023.2.3,60.00769298893286,2023-12-18 10h44.10.866879 +0000,
2,1,scissors,scissorscn,./stims/CritBystanders/chessboard.jpeg,./stims/CritBystanders/scissorscn.jpeg,SR,SR_6,,,,,,,,,0,1,1,1,,,,,19.089221099973656,,,,,,,,,19.057587099960074,1.0153149000834674,25.68983779998962,[0.39537037037037037],[0.2759259259259259],[1],[0],[0],[6.618599900044501],,,,,,,,,,,,,1812_1000_CB3_51_2,001,2023-12-18_10h43.58.383,3_End,2023.2.3,60.00769298893286,2023-12-18 10h44.10.866879 +0000,
3,1,chair,chaircn,./stims/CritBystanders/wallet.jpeg,./stims/CritBystanders/chaircn.jpeg,RS,RS_6,,,,,,,,,0,2,2,2,,,,,25.722615199978463,,,,,,,,,25.690369799965993,0.9991613000165671,30.3899478999665,[0.39537037037037037],[0.2759259259259259],[1],[0],[0],[4.683426899951883],,,,,,,,,,,,,1812_1000_CB3_51_2,001,2023-12-18_10h43.58.383,3_End,2023.2.3,60.00769298893286,2023-12-18 10h44.10.866879 +0000,
4,1,peacock,peacockcn,./stims/CritBystanders/clipboard.jpeg,./stims/CritBystanders/peacockcn.jpeg,RR,RR_5,,,,,,,,,0,3,3,3,,,,,30.422642200021073,,,,,,,,,30.39053440000862,1.0156469999346882,34.7733427999774,[0.39537037037037037],[0.2759259259259259],[1],[0],[0],[4.369140700087883],,,,,,,,,,,,,1812_1000_CB3_51_2,001,2023-12-18_10h43.58.383,3_End,2023.2.3,60.00769298893286,2023-12-18 10h44.10.866879 +0000,
5,2,wastebasket,wastebasketcn,./stims/CritBystanders/comb.jpeg,./stims/CritBystanders/wastebasketcn.jpeg,RS,RS_5,,,,,,,,,0,4,4,4,,,,,34.80606440000702,,,,,,,,,34.77391230000649,0.9990165999624878,37.83996560005471,[0.39537037037037037],[0.2759259259259259],[1],[0],[0],[3.0522396999876946],,,,,,,,,,,,,1812_1000_CB3_51_2,001,2023-12-18_10h43.58.383,3_End,2023.2.3,60.00769298893286,2023-12-18 10h44.10.866879 +0000,
6,2,card,cardcn,./stims/CritBystanders/electriccord.jpeg,./stims/CritBystanders/cardscn.jpeg,SS,SS_1,,,,,,,,,0,5,5,5,,,,,37.87270479998551,,,,,,,,,37.840542800026014,0.9990631999680772,42.42337670002598,[0.39537037037037037],[0.2759259259259259],[1],[0],[0],[4.5657355999574065],,,,,,,,,,,,,1812_1000_CB3_51_2,001,2023-12-18_10h43.58.383,3_End,2023.2.3,60.00769298893286,2023-12-18 10h44.10.866879 +0000,
7,2,books,bookscn,./stims/CritBystanders/toiletpaper.jpeg,./stims/CritBystanders/bookscn.jpeg,RR,RR_2,,,,,,,,,0,6,6,6,,,,,42.456059999996796,,,,,,,,,42.423960600048304,1.015666100080125,46.40676979999989,[0.39537037037037037],[0.2759259259259259],[1],[0],[0],[3.9694986999966204],,,,,,,,,,,,,1812_1000_CB3_51_2,001,2023-12-18_10h43.58.383,3_End,2023.2.3,60.00769298893286,2023-12-18 10h44.10.866879 +0000,
8,2,fan,fancn,./stims/CritBystanders/keys.jpeg,./stims/CritBystanders/fancn.jpeg,SR,SR_3,,,,,,,,,0,7,7,7,,,,,46.43943110003602,,,,,,,,,46.40735820005648,1.0156199000775814,58.55658610002138,[0.39537037037037037],[0.2759259259259259],[1],[0],[0],[12.13541059999261],,,,,,,,,,,,,1812_1000_CB3_51_2,001,2023-12-18_10h43.58.383,3_End,2023.2.3,60.00769298893286,2023-12-18 10h44.10.866879 +0000,
9,3,chessboard,chessboardcn,./stims/CritBystanders/scissors.jpeg,./stims/CritBystanders/chessboardcn.jpeg,RR,RR_6,,,,,,,,,0,8,8,8,,,,,58.589509399957024,,,,,,,,,58.55714289995376,0.9992811999982223,62.790121800033376,[0.39537037037037037],[0.2759259259259259],[1],[0],[0],[4.216096899937838],,,,,,,,,,,,,1812_1000_CB3_51_2,001,2023-12-18_10h43.58.383,3_End,2023.2.3,60.00769298893286,2023-12-18 10h44.10.866879 +0000,
10,3,iron,ironcn,./stims/CritBystanders/soccerball.jpeg,./stims/CritBystanders/ironcn.jpeg,SR,SR_7,,,,,,,,,0,9,9,9,,,,,62.82290909998119,,,,,,,,,62.79064879997168,0.9991175000322983,66.7401309000561,[0.39537037037037037],[0.2759259259259259],[1],[0],[0],[3.9358598000835627],,,,,,,,,,,,,1812_1000_CB3_51_2,001,2023-12-18_10h43.58.383,3_End,2023.2.3,60.00769298893286,2023-12-18 10h44.10.866879 +0000,
11,3,candle,candlecn,./stims/CritBystanders/crate.jpeg,./stims/CritBystanders/candlecn.jpeg,SS,SS_8,,,,,,,,,0,10,10,10,,,,,66.77292510005645,,,,,,,,,66.74066480004694,0.9991121999919415,74.72355770005379,[0.39537037037037037],[0.2759259259259259],[1],[0],[0],[7.969749700045213],,,,,,,,,,,,,1812_1000_CB3_51_2,001,2023-12-18_10h43.58.383,3_End,2023.2.3,60.00769298893286,2023-12-18 10h44.10.866879 +0000,
12,3,cap,capcn,./stims/CritBystanders/walkman.jpeg,./stims/CritBystanders/capcn.jpeg,RS,RS_2,,,,,,,,,0,11,11,11,,,,,74.75630360003561,,,,,,,,,74.7241402999498,0.9990694000152871,79.39029600005597,[0.39537037037037037],[0.2759259259259259],[1],[0],[0],[4.652547700097784],,,,,,,,,,,,,1812_1000_CB3_51_2,001,2023-12-18_10h43.58.383,3_End,2023.2.3,60.00769298893286,2023-12-18 10h44.10.866879 +0000,
13,4,stapler,staplercn,./stims/CritBystanders/computer.jpeg,./stims/CritBystanders/staplercn.jpeg,RR,RR_1,,,,,,,,,0,12,12,12,,,,,79.42299069999717,,,,,,,,,79.39088129997253,1.015737900044769,88.42366029997356,[0.39537037037037037],[0.2759259259259259],[1],[0],[0],[9.02064360002987],,,,,,,,,,,,,1812_1000_CB3_51_2,001,2023-12-18_10h43.58.383,3_End,2023.2.3,60.00769298893286,2023-12-18 10h44.10.866879 +0000,
14,4,electriccord,electriccordcn,./stims/CritBystanders/cards.jpeg,./stims/CritBystanders/electriccordcn.jpeg,RS,RS_1,,,,,,,,,0,13,13,13,,,,,88.45639119995758,,,,,,,,,88.42424610001035,0.9990196001017466,97.92396249994636,[0.39537037037037037],[0.2759259259259259],[1],[0],[0],[9.482036900008097],,,,,,,,,,,,,1812_1000_CB3_51_2,001,2023-12-18_10h43.58.383,3_End,2023.2.3,60.00769298893286,2023-12-18 10h44.10.866879 +0000,
15,4,umbrella,umbrellacn,./stims/CritBystanders/calculator.jpeg,./stims/CritBystanders/umbrellacn.jpeg,SS,SS_4,,,,,,,,,0,14,14,14,,,,,97.9564728999976,,,,,,,,,97.92458240000997,1.0154923999216408,105.44020700000692,[0.39537037037037037],[0.2759259259259259],[1],[0],[0],[7.498681999975815],,,,,,,,,,,,,1812_1000_CB3_51_2,001,2023-12-18_10h43.58.383,3_End,2023.2.3,60.00769298893286,2023-12-18 10h44.10.866879 +0000,
16,4,guitar,guitarcn,./stims/CritBystanders/telephone.jpeg,./stims/CritBystanders/guitarcn.jpeg,SR,SR_4,,,,,,,,,0,15,15,15,,,,,105.4731956999749,,,,,,,,,105.44078990002163,0.999306199955754,117.7740472999867,[0.39537037037037037],[0.2759259259259259],[1],[0],[0],[12.316131100058556],,,,,,,,,,,,,1812_1000_CB3_51_2,001,2023-12-18_10h43.58.383,3_End,2023.2.3,60.00769298893286,2023-12-18 10h44.10.866879 +0000,
17,5,keys,keyscn,./stims/CritBystanders/fan.jpeg,./stims/CritBystanders/keyscn.jpeg,RR,RR_3,,,,,,,,,0,16,16,16,,,,,117.8065894000465,,,,,,,,,117.77463969995733,1.015581400017254,132.6406431000214,[0.39537037037037037],[0.2759259259259259],[1],[0],[0],[14.853898500092328],,,,,,,,,,,,,1812_1000_CB3_51_2,001,2023-12-18_10h43.58.383,3_End,2023.2.3,60.00769298893286,2023-12-18 10h44.10.866879 +0000,
18,5,crate,cratecn,./stims/CritBystanders/candle.jpeg,./stims/CritBystanders/cratecn.jpeg,RS,RS_8,,,,,,,,,0,17,17,17,,,,,132.67337309999857,,,,,,,,,132.64122610003687,0.9990468000760302,141.4074311000295,[0.38981481481481484],[0.3416666666666667],[1],[0],[0],[8.749324999982491],,,,,,,,,,,,,1812_1000_CB3_51_2,001,2023-12-18_10h43.58.383,3_End,2023.2.3,60.00769298893286,2023-12-18 10h44.10.866879 +0000,
19,5,coffeemug,coffeemugcn,./stims/CritBystanders/bucket.jpeg,./stims/CritBystanders/coffeemugcn.jpeg,SS,SS_3,,,,,,,,,0,18,18,18,,,,,141.4401036000345,,,,,,,,,141.40801749995444,1.015677599934861,151.3574013999896,[0.38981481481481484],[0.3416666666666667],[1],[0],[0],[9.932563200010918],,,,,,,,,,,,,1812_1000_CB3_51_2,001,2023-12-18_10h43.58.383,3_End,2023.2.3,60.00769298893286,2023-12-18 10h44.10.866879 +0000,
20,5,clipboard,clipboardcn,./stims/CritBystanders/peacock.jpeg,./stims/CritBystanders/clipboardcn.jpeg,SR,SR_5,,,,,,,,,0,19,19,19,,,,,151.39017230004538,,,,,,,,,151.35792610002682,0.9991418999852613,167.3571955000516,[],[],[],[],[],[],15.999223900027573,,,,,,,,,,,,1812_1000_CB3_51_2,001,2023-12-18_10h43.58.383,3_End,2023.2.3,60.00769298893286,2023-12-18 10h44.10.866879 +0000,
21,6,soccerball,soccerballcn,./stims/CritBystanders/iron.jpeg,./stims/CritBystanders/soccerballcn.jpeg,RR,RR_7,,,,,,,,,0,20,20,20,,,,,167.39027880004141,,,,,,,,,167.3576793000102,0.9992336999857798,178.7913024999434,[0.38981481481481484],[0.3416666666666667],[1],[0],[0],[11.416829099995084],,,,,,,,,,,,,1812_1000_CB3_51_2,001,2023-12-18_10h43.58.383,3_End,2023.2.3,60.00769298893286,2023-12-18 10h44.10.866879 +0000,
22,6,wallet,walletcn,./stims/CritBystanders/chair.jpeg,./stims/CritBystanders/walletcn.jpeg,SS,SS_6,,,,,,,,,0,21,21,21,,,,,178.82370720000472,,,,,,,,,178.7918998999521,1.0154085999820381,186.49110460001975,[0.38981481481481484],[0.3416666666666667],[1],[0],[0],[7.685782000073232],,,,,,,,,,,,,1812_1000_CB3_51_2,001,2023-12-18_10h43.58.383,3_End,2023.2.3,60.00769298893286,2023-12-18 10h44.10.866879 +0000,
23,6,calculator,calculatorcn,./stims/CritBystanders/umbrella.jpeg,./stims/CritBystanders/calculatorcn.jpeg,RS,RS_4,,,,,,,,,0,22,22,22,,,,,186.52373380004428,,,,,,,,,186.49163089995272,1.015642000013031,194.1577161999885,[0.38981481481481484],[0.3416666666666667],[1],[0],[0],[7.649552799994126],,,,,,,,,,,,,1812_1000_CB3_51_2,001,2023-12-18_10h43.58.383,3_End,2023.2.3,60.00769298893286,2023-12-18 10h44.10.866879 +0000,
24,6,toiletpaper,toiletpapercn,./stims/CritBystanders/books.jpeg,./stims/CritBystanders/toiletpapercn.jpeg,SR,SR_2,,,,,,,,,0,23,23,23,,,,,194.19046820001677,,,,,,,,,194.15829149994534,0.9990653999848291,202.4578919999767,[0.3861111111111111],[0.3425925925925926],[1],[0],[0],[8.285477700061165],,,,,,,,,,,,,1812_1000_CB3_51_2,001,2023-12-18_10h43.58.383,3_End,2023.2.3,60.00769298893286,2023-12-18 10h44.10.866879 +0000,
25,7,watch,watchcn,./stims/CritBystanders/backpack.jpeg,./stims/CritBystanders/watchcn.jpeg,SR,SR_8,,,,,,,,,0,24,24,24,,,,,202.4905597999459,,,,,,,,,202.45848370005842,1.0156227999832481,209.29123249999247,[0.3861111111111111],[0.3425925925925926],[1],[0],[0],[6.81620360002853],,,,,,,,,,,,,1812_1000_CB3_51_2,001,2023-12-18_10h43.58.383,3_End,2023.2.3,60.00769298893286,2023-12-18 10h44.10.866879 +0000,
26,7,telephone,telephonecn,./stims/CritBystanders/guitar.jpeg,./stims/CritBystanders/telephonecn.jpeg,RR,RR_4,,,,,,,,,0,25,25,25,,,,,209.3239124000538,,,,,,,,,209.2918090999592,0.9990343999816105,216.45790309994482,[0.3490740740740741],[0.32685185185185184],[1],[0],[0],[7.152316299965605],,,,,,,,,,,,,1812_1000_CB3_51_2,001,2023-12-18_10h43.58.383,3_End,2023.2.3,60.00769298893286,2023-12-18 10h44.10.866879 +0000,
27,7,video,videocn,./stims/CritBystanders/shoes.jpeg,./stims/CritBystanders/videocn.jpeg,RS,RS_7,,,,,,,,,0,26,26,26,,,,,216.4906583999982,,,,,,,,,216.45846140000504,0.9990418000379577,221.14117199997418,[0.3490740740740741],[0.32685185185185184],[1],[0],[0],[4.665044300025329],,,,,,,,,,,,,1812_1000_CB3_51_2,001,2023-12-18_10h43.58.383,3_End,2023.2.3,60.00769298893286,2023-12-18 10h44.10.866879 +0000,
28,7,shoes,shoescn,./stims/CritBystanders/video.jpeg,./stims/CritBystanders/shoescn.jpeg,SS,SS_7,,,,,,,,,0,27,27,27,,,,,221.1739888000302,,,,,,,,,221.141734899953,0.9991251999745145,225.10794500005431,[0.3490740740740741],[0.32685185185185184],[1],[0],[0],[3.951017800020054],,,,,,,,,,,,,1812_1000_CB3_51_2,001,2023-12-18_10h43.58.383,3_End,2023.2.3,60.00769298893286,2023-12-18 10h44.10.866879 +0000,
29,8,bucket,bucketcn,./stims/CritBystanders/coffeemug.jpeg,./stims/CritBystanders/bucketcn.jpeg,RS,RS_3,,,,,,,,,0,28,28,28,,,,,225.1407271999633,,,,,,,,,225.1084991999669,0.9990517999976873,232.10823849996086,[0.3490740740740741],[0.32685185185185184],[1],[0],[0],[6.986285599996336],,,,,,,,,,,,,1812_1000_CB3_51_2,001,2023-12-18_10h43.58.383,3_End,2023.2.3,60.00769298893286,2023-12-18 10h44.10.866879 +0000,
30,8,computer,computercn,./stims/CritBystanders/stapler.jpeg,./stims/CritBystanders/computercn.jpeg,SR,SR_1,,,,,,,,,0,29,29,29,,,,,232.14074199995957,,,,,,,,,232.10881190001965,1.0158317000605166,237.20801169995684,[0.3490740740740741],[0.32685185185185184],[1],[0],[0],[5.085986700025387],,,,,,,,,,,,,1812_1000_CB3_51_2,001,2023-12-18_10h43.58.383,3_End,2023.2.3,60.00769298893286,2023-12-18 10h44.10.866879 +0000,
31,8,comb,combcn,./stims/CritBystanders/wastebasket.jpeg,./stims/CritBystanders/combcn.jpeg,SS,SS_5,,,,,,,,,0,30,30,30,,,,,237.24078979995102,,,,,,,,,237.20858860004228,0.999079899978824,246.44173399999272,[0.3490740740740741],[0.32685185185185184],[1],[0],[0],[9.219562399899587],,,,,,,,,,,,,1812_1000_CB3_51_2,001,2023-12-18_10h43.58.383,3_End,2023.2.3,60.00769298893286,2023-12-18 10h44.10.866879 +0000,
32,8,backpack,backpackcn,./stims/CritBystanders/watch.jpeg,./stims/CritBystanders/backpackcn.jpeg,RR,RR_8,,,,,,,,,0,31,31,31,,,,,246.47423589997925,,,,,,,,,246.4424959999742,1.0152343000518158,249.90809929999523,[0.3490740740740741],[0.32685185185185184],[1],[0],[0],[3.4528552000410855],,,,,,,,,,,,,1812_1000_CB3_51_2,001,2023-12-18_10h43.58.383,3_End,2023.2.3,60.00769298893286,2023-12-18 10h44.10.866879 +0000,
,,,,,,,,1,1,pan,pancn,./stims/AcqBystanders/pan.jpeg,./stims/AcqBystanders/pancn.jpeg,SS,SS_2,,,,,0,0,0,0,249.95786259998567,,,,,,,,,,,,,,,,,,,249.91691579995677,0.999157200101763,257.2582759000361,[0.3490740740740741],[0.32685185185185184],[1],[0],[0],[7.314996100030839],,,1812_1000_CB3_51_2,001,2023-12-18_10h43.58.383,3_End,2023.2.3,60.00769298893286,2023-12-18 10h44.10.866879 +0000,
,,,,,,,,2,1,lightbulb,lightbulbcn,./stims/AcqBystanders/lightbulb.jpeg,./stims/AcqBystanders/lightbulbcn.jpeg,SR,SR_3,,,,,0,1,1,1,257.3747420000145,,,,,,,,,,,,,,,,,,,257.2591671999544,1.0153097999282181,262.9248557999963,[0.3490740740740741],[0.32685185185185184],[1],[0],[0],[5.562500900006853],,,1812_1000_CB3_51_2,001,2023-12-18_10h43.58.383,3_End,2023.2.3,60.00769298893286,2023-12-18 10h44.10.866879 +0000,
,,,,,,,,3,1,shampoo,shampoocn,./stims/AcqBystanders/shampoo.jpeg,./stims/AcqBystanders/shampoocn.jpeg,RS,RS_4,,,,,0,2,2,2,262.97467699996196,,,,,,,,,,,,,,,,,,,262.9254526000004,0.9990539000136778,274.6584053999977,[0.3490740740740741],[0.32685185185185184],[1],[0],[0],[11.705066399998032],,,1812_1000_CB3_51_2,001,2023-12-18_10h43.58.383,3_End,2023.2.3,60.00769298893286,2023-12-18 10h44.10.866879 +0000,
,,,,,,,,4,1,mandms,mandmscn,./stims/AcqBystanders/mandms.jpeg,./stims/AcqBystanders/mandmscn.jpeg,RR,RR_2,,,,,0,3,3,3,274.6910391000565,,,,,,,,,,,,,,,,,,,274.6589962999569,1.0156124000204727,280.99168440001085,[0.7287037037037037],[0.5],[1],[0],[0],[6.312216300051659],,,1812_1000_CB3_51_2,001,2023-12-18_10h43.58.383,3_End,2023.2.3,60.00769298893286,2023-12-18 10h44.10.866879 +0000,
,,,,,,,,5,1,sheet,sheetcn,./stims/AcqBystanders/sheet.jpeg,./stims/AcqBystanders/sheetcn.jpeg,RS,RS_3,,,,,0,4,4,4,281.0243927000556,,,,,,,,,,,,,,,,,,,280.9922762999777,0.9990582000464201,284.84167330001947,[0.7287037037037037],[0.5],[1],[0],[0],[3.8348191999830306],,,1812_1000_CB3_51_2,001,2023-12-18_10h43.58.383,3_End,2023.2.3,60.00769298893286,2023-12-18 10h44.10.866879 +0000,
,,,,,,,,6,1,bottle,bottlecn,./stims/AcqBystanders/bottle.jpeg,./stims/AcqBystanders/bottlecn.jpeg,SS,SS_1,,,,,0,5,5,5,284.8744707000442,,,,,,,,,,,,,,,,,,,284.84224979998544,0.9990583999315277,293.69180839997716,[0.7287037037037037],[0.5],[1],[0],[0],[8.835748799960129],,,1812_1000_CB3_51_2,001,2023-12-18_10h43.58.383,3_End,2023.2.3,60.00769298893286,2023-12-18 10h44.10.866879 +0000,
,,,,,,,,7,1,trunk,trunkcn,./stims/AcqBystanders/trunk.jpeg,./stims/AcqBystanders/trunkcn.jpeg,SR,SR_1,,,,,0,6,6,6,293.7244802999776,,,,,,,,,,,,,,,,,,,293.69236650003586,0.999006099998951,299.95833539997693,[0.7296296296296296],[0.5],[1],[0],[0],[6.252186099998653],,,1812_1000_CB3_51_2,001,2023-12-18_10h43.58.383,3_End,2023.2.3,60.00769298893286,2023-12-18 10h44.10.866879 +0000,
,,,,,,,,8,1,can,cancn,./stims/AcqBystanders/can.jpeg,./stims/AcqBystanders/cancn.jpeg,RR,RR_3,,,,,0,7,7,7,299.9912113000173,,,,,,,,,,,,,,,,,,,299.9589264000533,0.9992057000054047,310.1918571999995,[0.7296296296296296],[0.5],[1],[0],[0],[10.216522400034592],,,1812_1000_CB3_51_2,001,2023-12-18_10h43.58.383,3_End,2023.2.3,60.00769298893286,2023-12-18 10h44.10.866879 +0000,
,,,,,,,,9,1,towel,towelcn,./stims/AcqBystanders/towel.jpeg,./stims/AcqBystanders/towelcn.jpeg,RS,RS_1,,,,,0,8,8,8,310.22462350002024,,,,,,,,,,,,,,,,,,,310.1924371999921,0.999089099932462,315.1920698999893,[0.7333333333333333],[0.4861111111111111],[1],[0],[0],[4.98273289995268],,,1812_1000_CB3_51_2,001,2023-12-18_10h43.58.383,3_End,2023.2.3,60.00769298893286,2023-12-18 10h44.10.866879 +0000,
,,,,,,,,10,1,fireextinguisher,fireextinguishercn,./stims/AcqBystanders/fireextinguisher.jpeg,./stims/AcqBystanders/fireextinguishercn.jpeg,RR,RR_1,,,,,0,9,9,9,315.22464489995036,,,,,,,,,,,,,,,,,,,315.1926509999903,1.015562199987471,323.27551669999957,[0.7379629629629629],[0.4759259259259259],[1],[0],[0],[8.068544100038707],,,1812_1000_CB3_51_2,001,2023-12-18_10h43.58.383,3_End,2023.2.3,60.00769298893286,2023-12-18 10h44.10.866879 +0000,
,,,,,,,,11,1,passport,passportcn,./stims/AcqBystanders/passport.jpeg,./stims/AcqBystanders/passportcn.jpeg,SS,SS_3,,,,,0,10,10,10,323.30802340002265,,,,,,,,,,,,,,,,,,,323.2760956999846,1.0155081999255344,328.74198559997603,[0.7379629629629629],[0.4759259259259259],[1],[0],[0],[5.44747280003503],,,1812_1000_CB3_51_2,001,2023-12-18_10h43.58.383,3_End,2023.2.3,60.00769298893286,2023-12-18 10h44.10.866879 +0000,
,,,,,,,,12,1,headphones,headphonescn,./stims/AcqBystanders/headphones.jpeg,./stims/AcqBystanders/headphonescn.jpeg,SR,SR_2,,,,,0,11,11,11,328.7747478999663,,,,,,,,,,,,,,,,,,,328.7425819999771,0.9991094999713823,332.44207470002584,[0.7379629629629629],[0.4759259259259259],[1],[0],[0],[3.682026599999517],,,1812_1000_CB3_51_2,001,2023-12-18_10h43.58.383,3_End,2023.2.3,60.00769298893286,2023-12-18 10h44.10.866879 +0000,
,,,,,,,,13,1,perfume,perfumecn,./stims/AcqBystanders/perfume.jpeg,./stims/AcqBystanders/perfumecn.jpeg,SR,SR_4,,,,,0,12,12,12,332.4748002999695,,,,,,,,,,,,,,,,,,,332.4426661999896,0.999004099983722,338.6254194000503,[0.7379629629629629],[0.4759259259259259],[1],[0],[0],[6.165177099988796],,,1812_1000_CB3_51_2,001,2023-12-18_10h43.58.383,3_End,2023.2.3,60.00769298893286,2023-12-18 10h44.10.866879 +0000,
,,,,,,,,14,1,cup,cupcn,./stims/AcqBystanders/cup.jpeg,./stims/AcqBystanders/cupcn.jpeg,RS,RS_2,,,,,0,13,13,13,338.74211650004145,,,,,,,,,,,,,,,,,,,338.626016800059,0.9990074000088498,342.45883500005584,[0.7203703703703703],[0.4685185185185185],[1],[0],[0],[3.7285494999960065],,,1812_1000_CB3_51_2,001,2023-12-18_10h43.58.383,3_End,2023.2.3,60.00769298893286,2023-12-18 10h44.10.866879 +0000,
,,,,,,,,,,,,,,,,,,,,,,,,,,,,,,,,,,,,,,,,,,,,,,,,,,,,342.4592810999602,342.4748712000437,,,,,,,,
