﻿order_ext,blk_ext,bystander_ext,test_item_ext,bystander_loc_ext,test_item_loc_ext,trial_type_ext,itemNo_ext,order_cond_acq,blk_cond_acq,bystander_cond_acq,test_item_cond_acq,bystander_loc_cond_acq,test_item_loc_cond_acq,trial_type_cond_acq,itemNo_cond_acq,trials.thisRepN,trials.thisTrialN,trials.thisN,trials.thisIndex,trials_2.thisRepN,trials_2.thisTrialN,trials_2.thisN,trials_2.thisIndex,thisRow.t,notes,INSTRUCTION.started,instruct1.started,ok1.started,INSTRUCTION.stopped,ok1.keys,ok1.rt,ok1.duration,END_EXT.started,mouse_ext.started,END_EXT.stopped,mouse_ext.x,mouse_ext.y,mouse_ext.leftButton,mouse_ext.midButton,mouse_ext.rightButton,mouse_ext.time,mouse_ext.stopped,END_ACQ.started,mouse_cond.started,END_ACQ.stopped,mouse_cond.x,mouse_cond.y,mouse_cond.leftButton,mouse_cond.midButton,mouse_cond.rightButton,mouse_cond.time,mouse_cond.stopped,thanks.started,thanksMsg.started,participant,session,date,expName,psychopyVersion,frameRate,expStart,
,,,,,,,,,,,,,,,,,,,,,,,,,,0.012725999986287206,0.029265699966344982,0.029265699966344982,27.763187200005632,space,27.724409900023602,None,,,,,,,,,,,,,,,,,,,,,,,2011_1500_SB4_07,001,2023-11-20_15h37.48.773,3_End,2023.2.3,60.016084314294645,2023-11-20 15h38.01.673689 +0000,
1,1,walkman,walkmancn,./stims/CritBystanders/cap.jpeg,./stims/CritBystanders/bookscn.jpeg,SS,SS_2,,,,,,,,,0,0,0,0,,,,,27.81267030001618,,,,,,,,,27.776931300002616,0.9995096999919042,32.16334019997157,[0.7324074074074074],[0.3731481481481482],[1],[0],[0],[4.369123200012837],,,,,,,,,,,,,,2011_1500_SB4_07,001,2023-11-20_15h37.48.773,3_End,2023.2.3,60.016084314294645,2023-11-20 15h38.01.673689 +0000,
2,1,wallet,walletcn,./stims/CritBystanders/chessboard.jpeg,./stims/CritBystanders/walletcn.jpeg,SR,SR_6,,,,,,,,,0,1,1,1,,,,,32.179338500020094,,,,,,,,,32.16430910001509,1.0153713999898173,48.17943630000809,[],[],[],[],[],[],,,,,,,,,,,,,,2011_1500_SB4_07,001,2023-11-20_15h37.48.773,3_End,2023.2.3,60.016084314294645,2023-11-20 15h38.01.673689 +0000,
3,1,scissors,scissorscn,./stims/CritBystanders/wallet.jpeg,./stims/CritBystanders/scissorscn.jpeg,RS,RS_6,,,,,,,,,0,2,2,2,,,,,48.19602659996599,,,,,,,,,48.180054800002836,1.0152715999865904,64.17945110000437,[],[],[],[],[],[],,,,,,,,,,,,,,2011_1500_SB4_07,001,2023-11-20_15h37.48.773,3_End,2023.2.3,60.016084314294645,2023-11-20 15h38.01.673689 +0000,
4,1,wastebasket,wastebasketcn,./stims/CritBystanders/clipboard.jpeg,./stims/CritBystanders/wastebasketcn.jpeg,RR,RR_5,,,,,,,,,0,3,3,3,,,,,64.19603990000905,,,,,,,,,64.17999889998464,1.0153298000223003,68.09665650001261,[0.7324074074074074],[0.3731481481481482],[1],[0],[0],[3.911082400009036],,,,,,,,,,,,,,2011_1500_SB4_07,001,2023-11-20_15h37.48.773,3_End,2023.2.3,60.016084314294645,2023-11-20 15h38.01.673689 +0000,
5,2,clipboard,clipboardcn,./stims/CritBystanders/comb.jpeg,./stims/CritBystanders/clipboardcn.jpeg,RS,RS_5,,,,,,,,,0,4,4,4,,,,,68.11277040001005,,,,,,,,,68.09724329999881,0.9990897999959998,75.43003679998219,[0.7324074074074074],[0.3731481481481482],[1],[0],[0],[7.327386300021317],,,,,,,,,,,,,,2011_1500_SB4_07,001,2023-11-20_15h37.48.773,3_End,2023.2.3,60.016084314294645,2023-11-20 15h38.01.673689 +0000,
6,2,stapler,staplercn,./stims/CritBystanders/electriccord.jpeg,./stims/CritBystanders/staplercn.jpeg,SS,SS_1,,,,,,,,,0,5,5,5,,,,,75.44615029997658,,,,,,,,,75.43062379996991,0.9990422999835573,85.54668059997493,[0.7324074074074074],[0.3731481481481482],[1],[0],[0],[10.110769300023094],,,,,,,,,,,,,,2011_1500_SB4_07,001,2023-11-20_15h37.48.773,3_End,2023.2.3,60.016084314294645,2023-11-20 15h38.01.673689 +0000,
7,2,cap,capcn,./stims/CritBystanders/toiletpaper.jpeg,./stims/CritBystanders/capcn.jpeg,RR,RR_2,,,,,,,,,0,6,6,6,,,,,85.56278510001721,,,,,,,,,85.54728339996655,0.9991023000329733,100.18021869997028,[0.7324074074074074],[0.3731481481481482],[1],[0],[0],[14.6273838999914],,,,,,,,,,,,,,2011_1500_SB4_07,001,2023-11-20_15h37.48.773,3_End,2023.2.3,60.016084314294645,2023-11-20 15h38.01.673689 +0000,
8,2,coffeemug,coffeemugcn,./stims/CritBystanders/keys.jpeg,./stims/CritBystanders/coffeemugcn.jpeg,SR,SR_3,,,,,,,,,0,7,7,7,,,,,100.19613870000467,,,,,,,,,100.18081069999607,1.0155912999762222,114.06346809997922,[0.7324074074074074],[0.3731481481481482],[1],[0],[0],[13.87719890003791],,,,,,,,,,,,,,2011_1500_SB4_07,001,2023-11-20_15h37.48.773,3_End,2023.2.3,60.016084314294645,2023-11-20 15h38.01.673689 +0000,
9,3,chair,chaircn,./stims/CritBystanders/scissors.jpeg,./stims/CritBystanders/chaircn.jpeg,RR,RR_6,,,,,,,,,0,8,8,8,,,,,114.07954499998596,,,,,,,,,114.06406190001871,0.9990121999871917,121.12994820001768,[0.7324074074074074],[0.3731481481481482],[1],[0],[0],[7.060792199976277],,,,,,,,,,,,,,2011_1500_SB4_07,001,2023-11-20_15h37.48.773,3_End,2023.2.3,60.016084314294645,2023-11-20 15h38.01.673689 +0000,
10,3,shoes,shoescn,./stims/CritBystanders/soccerball.jpeg,./stims/CritBystanders/shoescn.jpeg,SR,SR_7,,,,,,,,,0,9,9,9,,,,,121.1462100999779,,,,,,,,,121.13054529996589,0.999278899980709,125.81355159997474,[0.7324074074074074],[0.3731481481481482],[1],[0],[0],[4.677443199965637],,,,,,,,,,,,,,2011_1500_SB4_07,001,2023-11-20_15h37.48.773,3_End,2023.2.3,60.016084314294645,2023-11-20 15h38.01.673689 +0000,
11,3,backpack,backpackcn,./stims/CritBystanders/crate.jpeg,./stims/CritBystanders/backpackcn.jpeg,SS,SS_8,,,,,,,,,0,10,10,10,,,,,125.82953099999577,,,,,,,,,125.8141327999765,1.015671300003305,130.09677900001407,[0.7324074074074074],[0.3731481481481482],[1],[0],[0],[4.276967799989507],,,,,,,,,,,,,,2011_1500_SB4_07,001,2023-11-20_15h37.48.773,3_End,2023.2.3,60.016084314294645,2023-11-20 15h38.01.673689 +0000,
12,3,toiletpaper,toiletpapercn,./stims/CritBystanders/walkman.jpeg,./stims/CritBystanders/toiletpapercn.jpeg,RS,RS_2,,,,,,,,,0,11,11,11,,,,,130.11290289997123,,,,,,,,,130.09736559999874,0.9991053999983706,134.74670730001526,[0.762962962962963],[0.3824074074074074],[1],[0],[0],[4.643922000017483],,,,,,,,,,,,,,2011_1500_SB4_07,001,2023-11-20_15h37.48.773,3_End,2023.2.3,60.016084314294645,2023-11-20 15h38.01.673689 +0000,
13,4,electriccord,electriccordcn,./stims/CritBystanders/computer.jpeg,./stims/CritBystanders/electriccordcn.jpeg,RR,RR_1,,,,,,,,,0,12,12,12,,,,,134.76291210000636,,,,,,,,,134.74729570001364,0.9991789999767207,150.74653110001236,[],[],[],[],[],[],15.999202299979515,,,,,,,,,,,,,2011_1500_SB4_07,001,2023-11-20_15h37.48.773,3_End,2023.2.3,60.016084314294645,2023-11-20 15h38.01.673689 +0000,
14,4,computer,computercn,./stims/CritBystanders/cards.jpeg,./stims/CritBystanders/computercn.jpeg,RS,RS_1,,,,,,,,,0,13,13,13,,,,,150.76294759998564,,,,,,,,,150.74705349997384,0.9992327999789268,158.71355649997713,[0.762962962962963],[0.3824074074074074],[1],[0],[0],[7.961574600019958],,,,,,,,,,,,,,2011_1500_SB4_07,001,2023-11-20_15h37.48.773,3_End,2023.2.3,60.016084314294645,2023-11-20 15h38.01.673689 +0000,
15,4,telephone,telephonecn,./stims/CritBystanders/calculator.jpeg,./stims/CritBystanders/telephonecn.jpeg,SS,SS_4,,,,,,,,,0,14,14,14,,,,,158.7296733999974,,,,,,,,,158.71409849997144,0.9991087999660522,167.84694339998532,[0.762962962962963],[0.3824074074074074],[1],[0],[0],[9.127507800003514],,,,,,,,,,,,,,2011_1500_SB4_07,001,2023-11-20_15h37.48.773,3_End,2023.2.3,60.016084314294645,2023-11-20 15h38.01.673689 +0000,
16,4,umbrella,umbrellacn,./stims/CritBystanders/telephone.jpeg,./stims/CritBystanders/umbrellacn.jpeg,SR,SR_4,,,,,,,,,0,15,15,15,,,,,167.8629703000188,,,,,,,,,167.84753779997118,0.9990127000492066,172.31360359996324,[0.762962962962963],[0.3824074074074074],[1],[0],[0],[4.460534500016365],,,,,,,,,,,,,,2011_1500_SB4_07,001,2023-11-20_15h37.48.773,3_End,2023.2.3,60.016084314294645,2023-11-20 15h38.01.673689 +0000,
17,5,bucket,bucketcn,./stims/CritBystanders/fan.jpeg,./stims/CritBystanders/bucketcn.jpeg,RR,RR_3,,,,,,,,,0,16,16,16,,,,,172.32965039997362,,,,,,,,,172.31420169997727,1.0157215999788605,184.58014119998552,[0.762962962962963],[0.3824074074074074],[1],[0],[0],[12.26080990000628],,,,,,,,,,,,,,2011_1500_SB4_07,001,2023-11-20_15h37.48.773,3_End,2023.2.3,60.016084314294645,2023-11-20 15h38.01.673689 +0000,
18,5,watch,watchcn,./stims/CritBystanders/candle.jpeg,./stims/CritBystanders/watchcn.jpeg,RS,RS_8,,,,,,,,,0,17,17,17,,,,,184.59637719998136,,,,,,,,,184.58072039997205,0.9992528999573551,188.38030740001705,[0.762962962962963],[0.3824074074074074],[1],[0],[0],[3.794116699951701],,,,,,,,,,,,,,2011_1500_SB4_07,001,2023-11-20_15h37.48.773,3_End,2023.2.3,60.016084314294645,2023-11-20 15h38.01.673689 +0000,
19,5,keys,keyscn,./stims/CritBystanders/bucket.jpeg,./stims/CritBystanders/keyscn.jpeg,SS,SS_3,,,,,,,,,0,18,18,18,,,,,188.39639599999646,,,,,,,,,188.38089239998953,0.9990384000120685,201.4969983000192,[0.762962962962963],[0.3824074074074074],[1],[0],[0],[13.110484600008931],,,,,,,,,,,,,,2011_1500_SB4_07,001,2023-11-20_15h37.48.773,3_End,2023.2.3,60.016084314294645,2023-11-20 15h38.01.673689 +0000,
20,5,comb,combcn,./stims/CritBystanders/peacock.jpeg,./stims/CritBystanders/combcn.jpeg,SR,SR_5,,,,,,,,,0,19,19,19,,,,,201.51306969998404,,,,,,,,,201.4975961999735,0.999033700034488,215.9137095999904,[0.762962962962963],[0.3824074074074074],[1],[0],[0],[14.410640300018713],,,,,,,,,,,,,,2011_1500_SB4_07,001,2023-11-20_15h37.48.773,3_End,2023.2.3,60.016084314294645,2023-11-20 15h38.01.673689 +0000,
21,6,video,videocn,./stims/CritBystanders/iron.jpeg,./stims/CritBystanders/videocn.jpeg,RR,RR_7,,,,,,,,,0,20,20,20,,,,,215.92978569999104,,,,,,,,,215.9142986999941,0.9990265999804251,220.01367710001068,[0.762962962962963],[0.3824074074074074],[1],[0],[0],[4.093737099959981],,,,,,,,,,,,,,2011_1500_SB4_07,001,2023-11-20_15h37.48.773,3_End,2023.2.3,60.016084314294645,2023-11-20 15h38.01.673689 +0000,
22,6,chessboard,chessboardcn,./stims/CritBystanders/chair.jpeg,./stims/CritBystanders/chessboardcn.jpeg,SS,SS_6,,,,,,,,,0,21,21,21,,,,,220.02978270000312,,,,,,,,,220.01426969998283,0.9990505000459962,236.0134701000061,[],[],[],[],[],[],15.99914390000049,,,,,,,,,,,,,2011_1500_SB4_07,001,2023-11-20_15h37.48.773,3_End,2023.2.3,60.016084314294645,2023-11-20 15h38.01.673689 +0000,
23,6,guitar,guitarcn,./stims/CritBystanders/umbrella.jpeg,./stims/CritBystanders/guitarcn.jpeg,RS,RS_4,,,,,,,,,0,22,22,22,,,,,236.0298080999637,,,,,,,,,236.01400749996537,0.9991050999960862,249.79713029996492,[0.762962962962963],[0.3824074074074074],[1],[0],[0],[13.777131500013638],,,,,,,,,,,,,,2011_1500_SB4_07,001,2023-11-20_15h37.48.773,3_End,2023.2.3,60.016084314294645,2023-11-20 15h38.01.673689 +0000,
24,6,walkman,walkmancn,./stims/CritBystanders/books.jpeg,./stims/CritBystanders/walkmancn.jpeg,SR,SR_2,,,,,,,,,0,23,23,23,,,,,249.81322100001853,,,,,,,,,249.79771879996406,0.999047800025437,264.64725679997355,[0.762962962962963],[0.3824074074074074],[1],[0],[0],[14.844431200006511],,,,,,,,,,,,,,2011_1500_SB4_07,001,2023-11-20_15h37.48.773,3_End,2023.2.3,60.016084314294645,2023-11-20 15h38.01.673689 +0000,
25,7,candle,candlecn,./stims/CritBystanders/backpack.jpeg,./stims/CritBystanders/candlecn.jpeg,SR,SR_8,,,,,,,,,0,24,24,24,,,,,264.6632290999987,,,,,,,,,264.6478524999693,1.0156016999972053,268.28050679998705,[0.762962962962963],[0.3824074074074074],[1],[0],[0],[3.6271137000294402],,,,,,,,,,,,,,2011_1500_SB4_07,001,2023-11-20_15h37.48.773,3_End,2023.2.3,60.016084314294645,2023-11-20 15h38.01.673689 +0000,
26,7,calculator,calculatorcn,./stims/CritBystanders/guitar.jpeg,./stims/CritBystanders/calculatorcn.jpeg,RR,RR_4,,,,,,,,,0,25,25,25,,,,,268.29658349999227,,,,,,,,,268.2810949999839,0.9991073999553919,281.46386179997353,[0.762962962962963],[0.3824074074074074],[1],[0],[0],[13.177317399997264],,,,,,,,,,,,,,2011_1500_SB4_07,001,2023-11-20_15h37.48.773,3_End,2023.2.3,60.016084314294645,2023-11-20 15h38.01.673689 +0000,
27,7,iron,ironcn,./stims/CritBystanders/shoes.jpeg,./stims/CritBystanders/ironcn.jpeg,RS,RS_7,,,,,,,,,0,26,26,26,,,,,281.4799685999751,,,,,,,,,281.46445219998714,0.9990492999786511,285.6472522999975,[0.762962962962963],[0.3824074074074074],[1],[0],[0],[4.177087599993683],,,,,,,,,,,,,,2011_1500_SB4_07,001,2023-11-20_15h37.48.773,3_End,2023.2.3,60.016084314294645,2023-11-20 15h38.01.673689 +0000,
28,7,soccerball,soccerballcn,./stims/CritBystanders/video.jpeg,./stims/CritBystanders/soccerballcn.jpeg,SS,SS_7,,,,,,,,,0,27,27,27,,,,,285.6632905000006,,,,,,,,,285.64784669998335,1.0156707999994978,300.16404190001776,[0.762962962962963],[0.3824074074074074],[1],[0],[0],[14.510853999992833],,,,,,,,,,,,,,2011_1500_SB4_07,001,2023-11-20_15h37.48.773,3_End,2023.2.3,60.016084314294645,2023-11-20 15h38.01.673689 +0000,
29,8,fan,fancn,./stims/CritBystanders/coffeemug.jpeg,./stims/CritBystanders/fancn.jpeg,RS,RS_3,,,,,,,,,0,28,28,28,,,,,300.1799806000199,,,,,,,,,300.16460209997604,1.0155692000407726,311.414189299976,[0.762962962962963],[0.3824074074074074],[1],[0],[0],[11.244072900037281],,,,,,,,,,,,,,2011_1500_SB4_07,001,2023-11-20_15h37.48.773,3_End,2023.2.3,60.016084314294645,2023-11-20 15h38.01.673689 +0000,
30,8,cards,cardscn,./stims/CritBystanders/stapler.jpeg,./stims/CritBystanders/cardscn.jpeg,SR,SR_1,,,,,,,,,0,29,29,29,,,,,311.4306644999888,,,,,,,,,311.41478350001853,1.015442300005816,323.0306630000123,[0.762962962962963],[0.3824074074074074],[1],[0],[0],[11.610091099981219],,,,,,,,,,,,,,2011_1500_SB4_07,001,2023-11-20_15h37.48.773,3_End,2023.2.3,60.016084314294645,2023-11-20 15h38.01.673689 +0000,
31,8,peacock,peacockcn,./stims/CritBystanders/wastebasket.jpeg,./stims/CritBystanders/peacockcn.jpeg,SS,SS_5,,,,,,,,,0,30,30,30,,,,,323.04672169999685,,,,,,,,,323.03125190001447,0.9990599000011571,337.04736149997916,[0.762962962962963],[0.3824074074074074],[1],[0],[0],[14.010585400043055],,,,,,,,,,,,,,2011_1500_SB4_07,001,2023-11-20_15h37.48.773,3_End,2023.2.3,60.016084314294645,2023-11-20 15h38.01.673689 +0000,
32,8,crate,cratecn,./stims/CritBystanders/watch.jpeg,./stims/CritBystanders/cratecn.jpeg,RR,RR_8,,,,,,,,,0,31,31,31,,,,,337.063428799971,,,,,,,,,337.04796070000157,1.0156768000451848,343.7807673999923,[0.762962962962963],[0.3824074074074074],[1],[0],[0],[6.727085999969859],,,,,,,,,,,,,,2011_1500_SB4_07,001,2023-11-20_15h37.48.773,3_End,2023.2.3,60.016084314294645,2023-11-20 15h38.01.673689 +0000,
,,,,,,,,,,,,,,,,,,,,,,,,,,343.7812486999901,343.79675330000464,343.79675330000464,356.58073619997595,space,12.77188070002012,None,,,,,,,,,,,,,,,,,,,,,,,2011_1500_SB4_07,001,2023-11-20_15h37.48.773,3_End,2023.2.3,60.016084314294645,2023-11-20 15h38.01.673689 +0000,
,,,,,,,,1,1,pan,pancn,./stims/AcqBystanders/pan.jpeg,./stims/AcqBystanders/pancn.jpeg,SS,SS_2,,,,,0,0,0,0,356.6137217999785,,,,,,,,,,,,,,,,,,,356.5896206999896,0.9993935999809764,368.7141541999881,[0.762962962962963],[0.3824074074074074],[1],[0],[0],[12.1070519000059],,,,2011_1500_SB4_07,001,2023-11-20_15h37.48.773,3_End,2023.2.3,60.016084314294645,2023-11-20 15h38.01.673689 +0000,
,,,,,,,,2,1,lightbulb,lightbulbcn,./stims/AcqBystanders/lightbulb.jpeg,./stims/AcqBystanders/lightbulbcn.jpeg,SR,SR_3,,,,,0,1,1,1,368.8305260000052,,,,,,,,,,,,,,,,,,,368.7150600000168,1.0152783999801613,380.09746929997345,[0.762962962962963],[0.3824074074074074],[1],[0],[0],[11.28477909998037],,,,2011_1500_SB4_07,001,2023-11-20_15h37.48.773,3_End,2023.2.3,60.016084314294645,2023-11-20 15h38.01.673689 +0000,
,,,,,,,,3,1,shampoo,shampoocn,./stims/AcqBystanders/shampoo.jpeg,./stims/AcqBystanders/shampoocn.jpeg,RS,RS_4,,,,,0,2,2,2,380.13055830000667,,,,,,,,,,,,,,,,,,,380.0980563000194,0.9990549000212923,396.0971522000036,[],[],[],[],[],[],15.999039700021967,,,2011_1500_SB4_07,001,2023-11-20_15h37.48.773,3_End,2023.2.3,60.016084314294645,2023-11-20 15h38.01.673689 +0000,
,,,,,,,,4,1,mandms,mandmscn,./stims/AcqBystanders/mandms.jpeg,./stims/AcqBystanders/mandmscn.jpeg,RR,RR_2,,,,,0,3,3,3,396.1135436000186,,,,,,,,,,,,,,,,,,,396.097653099976,0.9990576999844052,407.83081949996995,[0.762962962962963],[0.3824074074074074],[1],[0],[0],[11.724429800000507],,,,2011_1500_SB4_07,001,2023-11-20_15h37.48.773,3_End,2023.2.3,60.016084314294645,2023-11-20 15h38.01.673689 +0000,
,,,,,,,,5,1,sheet,sheetcn,./stims/AcqBystanders/sheet.jpeg,./stims/AcqBystanders/sheetcn.jpeg,RS,RS_3,,,,,0,4,4,4,407.84691799996654,,,,,,,,,,,,,,,,,,,407.8314180999878,0.9990991000086069,413.464244599978,[0.762962962962963],[0.3824074074074074],[1],[0],[0],[5.626204600033816],,,,2011_1500_SB4_07,001,2023-11-20_15h37.48.773,3_End,2023.2.3,60.016084314294645,2023-11-20 15h38.01.673689 +0000,
,,,,,,,,6,1,bottle,bottlecn,./stims/AcqBystanders/bottle.jpeg,./stims/AcqBystanders/bottlecn.jpeg,SS,SS_1,,,,,0,5,5,5,413.48024639999494,,,,,,,,,,,,,,,,,,,413.4648330999771,0.9990204999921843,425.9142054999829,[0.762962962962963],[0.3824074074074074],[1],[0],[0],[12.443551799980924],,,,2011_1500_SB4_07,001,2023-11-20_15h37.48.773,3_End,2023.2.3,60.016084314294645,2023-11-20 15h38.01.673689 +0000,
,,,,,,,,7,1,trunk,trunkcn,./stims/AcqBystanders/trunk.jpeg,./stims/AcqBystanders/trunkcn.jpeg,SR,SR_1,,,,,0,6,6,6,425.93033569998806,,,,,,,,,,,,,,,,,,,425.91481529996963,0.9990953000378795,441.91390450001927,[],[],[],[],[],[],15.999058399989735,,,2011_1500_SB4_07,001,2023-11-20_15h37.48.773,3_End,2023.2.3,60.016084314294645,2023-11-20 15h38.01.673689 +0000,
,,,,,,,,8,1,can,cancn,./stims/AcqBystanders/can.jpeg,./stims/AcqBystanders/cancn.jpeg,RR,RR_3,,,,,0,7,7,7,441.93033010000363,,,,,,,,,,,,,,,,,,,441.91442459996324,0.9990919000119902,457.79745670000557,[0.762962962962963],[0.3824074074074074],[1],[0],[0],[15.87762980000116],,,,2011_1500_SB4_07,001,2023-11-20_15h37.48.773,3_End,2023.2.3,60.016084314294645,2023-11-20 15h38.01.673689 +0000,
,,,,,,,,9,1,towel,towelcn,./stims/AcqBystanders/towel.jpeg,./stims/AcqBystanders/towelcn.jpeg,RS,RS_1,,,,,0,8,8,8,457.81374489999143,,,,,,,,,,,,,,,,,,,457.79804610001156,0.9992128000012599,472.7309926999733,[0.762962962962963],[0.3824074074074074],[1],[0],[0],[14.927604099968448],,,,2011_1500_SB4_07,001,2023-11-20_15h37.48.773,3_End,2023.2.3,60.016084314294645,2023-11-20 15h38.01.673689 +0000,
,,,,,,,,10,1,fireextinguisher,fireextinguishercn,./stims/AcqBystanders/fireextinguisher.jpeg,./stims/AcqBystanders/fireextinguishercn.jpeg,RR,RR_1,,,,,0,9,9,9,472.7470856999862,,,,,,,,,,,,,,,,,,,472.7315369999851,0.9991401999723166,487.1810530999792,[0.762962962962963],[0.3824074074074074],[1],[0],[0],[14.443637499993201],,,,2011_1500_SB4_07,001,2023-11-20_15h37.48.773,3_End,2023.2.3,60.016084314294645,2023-11-20 15h38.01.673689 +0000,
,,,,,,,,11,1,passport,passportcn,./stims/AcqBystanders/passport.jpeg,./stims/AcqBystanders/passportcn.jpeg,SS,SS_3,,,,,0,10,10,10,487.1971157999942,,,,,,,,,,,,,,,,,,,487.1816543000168,0.9990501999855042,493.4144272999838,[0.762962962962963],[0.3824074074074074],[1],[0],[0],[6.225752500002272],,,,2011_1500_SB4_07,001,2023-11-20_15h37.48.773,3_End,2023.2.3,60.016084314294645,2023-11-20 15h38.01.673689 +0000,
,,,,,,,,12,1,headphones,headphonescn,./stims/AcqBystanders/headphones.jpeg,./stims/AcqBystanders/headphonescn.jpeg,SR,SR_2,,,,,0,11,11,11,493.43045990000246,,,,,,,,,,,,,,,,,,,493.41502149996813,1.0156406000023708,503.7644066999783,[0.762962962962963],[0.3824074074074074],[1],[0],[0],[10.343813899962697],,,,2011_1500_SB4_07,001,2023-11-20_15h37.48.773,3_End,2023.2.3,60.016084314294645,2023-11-20 15h38.01.673689 +0000,
,,,,,,,,13,1,perfume,perfumecn,./stims/AcqBystanders/perfume.jpeg,./stims/AcqBystanders/perfumecn.jpeg,SR,SR_4,,,,,0,12,12,12,503.7805320000043,,,,,,,,,,,,,,,,,,,503.7649960999843,0.9990680999471806,515.0977795000072,[0.762962962962963],[0.3824074074074074],[1],[0],[0],[11.327113199979067],,,,2011_1500_SB4_07,001,2023-11-20_15h37.48.773,3_End,2023.2.3,60.016084314294645,2023-11-20 15h38.01.673689 +0000,
,,,,,,,,14,1,cup,cupcn,./stims/AcqBystanders/cup.jpeg,./stims/AcqBystanders/cupcn.jpeg,RS,RS_2,,,,,0,13,13,13,515.1976477999706,,,,,,,,,,,,,,,,,,,515.0983730999869,0.9991314000217244,526.6644465000136,[0.762962962962963],[0.3824074074074074],[1],[0],[0],[11.477602800005116],,,,2011_1500_SB4_07,001,2023-11-20_15h37.48.773,3_End,2023.2.3,60.016084314294645,2023-11-20 15h38.01.673689 +0000,
,,,,,,,,,,,,,,,,,,,,,,,,,,,,,,,,,,,,,,,,,,,,,,,,,,,,,526.6648976000142,526.6804984000046,,,,,,,,
