﻿order_ext,blk_ext,bystander_ext,test_item_ext,bystander_loc_ext,test_item_loc_ext,trial_type_ext,itemNo_ext,order_cond_acq,blk_cond_acq,bystander_cond_acq,test_item_cond_acq,bystander_loc_cond_acq,test_item_loc_cond_acq,trial_type_cond_acq,itemNo_cond_acq,trials.thisRepN,trials.thisTrialN,trials.thisN,trials.thisIndex,trials_2.thisRepN,trials_2.thisTrialN,trials_2.thisN,trials_2.thisIndex,thisRow.t,notes,INSTRUCTION.started,instruct1.started,ok1.started,INSTRUCTION.stopped,ok1.keys,ok1.rt,ok1.duration,END_EXT.started,mouse_ext.started,END_EXT.stopped,mouse_ext.x,mouse_ext.y,mouse_ext.leftButton,mouse_ext.midButton,mouse_ext.rightButton,mouse_ext.time,mouse_ext.stopped,END_ACQ.started,mouse_cond.started,END_ACQ.stopped,mouse_cond.x,mouse_cond.y,mouse_cond.leftButton,mouse_cond.midButton,mouse_cond.rightButton,mouse_cond.time,mouse_cond.stopped,thanks.started,thanksMsg.started,participant,session,date,expName,psychopyVersion,frameRate,expStart,
,,,,,,,,,,,,,,,,,,,,,,,,,,0.02079879998927936,0.0373556999838911,0.0373556999838911,20.771364599990193,space,20.729068999993615,None,,,,,,,,,,,,,,,,,,,,,,,2011_1000_SB3_06,001,2023-11-20_10h42.59.211,3_End,2023.2.3,59.98854219198251,2023-11-20 10h43.11.461960 +0000,
1,1,walkman,walkmancn,./stims/CritBystanders/cap.jpeg,./stims/CritBystanders/walkmancn.jpeg,SS,SS_2,,,,,,,,,0,0,0,0,,,,,20.820725800003856,,,,,,,,,20.785078299988527,0.9993774999747984,35.7882161999587,[0.887962962962963],[0.5],[1],[0],[0],[14.985172000015154],,,,,,,,,,,,,,2011_1000_SB3_06,001,2023-11-20_10h42.59.211,3_End,2023.2.3,59.98854219198251,2023-11-20 10h43.11.461960 +0000,
2,1,scissors,scissorscn,./stims/CritBystanders/chessboard.jpeg,./stims/CritBystanders/scissorscn.jpeg,SR,SR_6,,,,,,,,,0,1,1,1,,,,,35.80410549999215,,,,,,,,,35.78920800000196,1.0151886999956332,47.15469629998552,[0.887962962962963],[0.5],[1],[0],[0],[11.359953099978156],,,,,,,,,,,,,,2011_1000_SB3_06,001,2023-11-20_10h42.59.211,3_End,2023.2.3,59.98854219198251,2023-11-20 10h43.11.461960 +0000,
3,1,chair,chaircn,./stims/CritBystanders/wallet.jpeg,./stims/CritBystanders/chaircn.jpeg,RS,RS_6,,,,,,,,,0,2,2,2,,,,,47.17076869995799,,,,,,,,,47.155234800011385,0.9990605000057258,51.58812039997429,[0.887962962962963],[0.5],[1],[0],[0],[4.428048699977808],,,,,,,,,,,,,,2011_1000_SB3_06,001,2023-11-20_10h42.59.211,3_End,2023.2.3,59.98854219198251,2023-11-20 10h43.11.461960 +0000,
4,1,peacock,peacockcn,./stims/CritBystanders/clipboard.jpeg,./stims/CritBystanders/peacockcn.jpeg,RR,RR_5,,,,,,,,,0,3,3,3,,,,,51.604100099997595,,,,,,,,,51.58870899997419,1.0156866000033915,61.57135649997508,[0.8833333333333333],[0.5],[1],[0],[0],[9.977076200011652],,,,,,,,,,,,,,2011_1000_SB3_06,001,2023-11-20_10h42.59.211,3_End,2023.2.3,59.98854219198251,2023-11-20 10h43.11.461960 +0000,
5,2,wastebasket,wastebasketcn,./stims/CritBystanders/comb.jpeg,./stims/CritBystanders/wastebasketcn.jpeg,RS,RS_5,,,,,,,,,0,4,4,4,,,,,61.58750979998149,,,,,,,,,61.57194779999554,0.9990915000089444,65.17145439999877,[0.8833333333333333],[0.5],[1],[0],[0],[3.5940916999825276],,,,,,,,,,,,,,2011_1000_SB3_06,001,2023-11-20_10h42.59.211,3_End,2023.2.3,59.98854219198251,2023-11-20 10h43.11.461960 +0000,
6,2,card,cardcn,./stims/CritBystanders/electriccord.jpeg,./stims/CritBystanders/cardscn.jpeg,SS,SS_1,,,,,,,,,0,5,5,5,,,,,65.18748510000296,,,,,,,,,65.17204749997472,1.0156811999622732,70.25475049996749,[0.8833333333333333],[0.5],[1],[0],[0],[5.077330800006166],,,,,,,,,,,,,,2011_1000_SB3_06,001,2023-11-20_10h42.59.211,3_End,2023.2.3,59.98854219198251,2023-11-20 10h43.11.461960 +0000,
7,2,books,bookscn,./stims/CritBystanders/toiletpaper.jpeg,./stims/CritBystanders/bookscn.jpeg,RR,RR_2,,,,,,,,,0,6,6,6,,,,,70.27089519996662,,,,,,,,,70.2553532999591,0.9990378000074998,76.13813699997263,[0.8833333333333333],[0.5],[1],[0],[0],[5.877834499988239],,,,,,,,,,,,,,2011_1000_SB3_06,001,2023-11-20_10h42.59.211,3_End,2023.2.3,59.98854219198251,2023-11-20 10h43.11.461960 +0000,
8,2,fan,fancn,./stims/CritBystanders/keys.jpeg,./stims/CritBystanders/fancn.jpeg,SR,SR_3,,,,,,,,,0,7,7,7,,,,,76.15420749998884,,,,,,,,,76.13871859997744,0.9990234999568202,82.63819959998364,[0.8824074074074074],[0.5],[1],[0],[0],[6.493980599974748],,,,,,,,,,,,,,2011_1000_SB3_06,001,2023-11-20_10h42.59.211,3_End,2023.2.3,59.98854219198251,2023-11-20 10h43.11.461960 +0000,
9,3,chessboard,chessboardcn,./stims/CritBystanders/scissors.jpeg,./stims/CritBystanders/chessboardcn.jpeg,RR,RR_6,,,,,,,,,0,8,8,8,,,,,82.6542282999726,,,,,,,,,82.63878469995689,1.01567440002691,88.42140659998404,[0.8824074074074074],[0.5],[1],[0],[0],[5.777417600038461],,,,,,,,,,,,,,2011_1000_SB3_06,001,2023-11-20_10h42.59.211,3_End,2023.2.3,59.98854219198251,2023-11-20 10h43.11.461960 +0000,
10,3,iron,ironcn,./stims/CritBystanders/soccerball.jpeg,./stims/CritBystanders/ironcn.jpeg,SR,SR_7,,,,,,,,,0,9,9,9,,,,,88.43756459996803,,,,,,,,,88.42198899999494,0.9991353000514209,96.23814879998099,[0.8824074074074074],[0.5],[1],[0],[0],[7.8106645999941975],,,,,,,,,,,,,,2011_1000_SB3_06,001,2023-11-20_10h42.59.211,3_End,2023.2.3,59.98854219198251,2023-11-20 10h43.11.461960 +0000,
11,3,candle,candlecn,./stims/CritBystanders/crate.jpeg,./stims/CritBystanders/candlecn.jpeg,SS,SS_8,,,,,,,,,0,10,10,10,,,,,96.25422319996869,,,,,,,,,96.23874080000678,0.9990646000369452,99.7381361000007,[0.8824074074074074],[0.5],[1],[0],[0],[3.4940900999936275],,,,,,,,,,,,,,2011_1000_SB3_06,001,2023-11-20_10h42.59.211,3_End,2023.2.3,59.98854219198251,2023-11-20 10h43.11.461960 +0000,
12,3,cap,capcn,./stims/CritBystanders/walkman.jpeg,./stims/CritBystanders/capcn.jpeg,RS,RS_2,,,,,,,,,0,11,11,11,,,,,99.75423449999653,,,,,,,,,99.73866599996109,0.9991143000079319,108.37148809997598,[0.8824074074074074],[0.5],[1],[0],[0],[8.627531600010116],,,,,,,,,,,,,,2011_1000_SB3_06,001,2023-11-20_10h42.59.211,3_End,2023.2.3,59.98854219198251,2023-11-20 10h43.11.461960 +0000,
13,4,stapler,staplercn,./stims/CritBystanders/computer.jpeg,./stims/CritBystanders/staplercn.jpeg,RR,RR_1,,,,,,,,,0,12,12,12,,,,,108.38763289997587,,,,,,,,,108.37201970000751,0.9991308000171557,112.47152239998104,[0.8824074074074074],[0.5],[1],[0],[0],[4.094143500027712],,,,,,,,,,,,,,2011_1000_SB3_06,001,2023-11-20_10h42.59.211,3_End,2023.2.3,59.98854219198251,2023-11-20 10h43.11.461960 +0000,
14,4,electriccord,electriccordcn,./stims/CritBystanders/cards.jpeg,./stims/CritBystanders/electriccordcn.jpeg,RS,RS_1,,,,,,,,,0,13,13,13,,,,,112.48757719999412,,,,,,,,,112.47210730001098,0.9990949999773875,128.47123520000605,[],[],[],[],[],[],15.999112699995749,,,,,,,,,,,,,2011_1000_SB3_06,001,2023-11-20_10h42.59.211,3_End,2023.2.3,59.98854219198251,2023-11-20 10h43.11.461960 +0000,
15,4,umbrella,umbrellacn,./stims/CritBystanders/calculator.jpeg,./stims/CritBystanders/umbrellacn.jpeg,SS,SS_4,,,,,,,,,0,14,14,14,,,,,128.48762169998372,,,,,,,,,128.4719485999667,0.9990993000101298,132.97141339996597,[0.8824074074074074],[0.5],[1],[0],[0],[4.494185500021558],,,,,,,,,,,,,,2011_1000_SB3_06,001,2023-11-20_10h42.59.211,3_End,2023.2.3,59.98854219198251,2023-11-20 10h43.11.461960 +0000,
16,4,guitar,guitarcn,./stims/CritBystanders/telephone.jpeg,./stims/CritBystanders/guitarcn.jpeg,SR,SR_4,,,,,,,,,0,15,15,15,,,,,132.98764549999032,,,,,,,,,132.9719493999728,0.9993376000202261,136.55491479998454,[0.8824074074074074],[0.5],[1],[0],[0],[3.577242599974852],,,,,,,,,,,,,,2011_1000_SB3_06,001,2023-11-20_10h42.59.211,3_End,2023.2.3,59.98854219198251,2023-11-20 10h43.11.461960 +0000,
17,5,keys,keyscn,./stims/CritBystanders/fan.jpeg,./stims/CritBystanders/keyscn.jpeg,RR,RR_3,,,,,,,,,0,16,16,16,,,,,136.5709882999654,,,,,,,,,136.5554981000023,0.999049800040666,152.55485529999714,[],[],[],[],[],[],15.999140700034332,,,,,,,,,,,,,2011_1000_SB3_06,001,2023-11-20_10h42.59.211,3_End,2023.2.3,59.98854219198251,2023-11-20 10h43.11.461960 +0000,
18,5,crate,cratecn,./stims/CritBystanders/candle.jpeg,./stims/CritBystanders/cratecn.jpeg,RS,RS_8,,,,,,,,,0,17,17,17,,,,,152.5710773000028,,,,,,,,,152.555437300005,0.9991400000290014,168.5546735000098,[],[],[],[],[],[],15.999106900009792,,,,,,,,,,,,,2011_1000_SB3_06,001,2023-11-20_10h42.59.211,3_End,2023.2.3,59.98854219198251,2023-11-20 10h43.11.461960 +0000,
19,5,coffeemug,coffeemugcn,./stims/CritBystanders/bucket.jpeg,./stims/CritBystanders/coffeemugcn.jpeg,SS,SS_3,,,,,,,,,0,18,18,18,,,,,168.571097499982,,,,,,,,,168.55517919996055,0.999132200027816,182.62151719996473,[0.8824074074074074],[0.5],[1],[0],[0],[14.060957600013353],,,,,,,,,,,,,,2011_1000_SB3_06,001,2023-11-20_10h42.59.211,3_End,2023.2.3,59.98854219198251,2023-11-20 10h43.11.461960 +0000,
20,5,clipboard,clipboardcn,./stims/CritBystanders/peacock.jpeg,./stims/CritBystanders/clipboardcn.jpeg,SR,SR_5,,,,,,,,,0,19,19,19,,,,,182.63776209997013,,,,,,,,,182.62212339998223,0.9992372999549843,196.80514989997027,[0.8824074074074074],[0.5],[1],[0],[0],[14.177415999991354],,,,,,,,,,,,,,2011_1000_SB3_06,001,2023-11-20_10h42.59.211,3_End,2023.2.3,59.98854219198251,2023-11-20 10h43.11.461960 +0000,
21,6,soccerball,soccerballcn,./stims/CritBystanders/iron.jpeg,./stims/CritBystanders/soccerballcn.jpeg,RR,RR_7,,,,,,,,,0,20,20,20,,,,,196.8211636999622,,,,,,,,,196.80574239999987,1.0156212000292726,206.83838939998532,[0.8824074074074074],[0.5],[1],[0],[0],[10.027478599979077],,,,,,,,,,,,,,2011_1000_SB3_06,001,2023-11-20_10h42.59.211,3_End,2023.2.3,59.98854219198251,2023-11-20 10h43.11.461960 +0000,
22,6,wallet,walletcn,./stims/CritBystanders/chair.jpeg,./stims/CritBystanders/walletcn.jpeg,SS,SS_6,,,,,,,,,0,21,21,21,,,,,206.85448569996515,,,,,,,,,206.83898120000958,0.9991103000356816,210.40510029997677,[0.8824074074074074],[0.5],[1],[0],[0],[3.5607412999961525],,,,,,,,,,,,,,2011_1000_SB3_06,001,2023-11-20_10h42.59.211,3_End,2023.2.3,59.98854219198251,2023-11-20 10h43.11.461960 +0000,
23,6,calculator,calculatorcn,./stims/CritBystanders/umbrella.jpeg,./stims/CritBystanders/calculatorcn.jpeg,RS,RS_4,,,,,,,,,0,22,22,22,,,,,210.42115279997233,,,,,,,,,210.40569340001093,0.999109199969098,216.23842599999625,[0.8824074074074074],[0.5],[1],[0],[0],[5.827401499962434],,,,,,,,,,,,,,2011_1000_SB3_06,001,2023-11-20_10h42.59.211,3_End,2023.2.3,59.98854219198251,2023-11-20 10h43.11.461960 +0000,
24,6,toiletpaper,toiletpapercn,./stims/CritBystanders/books.jpeg,./stims/CritBystanders/toiletpapercn.jpeg,SR,SR_2,,,,,,,,,0,23,23,23,,,,,216.2711541999597,,,,,,,,,216.239009300014,0.9990520999999717,220.6550789999892,[0.8824074074074074],[0.5],[1],[0],[0],[4.405437299981713],,,,,,,,,,,,,,2011_1000_SB3_06,001,2023-11-20_10h42.59.211,3_End,2023.2.3,59.98854219198251,2023-11-20 10h43.11.461960 +0000,
25,7,watch,watchcn,./stims/CritBystanders/backpack.jpeg,./stims/CritBystanders/watchcn.jpeg,SR,SR_8,,,,,,,,,0,24,24,24,,,,,220.67118539998773,,,,,,,,,220.65566379996017,0.9991284999996424,235.67185189999873,[0.8824074074074074],[0.5],[1],[0],[0],[15.010713100025896],,,,,,,,,,,,,,2011_1000_SB3_06,001,2023-11-20_10h42.59.211,3_End,2023.2.3,59.98854219198251,2023-11-20 10h43.11.461960 +0000,
26,7,telephone,telephonecn,./stims/CritBystanders/guitar.jpeg,./stims/CritBystanders/telephonecn.jpeg,RR,RR_4,,,,,,,,,0,25,25,25,,,,,235.68793419998838,,,,,,,,,235.67244709999068,1.0156859999988228,242.3051906999899,[0.8824074074074074],[0.5],[1],[0],[0],[6.627050299954135],,,,,,,,,,,,,,2011_1000_SB3_06,001,2023-11-20_10h42.59.211,3_End,2023.2.3,59.98854219198251,2023-11-20 10h43.11.461960 +0000,
27,7,video,videocn,./stims/CritBystanders/shoes.jpeg,./stims/CritBystanders/videocn.jpeg,RS,RS_7,,,,,,,,,0,26,26,26,,,,,242.3212402999634,,,,,,,,,242.30579189996934,1.0156841999851167,246.35526390001178,[0.8740740740740741],[0.5],[1],[0],[0],[4.043884600047022],,,,,,,,,,,,,,2011_1000_SB3_06,001,2023-11-20_10h42.59.211,3_End,2023.2.3,59.98854219198251,2023-11-20 10h43.11.461960 +0000,
28,7,shoes,shoescn,./stims/CritBystanders/video.jpeg,./stims/CritBystanders/shoescn.jpeg,SS,SS_7,,,,,,,,,0,27,27,27,,,,,246.3712305999943,,,,,,,,,246.35584999999264,1.0156423000153154,254.00536269997247,[0.8740740740740741],[0.5],[1],[0],[0],[7.643819299992174],,,,,,,,,,,,,,2011_1000_SB3_06,001,2023-11-20_10h42.59.211,3_End,2023.2.3,59.98854219198251,2023-11-20 10h43.11.461960 +0000,
29,8,bucket,bucketcn,./stims/CritBystanders/coffeemug.jpeg,./stims/CritBystanders/bucketcn.jpeg,RS,RS_3,,,,,,,,,0,28,28,28,,,,,254.02124229999026,,,,,,,,,254.0059814999695,1.0155921999830753,259.38850429997547,[0.8740740740740741],[0.5],[1],[0],[0],[5.3769112000009045],,,,,,,,,,,,,,2011_1000_SB3_06,001,2023-11-20_10h42.59.211,3_End,2023.2.3,59.98854219198251,2023-11-20 10h43.11.461960 +0000,
30,8,computer,computercn,./stims/CritBystanders/stapler.jpeg,./stims/CritBystanders/computercn.jpeg,SR,SR_1,,,,,,,,,0,29,29,29,,,,,259.4046184999752,,,,,,,,,259.3891122000059,0.999080799985677,267.3553147999919,[0.8740740740740741],[0.5],[1],[0],[0],[7.960574899974745],,,,,,,,,,,,,,2011_1000_SB3_06,001,2023-11-20_10h42.59.211,3_End,2023.2.3,59.98854219198251,2023-11-20 10h43.11.461960 +0000,
31,8,comb,combcn,./stims/CritBystanders/wastebasket.jpeg,./stims/CritBystanders/combcn.jpeg,SS,SS_5,,,,,,,,,0,30,30,30,,,,,267.37128709995886,,,,,,,,,267.35586010001134,1.0156767999869771,274.85537989996374,[0.8740740740740741],[0.5],[1],[0],[0],[7.493606100033503],,,,,,,,,,,,,,2011_1000_SB3_06,001,2023-11-20_10h42.59.211,3_End,2023.2.3,59.98854219198251,2023-11-20 10h43.11.461960 +0000,
32,8,backpack,backpackcn,./stims/CritBystanders/watch.jpeg,./stims/CritBystanders/backpackcn.jpeg,RR,RR_8,,,,,,,,,0,31,31,31,,,,,274.8712884999695,,,,,,,,,274.8559527999605,1.0156377000384964,284.7221686000121,[0.85],[0.5],[1],[0],[0],[9.8603371999925],,,,,,,,,,,,,,2011_1000_SB3_06,001,2023-11-20_10h42.59.211,3_End,2023.2.3,59.98854219198251,2023-11-20 10h43.11.461960 +0000,
,,,,,,,,,,,,,,,,,,,,,,,,,,284.72263979999116,284.73803090001456,284.73803090001456,294.92189920000965,space,10.171090300020296,None,,,,,,,,,,,,,,,,,,,,,,,2011_1000_SB3_06,001,2023-11-20_10h42.59.211,3_End,2023.2.3,59.98854219198251,2023-11-20 10h43.11.461960 +0000,
,,,,,,,,1,1,pan,pancn,./stims/AcqBystanders/pan.jpeg,./stims/AcqBystanders/pancn.jpeg,SS,SS_2,,,,,0,0,0,0,295.1715766999987,,,,,,,,,,,,,,,,,,,295.1422298999969,0.9995183999999426,300.02181649999693,[0.887962962962963],[0.5],[1],[0],[0],[4.861047399987001],,,,2011_1000_SB3_06,001,2023-11-20_10h42.59.211,3_End,2023.2.3,59.98854219198251,2023-11-20 10h43.11.461960 +0000,
,,,,,,,,2,1,lightbulb,lightbulbcn,./stims/AcqBystanders/lightbulb.jpeg,./stims/AcqBystanders/lightbulbcn.jpeg,SR,SR_3,,,,,0,1,1,1,300.1385973999859,,,,,,,,,,,,,,,,,,,300.02272509998875,1.0155740000191145,316.03813870000886,[],[],[],[],[],[],,,,2011_1000_SB3_06,001,2023-11-20_10h42.59.211,3_End,2023.2.3,59.98854219198251,2023-11-20 10h43.11.461960 +0000,
,,,,,,,,3,1,shampoo,shampoocn,./stims/AcqBystanders/shampoo.jpeg,./stims/AcqBystanders/shampoocn.jpeg,RS,RS_4,,,,,0,2,2,2,316.0719181000022,,,,,,,,,,,,,,,,,,,316.03865100000985,1.0155583000159822,325.8553206999786,[0.887962962962963],[0.5],[1],[0],[0],[9.797844200045802],,,,2011_1000_SB3_06,001,2023-11-20_10h42.59.211,3_End,2023.2.3,59.98854219198251,2023-11-20 10h43.11.461960 +0000,
,,,,,,,,4,1,mandms,mandmscn,./stims/AcqBystanders/mandms.jpeg,./stims/AcqBystanders/mandmscn.jpeg,RR,RR_2,,,,,0,3,3,3,325.8714651999762,,,,,,,,,,,,,,,,,,,325.8559299999615,0.9991663999971934,332.3054242999642,[0.887962962962963],[0.5],[1],[0],[0],[6.4408552999957465],,,,2011_1000_SB3_06,001,2023-11-20_10h42.59.211,3_End,2023.2.3,59.98854219198251,2023-11-20 10h43.11.461960 +0000,
,,,,,,,,5,1,sheet,sheetcn,./stims/AcqBystanders/sheet.jpeg,./stims/AcqBystanders/sheetcn.jpeg,RS,RS_3,,,,,0,4,4,4,332.3215138000087,,,,,,,,,,,,,,,,,,,332.3061150999856,1.0155688999802805,337.4054185000132,[0.887962962962963],[0.5],[1],[0],[0],[5.0927106000017375],,,,2011_1000_SB3_06,001,2023-11-20_10h42.59.211,3_End,2023.2.3,59.98854219198251,2023-11-20 10h43.11.461960 +0000,
,,,,,,,,6,1,bottle,bottlecn,./stims/AcqBystanders/bottle.jpeg,./stims/AcqBystanders/bottlecn.jpeg,SS,SS_1,,,,,0,5,5,5,337.4214784000069,,,,,,,,,,,,,,,,,,,337.40602220001165,0.9990279999910854,341.13877469999716,[0.8703703703703703],[0.5],[1],[0],[0],[3.7271440000040457],,,,2011_1000_SB3_06,001,2023-11-20_10h42.59.211,3_End,2023.2.3,59.98854219198251,2023-11-20 10h43.11.461960 +0000,
,,,,,,,,7,1,trunk,trunkcn,./stims/AcqBystanders/trunk.jpeg,./stims/AcqBystanders/trunkcn.jpeg,SR,SR_1,,,,,0,6,6,6,341.154862699972,,,,,,,,,,,,,,,,,,,341.13935989997117,0.9990168999647722,351.3385715999757,[0.8703703703703703],[0.5],[1],[0],[0],[10.193756499968003],,,,2011_1000_SB3_06,001,2023-11-20_10h42.59.211,3_End,2023.2.3,59.98854219198251,2023-11-20 10h43.11.461960 +0000,
,,,,,,,,8,1,can,cancn,./stims/AcqBystanders/can.jpeg,./stims/AcqBystanders/cancn.jpeg,RR,RR_3,,,,,0,7,7,7,351.35484380001435,,,,,,,,,,,,,,,,,,,351.3391756999772,0.9992546000285074,358.5052604000084,[0.8703703703703703],[0.5],[1],[0],[0],[7.160533600021154],,,,2011_1000_SB3_06,001,2023-11-20_10h42.59.211,3_End,2023.2.3,59.98854219198251,2023-11-20 10h43.11.461960 +0000,
,,,,,,,,9,1,towel,towelcn,./stims/AcqBystanders/towel.jpeg,./stims/AcqBystanders/towelcn.jpeg,RS,RS_1,,,,,0,8,8,8,358.52154399995925,,,,,,,,,,,,,,,,,,,358.5058386999881,0.9992520000087097,367.10547559999395,[0.8703703703703703],[0.5],[1],[0],[0],[8.594026800012216],,,,2011_1000_SB3_06,001,2023-11-20_10h42.59.211,3_End,2023.2.3,59.98854219198251,2023-11-20 10h43.11.461960 +0000,
,,,,,,,,10,1,fireextinguisher,fireextinguishercn,./stims/AcqBystanders/fireextinguisher.jpeg,./stims/AcqBystanders/fireextinguishercn.jpeg,RR,RR_1,,,,,0,9,9,9,367.12154839996947,,,,,,,,,,,,,,,,,,,367.1060196000035,0.999093999969773,379.6555723999627,[0.8731481481481481],[0.5],[1],[0],[0],[12.543906699982472],,,,2011_1000_SB3_06,001,2023-11-20_10h42.59.211,3_End,2023.2.3,59.98854219198251,2023-11-20 10h43.11.461960 +0000,
,,,,,,,,11,1,passport,passportcn,./stims/AcqBystanders/passport.jpeg,./stims/AcqBystanders/passportcn.jpeg,SS,SS_3,,,,,0,10,10,10,379.67157339997357,,,,,,,,,,,,,,,,,,,379.65616730001057,0.9990045999875292,392.8722872000071,[0.8731481481481481],[0.5],[1],[0],[0],[13.208969099971],,,,2011_1000_SB3_06,001,2023-11-20_10h42.59.211,3_End,2023.2.3,59.98854219198251,2023-11-20 10h43.11.461960 +0000,
,,,,,,,,12,1,headphones,headphonescn,./stims/AcqBystanders/headphones.jpeg,./stims/AcqBystanders/headphonescn.jpeg,SR,SR_2,,,,,0,11,11,11,392.8882536999881,,,,,,,,,,,,,,,,,,,392.87288919999264,1.0156171999988146,408.888381799974,[],[],[],[],[],[],,,,2011_1000_SB3_06,001,2023-11-20_10h42.59.211,3_End,2023.2.3,59.98854219198251,2023-11-20 10h43.11.461960 +0000,
,,,,,,,,13,1,perfume,perfumecn,./stims/AcqBystanders/perfume.jpeg,./stims/AcqBystanders/perfumecn.jpeg,SR,SR_4,,,,,0,12,12,12,408.9049582000007,,,,,,,,,,,,,,,,,,,408.8888902000035,1.0156307999859564,415.7389000999974,[0.8731481481481481],[0.5],[1],[0],[0],[6.844161899993196],,,,2011_1000_SB3_06,001,2023-11-20_10h42.59.211,3_End,2023.2.3,59.98854219198251,2023-11-20 10h43.11.461960 +0000,
,,,,,,,,14,1,cup,cupcn,./stims/AcqBystanders/cup.jpeg,./stims/AcqBystanders/cupcn.jpeg,RS,RS_2,,,,,0,13,13,13,415.83871089998866,,,,,,,,,,,,,,,,,,,415.73949449998327,0.9991294000064954,431.7385981999687,[],[],[],[],[],[],15.999087299976964,,,2011_1000_SB3_06,001,2023-11-20_10h42.59.211,3_End,2023.2.3,59.98854219198251,2023-11-20 10h43.11.461960 +0000,
,,,,,,,,,,,,,,,,,,,,,,,,,,,,,,,,,,,,,,,,,,,,,,,,,,,,,431.73897060001036,431.75500750000356,,,,,,,,
