﻿order_ext,blk_ext,bystander_ext,test_item_ext,bystander_loc_ext,test_item_loc_ext,trial_type_ext,itemNo_ext,order_cond_acq,blk_cond_acq,bystander_cond_acq,test_item_cond_acq,bystander_loc_cond_acq,test_item_loc_cond_acq,trial_type_cond_acq,itemNo_cond_acq,trials.thisRepN,trials.thisTrialN,trials.thisN,trials.thisIndex,trials_2.thisRepN,trials_2.thisTrialN,trials_2.thisN,trials_2.thisIndex,thisRow.t,notes,INSTRUCTION.started,instruct1.started,ok1.started,INSTRUCTION.stopped,ok1.keys,ok1.rt,ok1.duration,END_EXT.started,mouse_ext.started,END_EXT.stopped,mouse_ext.x,mouse_ext.y,mouse_ext.leftButton,mouse_ext.midButton,mouse_ext.rightButton,mouse_ext.time,mouse_ext.stopped,END_ACQ.started,mouse_cond.started,mouse_cond.stopped,END_ACQ.stopped,mouse_cond.x,mouse_cond.y,mouse_cond.leftButton,mouse_cond.midButton,mouse_cond.rightButton,mouse_cond.time,thanks.started,thanksMsg.started,participant,session,date,expName,psychopyVersion,frameRate,expStart,
,,,,,,,,,,,,,,,,,,,,,,,,,,0.008635299978777766,0.025177399977110326,0.025177399977110326,7.209222599980421,space,7.182874299993273,None,,,,,,,,,,,,,,,,,,,,,,,2111_1100_CB1_09,001,2023-11-21_11h43.38.234,3_End,2023.2.3,60.0140312685803,2023-11-21 11h43.48.720534 +0000,
1,1,cap,capcn,./stims/CritBystanders/cap.jpeg,./stims/CritBystanders/capcn.jpeg,SS,SS_2,,,,,,,,,0,0,0,0,,,,,7.258511299965903,,,,,,,,,7.224157799966633,0.9993304999661632,16.309014200000092,[-0.1111111111111111],[0.13796296296296295],[1],[0],[0],[9.060799599974416],,,,,,,,,,,,,,2111_1100_CB1_09,001,2023-11-21_11h43.38.234,3_End,2023.2.3,60.0140312685803,2023-11-21 11h43.48.720534 +0000,
2,1,chessboard,chessboardcn,./stims/CritBystanders/chessboard.jpeg,./stims/CritBystanders/chessboardcn.jpeg,SR,SR_6,,,,,,,,,0,1,1,1,,,,,16.325198200007435,,,,,,,,,16.30994239996653,1.0154923000372946,32.32530869997572,[],[],[],[],[],[],,,,,,,,,,,,,,2111_1100_CB1_09,001,2023-11-21_11h43.38.234,3_End,2023.2.3,60.0140312685803,2023-11-21 11h43.48.720534 +0000,
3,1,wallet,walletcn,./stims/CritBystanders/wallet.jpeg,./stims/CritBystanders/walletcn.jpeg,RS,RS_6,,,,,,,,,0,2,2,2,,,,,32.358590799965896,,,,,,,,,32.325824500003364,1.015496100008022,44.742533800017554,[0.049074074074074076],[-0.49537037037037035],[1],[0],[0],[12.404513499990571],,,,,,,,,,,,,,2111_1100_CB1_09,001,2023-11-21_11h43.38.234,3_End,2023.2.3,60.0140312685803,2023-11-21 11h43.48.720534 +0000,
4,1,clipboard,clipboardcn,./stims/CritBystanders/clipboard.jpeg,./stims/CritBystanders/clipboardcn.jpeg,RR,RR_5,,,,,,,,,0,3,3,3,,,,,44.75857199996244,,,,,,,,,44.743103399989195,0.9990158999571577,59.07593910000287,[0.049074074074074076],[-0.49537037037037035],[1],[0],[0],[14.32475179998437],,,,,,,,,,,,,,2111_1100_CB1_09,001,2023-11-21_11h43.38.234,3_End,2023.2.3,60.0140312685803,2023-11-21 11h43.48.720534 +0000,
5,2,comb,combcn,./stims/CritBystanders/comb.jpeg,./stims/CritBystanders/combcn.jpeg,RS,RS_5,,,,,,,,,0,4,4,4,,,,,59.09194859996205,,,,,,,,,59.07650729996385,1.0156839999835938,75.09205289999954,[],[],[],[],[],[],,,,,,,,,,,,,,2111_1100_CB1_09,001,2023-11-21_11h43.38.234,3_End,2023.2.3,60.0140312685803,2023-11-21 11h43.48.720534 +0000,
6,2,electriccord,electriccordcn,./stims/CritBystanders/electriccord.jpeg,./stims/CritBystanders/electriccordcn.jpeg,SS,SS_1,,,,,,,,,0,5,5,5,,,,,75.10863899998367,,,,,,,,,75.09252770000603,0.9990119999856688,81.72606819996145,[0.049074074074074076],[-0.49537037037037035],[1],[0],[0],[6.622796400042716],,,,,,,,,,,,,,2111_1100_CB1_09,001,2023-11-21_11h43.38.234,3_End,2023.2.3,60.0140312685803,2023-11-21 11h43.48.720534 +0000,
7,2,toiletpaper,toiletpapercn,./stims/CritBystanders/toiletpaper.jpeg,./stims/CritBystanders/toiletpapercn.jpeg,RR,RR_2,,,,,,,,,0,6,6,6,,,,,81.74200319999363,,,,,,,,,81.72664010000881,1.0156029000063427,97.44259479996981,[0.049074074074074076],[-0.49537037037037035],[1],[0],[0],[15.709574100037571],,,,,,,,,,,,,,2111_1100_CB1_09,001,2023-11-21_11h43.38.234,3_End,2023.2.3,60.0140312685803,2023-11-21 11h43.48.720534 +0000,
8,2,keys,keyscn,./stims/CritBystanders/keys.jpeg,./stims/CritBystanders/keyscn.jpeg,SR,SR_3,,,,,,,,,0,7,7,7,,,,,97.47534950001864,,,,,,,,,97.4431083999807,0.9991496999864466,104.54260589997284,[0.049074074074074076],[-0.49537037037037035],[1],[0],[0],[7.088285100006033],,,,,,,,,,,,,,2111_1100_CB1_09,001,2023-11-21_11h43.38.234,3_End,2023.2.3,60.0140312685803,2023-11-21 11h43.48.720534 +0000,
9,3,scissors,scissorscn,./stims/CritBystanders/scissors.jpeg,./stims/CritBystanders/scissorscn.jpeg,RR,RR_6,,,,,,,,,0,8,8,8,,,,,104.55872430000454,,,,,,,,,104.5431249999674,0.9991330000339076,109.27595099998871,[0.049074074074074076],[-0.49537037037037035],[1],[0],[0],[4.724833599990234],,,,,,,,,,,,,,2111_1100_CB1_09,001,2023-11-21_11h43.38.234,3_End,2023.2.3,60.0140312685803,2023-11-21 11h43.48.720534 +0000,
10,3,soccerball,soccerballcn,./stims/CritBystanders/soccerball.jpeg,./stims/CritBystanders/soccerballcn.jpeg,SR,SR_7,,,,,,,,,0,9,9,9,,,,,109.29206690000137,,,,,,,,,109.27648820000468,0.9991621999652125,122.79271880001761,[0.049074074074074076],[-0.49537037037037035],[1],[0],[0],[13.508801700023469],,,,,,,,,,,,,,2111_1100_CB1_09,001,2023-11-21_11h43.38.234,3_End,2023.2.3,60.0140312685803,2023-11-21 11h43.48.720534 +0000,
11,3,crate,cratecn,./stims/CritBystanders/crate.jpeg,./stims/CritBystanders/cratecn.jpeg,SS,SS_8,,,,,,,,,0,10,10,10,,,,,122.82540739997057,,,,,,,,,122.79328189999796,0.9990557999699377,136.09272640000563,[0.049074074074074076],[-0.49537037037037035],[1],[0],[0],[13.287886700010858],,,,,,,,,,,,,,2111_1100_CB1_09,001,2023-11-21_11h43.38.234,3_End,2023.2.3,60.0140312685803,2023-11-21 11h43.48.720534 +0000,
12,3,walkman,walkmancn,./stims/CritBystanders/walkman.jpeg,./stims/CritBystanders/walkmancn.jpeg,RS,RS_2,,,,,,,,,0,11,11,11,,,,,136.10877569997683,,,,,,,,,136.09330349997617,0.9990481000277214,152.09243299998343,[],[],[],[],[],[],15.999089899996761,,,,,,,,,,,,,2111_1100_CB1_09,001,2023-11-21_11h43.38.234,3_End,2023.2.3,60.0140312685803,2023-11-21 11h43.48.720534 +0000,
13,4,computer,computercn,./stims/CritBystanders/computer.jpeg,./stims/CritBystanders/computercn.jpeg,RR,RR_1,,,,,,,,,0,12,12,12,,,,,152.10883330000797,,,,,,,,,152.09292540000752,0.9991158000193536,168.09246020001592,[],[],[],[],[],[],15.999120599997696,,,,,,,,,,,,,2111_1100_CB1_09,001,2023-11-21_11h43.38.234,3_End,2023.2.3,60.0140312685803,2023-11-21 11h43.48.720534 +0000,
14,4,cards,cardscn,./stims/CritBystanders/cards.jpeg,./stims/CritBystanders/cardscn.jpeg,RS,RS_1,,,,,,,,,0,13,13,13,,,,,168.12553119997028,,,,,,,,,168.09293749998324,0.9991576000466011,172.04282629996305,[0.08055555555555556],[-0.47685185185185186],[1],[0],[0],[3.9391824000049382],,,,,,,,,,,,,,2111_1100_CB1_09,001,2023-11-21_11h43.38.234,3_End,2023.2.3,60.0140312685803,2023-11-21 11h43.48.720534 +0000,
15,4,calculator,calculatorcn,./stims/CritBystanders/calculator.jpeg,./stims/CritBystanders/calculatorcn.jpeg,SS,SS_4,,,,,,,,,0,14,14,14,,,,,172.07554569997592,,,,,,,,,172.04339609999442,0.9990268999827094,188.0425857999944,[],[],[],[],[],[],15.999082099995576,,,,,,,,,,,,,2111_1100_CB1_09,001,2023-11-21_11h43.38.234,3_End,2023.2.3,60.0140312685803,2023-11-21 11h43.48.720534 +0000,
16,4,telephone,telephonecn,./stims/CritBystanders/telephone.jpeg,./stims/CritBystanders/telephonecn.jpeg,SR,SR_4,,,,,,,,,0,15,15,15,,,,,188.07557769998675,,,,,,,,,188.0430644999724,0.9990865999716334,191.84291720000328,[0.08055555555555556],[-0.47685185185185186],[1],[0],[0],[3.788769799983129],,,,,,,,,,,,,,2111_1100_CB1_09,001,2023-11-21_11h43.38.234,3_End,2023.2.3,60.0140312685803,2023-11-21 11h43.48.720534 +0000,
17,5,fan,fancn,./stims/CritBystanders/fan.jpeg,./stims/CritBystanders/fancn.jpeg,RR,RR_3,,,,,,,,,0,16,16,16,,,,,191.85892939998303,,,,,,,,,191.84349140000995,1.0156582999625243,207.85901089996332,[],[],[],[],[],[],,,,,,,,,,,,,,2111_1100_CB1_09,001,2023-11-21_11h43.38.234,3_End,2023.2.3,60.0140312685803,2023-11-21 11h43.48.720534 +0000,
18,5,candle,candlecn,./stims/CritBystanders/candle.jpeg,./stims/CritBystanders/candlecn.jpeg,RS,RS_8,,,,,,,,,0,17,17,17,,,,,207.89226419996703,,,,,,,,,207.85954309999943,0.9990164999617264,212.77603629999794,[0.08055555555555556],[-0.47685185185185186],[1],[0],[0],[4.905023399973288],,,,,,,,,,,,,,2111_1100_CB1_09,001,2023-11-21_11h43.38.234,3_End,2023.2.3,60.0140312685803,2023-11-21 11h43.48.720534 +0000,
19,5,bucket,bucketcn,./stims/CritBystanders/bucket.jpeg,./stims/CritBystanders/bucketcn.jpeg,SS,SS_3,,,,,,,,,0,18,18,18,,,,,212.79233119997662,,,,,,,,,212.77661369997077,0.9992546999710612,227.6262811999768,[0.08055555555555556],[-0.47685185185185186],[1],[0],[0],[14.842007100000046],,,,,,,,,,,,,,2111_1100_CB1_09,001,2023-11-21_11h43.38.234,3_End,2023.2.3,60.0140312685803,2023-11-21 11h43.48.720534 +0000,
20,5,peacock,peacockcn,./stims/CritBystanders/peacock.jpeg,./stims/CritBystanders/peacockcn.jpeg,SR,SR_5,,,,,,,,,0,19,19,19,,,,,227.65900849999161,,,,,,,,,227.62686419999227,0.9990390000166371,230.84295099996962,[0.08055555555555556],[-0.47685185185185186],[1],[0],[0],[3.2046983999898657],,,,,,,,,,,,,,2111_1100_CB1_09,001,2023-11-21_11h43.38.234,3_End,2023.2.3,60.0140312685803,2023-11-21 11h43.48.720534 +0000,
21,6,iron,ironcn,./stims/CritBystanders/iron.jpeg,./stims/CritBystanders/ironcn.jpeg,RR,RR_7,,,,,,,,,0,20,20,20,,,,,230.8590336999623,,,,,,,,,230.84351939999033,0.9990344999823719,235.92626749997726,[0.08055555555555556],[-0.47685185185185186],[1],[0],[0],[5.0762015000218526],,,,,,,,,,,,,,2111_1100_CB1_09,001,2023-11-21_11h43.38.234,3_End,2023.2.3,60.0140312685803,2023-11-21 11h43.48.720534 +0000,
22,6,chair,chaircn,./stims/CritBystanders/chair.jpeg,./stims/CritBystanders/chaircn.jpeg,SS,SS_6,,,,,,,,,0,21,21,21,,,,,235.9423775000032,,,,,,,,,235.9268379000132,0.9990817999932915,245.80975839996245,[0.08055555555555556],[-0.44074074074074077],[1],[0],[0],[9.875538800028153],,,,,,,,,,,,,,2111_1100_CB1_09,001,2023-11-21_11h43.38.234,3_End,2023.2.3,60.0140312685803,2023-11-21 11h43.48.720534 +0000,
23,6,umbrella,umbrellacn,./stims/CritBystanders/umbrella.jpeg,./stims/CritBystanders/umbrellacn.jpeg,RS,RS_4,,,,,,,,,0,22,22,22,,,,,245.8257226999849,,,,,,,,,245.81032970000524,1.0156342000118457,260.1428238999797,[0.08055555555555556],[-0.44074074074074077],[1],[0],[0],[14.324664400017355],,,,,,,,,,,,,,2111_1100_CB1_09,001,2023-11-21_11h43.38.234,3_End,2023.2.3,60.0140312685803,2023-11-21 11h43.48.720534 +0000,
24,6,books,bookscn,./stims/CritBystanders/books.jpeg,./stims/CritBystanders/bookscn.jpeg,SR,SR_2,,,,,,,,,0,23,23,23,,,,,260.1757475999766,,,,,,,,,260.14339320000727,0.9992599000106566,273.6931008999818,[0.08055555555555556],[-0.44074074074074077],[1],[0],[0],[13.539236999989953],,,,,,,,,,,,,,2111_1100_CB1_09,001,2023-11-21_11h43.38.234,3_End,2023.2.3,60.0140312685803,2023-11-21 11h43.48.720534 +0000,
25,7,backpack,backpackcn,./stims/CritBystanders/backpack.jpeg,./stims/CritBystanders/backpackcn.jpeg,SR,SR_8,,,,,,,,,0,24,24,24,,,,,273.7090957000037,,,,,,,,,273.6936907999916,1.0156781999976374,277.80984970001737,[0.08055555555555556],[-0.44074074074074077],[1],[0],[0],[4.107953999948222],,,,,,,,,,,,,,2111_1100_CB1_09,001,2023-11-21_11h43.38.234,3_End,2023.2.3,60.0140312685803,2023-11-21 11h43.48.720534 +0000,
26,7,guitar,guitarcn,./stims/CritBystanders/guitar.jpeg,./stims/CritBystanders/guitarcn.jpeg,RR,RR_4,,,,,,,,,0,25,25,25,,,,,277.8257989999838,,,,,,,,,277.810415200016,1.0156393999932334,287.84304720000364,[0.08055555555555556],[-0.44074074074074077],[1],[0],[0],[10.024116399988998],,,,,,,,,,,,,,2111_1100_CB1_09,001,2023-11-21_11h43.38.234,3_End,2023.2.3,60.0140312685803,2023-11-21 11h43.48.720534 +0000,
27,7,shoes,shoescn,./stims/CritBystanders/shoes.jpeg,./stims/CritBystanders/shoescn.jpeg,RS,RS_7,,,,,,,,,0,26,26,26,,,,,287.87580679997336,,,,,,,,,287.84357079997426,0.9991410000366159,294.2597467000014,[0.08055555555555556],[-0.44074074074074077],[1],[0],[0],[6.405268999980763],,,,,,,,,,,,,,2111_1100_CB1_09,001,2023-11-21_11h43.38.234,3_End,2023.2.3,60.0140312685803,2023-11-21 11h43.48.720534 +0000,
28,7,video,videocn,./stims/CritBystanders/video.jpeg,./stims/CritBystanders/videocn.jpeg,SS,SS_7,,,,,,,,,0,27,27,27,,,,,294.2924695999827,,,,,,,,,294.2603114999947,0.9991024999762885,298.5099323000177,[0.08055555555555556],[-0.44074074074074077],[1],[0],[0],[4.2380872999783605],,,,,,,,,,,,,,2111_1100_CB1_09,001,2023-11-21_11h43.38.234,3_End,2023.2.3,60.0140312685803,2023-11-21 11h43.48.720534 +0000,
29,8,coffeemug,coffeemugcn,./stims/CritBystanders/coffeemug.jpeg,./stims/CritBystanders/coffeemugcn.jpeg,RS,RS_3,,,,,,,,,0,28,28,28,,,,,298.5258516999893,,,,,,,,,298.5105134000187,1.0155591000220738,314.52594909997424,[],[],[],[],[],[],,,,,,,,,,,,,,2111_1100_CB1_09,001,2023-11-21_11h43.38.234,3_End,2023.2.3,60.0140312685803,2023-11-21 11h43.48.720534 +0000,
30,8,stapler,staplercn,./stims/CritBystanders/stapler.jpeg,./stims/CritBystanders/staplercn.jpeg,SR,SR_1,,,,,,,,,0,29,29,29,,,,,314.5425440999679,,,,,,,,,314.52670709998347,1.0155970000196248,320.27653430000646,[0.08055555555555556],[-0.44074074074074077],[1],[0],[0],[5.7410571000073105],,,,,,,,,,,,,,2111_1100_CB1_09,001,2023-11-21_11h43.38.234,3_End,2023.2.3,60.0140312685803,2023-11-21 11h43.48.720534 +0000,
31,8,wastebasket,wastebasketcn,./stims/CritBystanders/wastebasket.jpeg,./stims/CritBystanders/wastebasketcn.jpeg,SS,SS_5,,,,,,,,,0,30,30,30,,,,,320.30921589996433,,,,,,,,,320.27733139996417,1.0155511000193655,323.97653779998654,[0.08055555555555556],[-0.44074074074074077],[1],[0],[0],[3.6878406000323594],,,,,,,,,,,,,,2111_1100_CB1_09,001,2023-11-21_11h43.38.234,3_End,2023.2.3,60.0140312685803,2023-11-21 11h43.48.720534 +0000,
32,8,watch,watchcn,./stims/CritBystanders/watch.jpeg,./stims/CritBystanders/watchcn.jpeg,RR,RR_8,,,,,,,,,0,31,31,31,,,,,324.0092644999968,,,,,,,,,323.97708649997367,0.9990938000264578,327.7596627000021,[0.08055555555555556],[-0.44074074074074077],[1],[0],[0],[3.770974399987608],,,,,,,,,,,,,,2111_1100_CB1_09,001,2023-11-21_11h43.38.234,3_End,2023.2.3,60.0140312685803,2023-11-21 11h43.48.720534 +0000,
,,,,,,,,,,,,,,,,,,,,,,,,,,327.76010229997337,327.7758986999979,327.7758986999979,344.14316510001663,space,16.350386500009336,None,,,,,,,,,,,,,,,,,,,,,,,2111_1100_CB1_09,001,2023-11-21_11h43.38.234,3_End,2023.2.3,60.0140312685803,2023-11-21 11h43.48.720534 +0000,
,,,,,,,,1,1,pan,pancn,./stims/AcqBystanders/pan.jpeg,./stims/AcqBystanders/pancn.jpeg,SS,SS_2,,,,,0,0,0,0,344.17619899997953,,,,,,,,,,,,,,,,,,,344.15248639998026,0.9995521000237204,15.999521100020502,360.14290059998166,[],[],[],[],[],[],,,2111_1100_CB1_09,001,2023-11-21_11h43.38.234,3_End,2023.2.3,60.0140312685803,2023-11-21 11h43.48.720534 +0000,
,,,,,,,,2,1,lightbulb,lightbulbcn,./stims/AcqBystanders/lightbulb.jpeg,./stims/AcqBystanders/lightbulbcn.jpeg,SR,SR_3,,,,,0,1,1,1,360.25987979996717,,,,,,,,,,,,,,,,,,,360.14365609997185,0.9995430000126362,15.999604400014505,376.14300209999783,[],[],[],[],[],[],,,2111_1100_CB1_09,001,2023-11-21_11h43.38.234,3_End,2023.2.3,60.0140312685803,2023-11-21 11h43.48.720534 +0000,
,,,,,,,,3,1,shampoo,shampoocn,./stims/AcqBystanders/shampoo.jpeg,./stims/AcqBystanders/shampoocn.jpeg,RS,RS_4,,,,,0,2,2,2,376.1763931000023,,,,,,,,,,,,,,,,,,,376.14348659996176,0.999624100048095,15.99961560004158,392.1429957000073,[],[],[],[],[],[],,,2111_1100_CB1_09,001,2023-11-21_11h43.38.234,3_End,2023.2.3,60.0140312685803,2023-11-21 11h43.48.720534 +0000,
,,,,,,,,4,1,mandms,mandmscn,./stims/AcqBystanders/mandms.jpeg,./stims/AcqBystanders/mandmscn.jpeg,RR,RR_2,,,,,0,3,3,3,392.1760456999764,,,,,,,,,,,,,,,,,,,392.1434764000005,0.9996550000505522,15.999671800003853,408.1431120999623,[],[],[],[],[],[],,,2111_1100_CB1_09,001,2023-11-21_11h43.38.234,3_End,2023.2.3,60.0140312685803,2023-11-21 11h43.48.720534 +0000,
,,,,,,,,5,1,sheet,sheetcn,./stims/AcqBystanders/sheet.jpeg,./stims/AcqBystanders/sheetcn.jpeg,RS,RS_3,,,,,0,4,4,4,408.176119700016,,,,,,,,,,,,,,,,,,,408.1436205999926,0.9997234000475146,15.999690300028306,424.1430709999986,[],[],[],[],[],[],,,2111_1100_CB1_09,001,2023-11-21_11h43.38.234,3_End,2023.2.3,60.0140312685803,2023-11-21 11h43.48.720534 +0000,
,,,,,,,,6,1,bottle,bottlecn,./stims/AcqBystanders/bottle.jpeg,./stims/AcqBystanders/bottlecn.jpeg,SS,SS_1,,,,,0,5,5,5,424.1761275000172,,,,,,,,,,,,,,,,,,,424.14357569999993,0.9996987000340596,15.999739499995485,440.1431578999618,[],[],[],[],[],[],,,2111_1100_CB1_09,001,2023-11-21_11h43.38.234,3_End,2023.2.3,60.0140312685803,2023-11-21 11h43.48.720534 +0000,
,,,,,,,,7,1,trunk,trunkcn,./stims/AcqBystanders/trunk.jpeg,./stims/AcqBystanders/trunkcn.jpeg,SR,SR_1,,,,,0,6,6,6,440.15950439998414,,,,,,,,,,,,,,,,,,,440.1436403999687,0.9997595000313595,15.999763100000564,456.14317850000225,[],[],[],[],[],[],,,2111_1100_CB1_09,001,2023-11-21_11h43.38.234,3_End,2023.2.3,60.0140312685803,2023-11-21 11h43.48.720534 +0000,
,,,,,,,,8,1,can,cancn,./stims/AcqBystanders/can.jpeg,./stims/AcqBystanders/cancn.jpeg,RR,RR_3,,,,,0,7,7,7,456.15956880000886,,,,,,,,,,,,,,,,,,,456.14368609996745,0.9997759000398219,15.999791800044477,472.1432492000167,[],[],[],[],[],[],,,2111_1100_CB1_09,001,2023-11-21_11h43.38.234,3_End,2023.2.3,60.0140312685803,2023-11-21 11h43.48.720534 +0000,
,,,,,,,,9,1,towel,towelcn,./stims/AcqBystanders/towel.jpeg,./stims/AcqBystanders/towelcn.jpeg,RS,RS_1,,,,,0,8,8,8,472.1762587999692,,,,,,,,,,,,,,,,,,,472.1437530000112,0.9998045000247657,15.999835500027984,488.1432455999893,[],[],[],[],[],[],,,2111_1100_CB1_09,001,2023-11-21_11h43.38.234,3_End,2023.2.3,60.0140312685803,2023-11-21 11h43.48.720534 +0000,
,,,,,,,,10,1,fireextinguisher,fireextinguishercn,./stims/AcqBystanders/fireextinguisher.jpeg,./stims/AcqBystanders/fireextinguishercn.jpeg,RR,RR_1,,,,,0,9,9,9,488.1763486000127,,,,,,,,,,,,,,,,,,,488.14375419996213,0.9999526000465266,15.999867500038818,504.1432603999856,[],[],[],[],[],[],,,2111_1100_CB1_09,001,2023-11-21_11h43.38.234,3_End,2023.2.3,60.0140312685803,2023-11-21 11h43.48.720534 +0000,
,,,,,,,,11,1,passport,passportcn,./stims/AcqBystanders/passport.jpeg,./stims/AcqBystanders/passportcn.jpeg,SS,SS_3,,,,,0,10,10,10,504.17631589999655,,,,,,,,,,,,,,,,,,,504.1437346999883,0.9998885000240989,15.99992710002698,520.1433080999996,[],[],[],[],[],[],,,2111_1100_CB1_09,001,2023-11-21_11h43.38.234,3_End,2023.2.3,60.0140312685803,2023-11-21 11h43.48.720534 +0000,
,,,,,,,,12,1,headphones,headphonescn,./stims/AcqBystanders/headphones.jpeg,./stims/AcqBystanders/headphonescn.jpeg,SR,SR_2,,,,,0,11,11,11,520.176375799987,,,,,,,,,,,,,,,,,,,520.1438376000151,0.9999599000439048,15.99997840001015,536.1433753999881,[],[],[],[],[],[],,,2111_1100_CB1_09,001,2023-11-21_11h43.38.234,3_End,2023.2.3,60.0140312685803,2023-11-21 11h43.48.720534 +0000,
,,,,,,,,13,1,perfume,perfumecn,./stims/AcqBystanders/perfume.jpeg,./stims/AcqBystanders/perfumecn.jpeg,SR,SR_4,,,,,0,12,12,12,536.1597305000178,,,,,,,,,,,,,,,,,,,536.1438919999637,0.9999823000398465,,547.5437811000156,[0.8870370370370371],[-0.47314814814814815],[1],[0],[0],[11.391035999986343],,,2111_1100_CB1_09,001,2023-11-21_11h43.38.234,3_End,2023.2.3,60.0140312685803,2023-11-21 11h43.48.720534 +0000,
,,,,,,,,14,1,cup,cupcn,./stims/AcqBystanders/cup.jpeg,./stims/AcqBystanders/cupcn.jpeg,RS,RS_2,,,,,0,13,13,13,547.6602561000036,,,,,,,,,,,,,,,,,,,547.5443605000037,1.0156574999564327,,555.693513199978,[0.8870370370370371],[-0.47314814814814815],[1],[0],[0],[8.052799099998083],,,2111_1100_CB1_09,001,2023-11-21_11h43.38.234,3_End,2023.2.3,60.0140312685803,2023-11-21 11h43.48.720534 +0000,
,,,,,,,,,,,,,,,,,,,,,,,,,,,,,,,,,,,,,,,,,,,,,,,,,,,,,555.6939394999645,555.7097739999881,,,,,,,,
