﻿order_ext,blk_ext,bystander_ext,test_item_ext,bystander_loc_ext,test_item_loc_ext,trial_type_ext,itemNo_ext,order_cond_acq,blk_cond_acq,bystander_cond_acq,test_item_cond_acq,bystander_loc_cond_acq,test_item_loc_cond_acq,trial_type_cond_acq,itemNo_cond_acq,trials.thisRepN,trials.thisTrialN,trials.thisN,trials.thisIndex,trials_2.thisRepN,trials_2.thisTrialN,trials_2.thisN,trials_2.thisIndex,thisRow.t,notes,INSTRUCTION.started,instruct1.started,ok1.started,INSTRUCTION.stopped,ok1.keys,ok1.rt,ok1.duration,END_EXT.started,mouse_ext.started,mouse_ext.stopped,END_EXT.stopped,mouse_ext.x,mouse_ext.y,mouse_ext.leftButton,mouse_ext.midButton,mouse_ext.rightButton,mouse_ext.time,END_ACQ.started,mouse_cond.started,END_ACQ.stopped,mouse_cond.x,mouse_cond.y,mouse_cond.leftButton,mouse_cond.midButton,mouse_cond.rightButton,mouse_cond.time,thanks.started,thanksMsg.started,participant,session,date,expName,psychopyVersion,frameRate,expStart,
,,,,,,,,,,,,,,,,,,,,,,,,,,0.014262299984693527,0.03079509997041896,0.03079509997041896,2.397994300001301,space,2.358206100005191,None,,,,,,,,,,,,,,,,,,,,,,2111_1445_CB2_11,001,2023-11-21_15h23.10.170,3_End,2023.2.3,59.99278886075837,2023-11-21 15h23.21.469280 +0000,
1,1,cap,capcn,./stims/CritBystanders/cap.jpeg,./stims/CritBystanders/toiletpapercn.jpeg,SS,SS_2,,,,,,,,,0,0,0,0,,,,,2.4474225000012666,,,,,,,,,2.4118686000001617,0.9994704000419006,15.999509000044782,18.397712200006936,[],[],[],[],[],[],,,,,,,,,,,,2111_1445_CB2_11,001,2023-11-21_15h23.10.170,3_End,2023.2.3,59.99278886075837,2023-11-21 15h23.21.469280 +0000,
2,1,chessboard,chessboardcn,./stims/CritBystanders/chessboard.jpeg,./stims/CritBystanders/chaircn.jpeg,SR,SR_6,,,,,,,,,0,1,1,1,,,,,18.414146099996287,,,,,,,,,18.398644800006878,0.9995268000056967,15.99956090003252,34.39783119998174,[],[],[],[],[],[],,,,,,,,,,,,2111_1445_CB2_11,001,2023-11-21_15h23.10.170,3_End,2023.2.3,59.99278886075837,2023-11-21 15h23.21.469280 +0000,
3,1,wallet,walletcn,./stims/CritBystanders/wallet.jpeg,./stims/CritBystanders/chessboardcn.jpeg,RS,RS_6,,,,,,,,,0,2,2,2,,,,,34.41416639997624,,,,,,,,,34.39833070000168,0.9995626000454649,,49.83163199998671,[-0.05648148148148148],[0.412962962962963],[1],[0],[0],[15.427695500024129],,,,,,,,,,,,2111_1445_CB2_11,001,2023-11-21_15h23.10.170,3_End,2023.2.3,59.99278886075837,2023-11-21 15h23.21.469280 +0000,
4,1,clipboard,clipboardcn,./stims/CritBystanders/clipboard.jpeg,./stims/CritBystanders/combcn.jpeg,RR,RR_5,,,,,,,,,0,3,3,3,,,,,49.84757460001856,,,,,,,,,49.83226090000244,1.0155326999956742,,53.96494430000894,[-0.05555555555555555],[0.412962962962963],[1],[0],[0],[4.126679799985141],,,,,,,,,,,,2111_1445_CB2_11,001,2023-11-21_15h23.10.170,3_End,2023.2.3,59.99278886075837,2023-11-21 15h23.21.469280 +0000,
5,2,comb,combcn,./stims/CritBystanders/comb.jpeg,./stims/CritBystanders/peacockcn.jpeg,RS,RS_5,,,,,,,,,0,4,4,4,,,,,53.980886599980295,,,,,,,,,53.965550199965946,1.0155817000195384,,60.21497400000226,[-0.05555555555555555],[0.412962962962963],[1],[0],[0],[6.243483799975365],,,,,,,,,,,,2111_1445_CB2_11,001,2023-11-21_15h23.10.170,3_End,2023.2.3,59.99278886075837,2023-11-21 15h23.21.469280 +0000,
6,2,electriccord,electriccordcn,./stims/CritBystanders/electriccord.jpeg,./stims/CritBystanders/computercn.jpeg,SS,SS_1,,,,,,,,,0,5,5,5,,,,,60.23092469997937,,,,,,,,,60.215569099993445,1.0155701999901794,,74.9815144999884,[-0.05555555555555555],[0.412962962962963],[1],[0],[0],[14.760556900000665],,,,,,,,,,,,2111_1445_CB2_11,001,2023-11-21_15h23.10.170,3_End,2023.2.3,59.99278886075837,2023-11-21 15h23.21.469280 +0000,
7,2,toiletpaper,toiletpapercn,./stims/CritBystanders/toiletpaper.jpeg,./stims/CritBystanders/walkmancn.jpeg,RR,RR_2,,,,,,,,,0,6,6,6,,,,,74.99761229997966,,,,,,,,,74.98203139996622,0.9991271000471897,,83.2649628999643,[-0.053703703703703705],[0.412962962962963],[1],[0],[0],[8.277773400011938],,,,,,,,,,,,2111_1445_CB2_11,001,2023-11-21_15h23.10.170,3_End,2023.2.3,59.99278886075837,2023-11-21 15h23.21.469280 +0000,
8,2,keys,keyscn,./stims/CritBystanders/keys.jpeg,./stims/CritBystanders/bucketcn.jpeg,SR,SR_3,,,,,,,,,0,7,7,7,,,,,83.2809685000102,,,,,,,,,83.26554059999762,1.0157115000183694,,90.51493299996946,[-0.05092592592592592],[0.412962962962963],[1],[0],[0],[7.244031600013841],,,,,,,,,,,,2111_1445_CB2_11,001,2023-11-21_15h23.10.170,3_End,2023.2.3,59.99278886075837,2023-11-21 15h23.21.469280 +0000,
9,3,scissors,scissorscn,./stims/CritBystanders/scissors.jpeg,./stims/CritBystanders/walletcn.jpeg,RR,RR_6,,,,,,,,,0,8,8,8,,,,,90.5310204999987,,,,,,,,,90.51549859996885,0.9990587999927811,,99.54832319996785,[-0.05092592592592592],[0.412962962962963],[1],[0],[0],[9.027360500011127],,,,,,,,,,,,2111_1445_CB2_11,001,2023-11-21_15h23.10.170,3_End,2023.2.3,59.99278886075837,2023-11-21 15h23.21.469280 +0000,
10,3,soccerball,soccerballcn,./stims/CritBystanders/soccerball.jpeg,./stims/CritBystanders/videocn.jpeg,SR,SR_7,,,,,,,,,0,9,9,9,,,,,99.56436369998846,,,,,,,,,99.54891509999288,1.015670399996452,,104.4815923999995,[-0.05092592592592592],[0.412962962962963],[1],[0],[0],[4.926680600037798],,,,,,,,,,,,2111_1445_CB2_11,001,2023-11-21_15h23.10.170,3_End,2023.2.3,59.99278886075837,2023-11-21 15h23.21.469280 +0000,
11,3,crate,cratecn,./stims/CritBystanders/crate.jpeg,./stims/CritBystanders/watchcn.jpeg,SS,SS_8,,,,,,,,,0,10,10,10,,,,,104.49768699996639,,,,,,,,,104.48217009997461,0.9990556000266224,,118.08160879998468,[-0.05092592592592592],[0.412962962962963],[1],[0],[0],[13.594016399991233],,,,,,,,,,,,2111_1445_CB2_11,001,2023-11-21_15h23.10.170,3_End,2023.2.3,59.99278886075837,2023-11-21 15h23.21.469280 +0000,
12,3,walkman,walkmancn,./stims/CritBystanders/walkman.jpeg,./stims/CritBystanders/bookscn.jpeg,RS,RS_2,,,,,,,,,0,11,11,11,,,,,118.09770330000902,,,,,,,,,118.08213789999718,0.9991136000026017,,126.09832380001899,[-0.05092592592592592],[0.412962962962963],[1],[0],[0],[8.011178600019775],,,,,,,,,,,,2111_1445_CB2_11,001,2023-11-21_15h23.10.170,3_End,2023.2.3,59.99278886075837,2023-11-21 15h23.21.469280 +0000,
13,4,computer,computercn,./stims/CritBystanders/computer.jpeg,./stims/CritBystanders/cardscn.jpeg,RR,RR_1,,,,,,,,,0,12,12,12,,,,,126.11439259996405,,,,,,,,,126.09892879996914,0.9990212999982759,,130.29843939997954,[-0.05092592592592592],[0.412962962962963],[1],[0],[0],[4.193542799970601],,,,,,,,,,,,2111_1445_CB2_11,001,2023-11-21_15h23.10.170,3_End,2023.2.3,59.99278886075837,2023-11-21 15h23.21.469280 +0000,
14,4,cards,cardscn,./stims/CritBystanders/cards.jpeg,./stims/CritBystanders/staplercn.jpeg,RS,RS_1,,,,,,,,,0,13,13,13,,,,,130.31445180001901,,,,,,,,,130.29904159996659,1.0156099000014365,,146.31448100000853,[],[],[],[],[],[],,,,,,,,,,,,2111_1445_CB2_11,001,2023-11-21_15h23.10.170,3_End,2023.2.3,59.99278886075837,2023-11-21 15h23.21.469280 +0000,
15,4,calculator,calculatorcn,./stims/CritBystanders/calculator.jpeg,./stims/CritBystanders/guitarcn.jpeg,SS,SS_4,,,,,,,,,0,14,14,14,,,,,146.33109069999773,,,,,,,,,146.31501550000394,1.015625200001523,,151.69842249999056,[0.004629629629629629],[0.39166666666666666],[1],[0],[0],[5.377223999996204],,,,,,,,,,,,2111_1445_CB2_11,001,2023-11-21_15h23.10.170,3_End,2023.2.3,59.99278886075837,2023-11-21 15h23.21.469280 +0000,
16,4,telephone,telephonecn,./stims/CritBystanders/telephone.jpeg,./stims/CritBystanders/calculatorcn.jpeg,SR,SR_4,,,,,,,,,0,15,15,15,,,,,151.7144329000148,,,,,,,,,151.69907329999842,1.0156428000191227,,160.38148460001685,[0.004629629629629629],[0.39166666666666666],[1],[0],[0],[8.677003999997396],,,,,,,,,,,,2111_1445_CB2_11,001,2023-11-21_15h23.10.170,3_End,2023.2.3,59.99278886075837,2023-11-21 15h23.21.469280 +0000,
17,5,fan,fancn,./stims/CritBystanders/fan.jpeg,./stims/CritBystanders/coffeemugcn.jpeg,RR,RR_3,,,,,,,,,0,16,16,16,,,,,160.39779540000018,,,,,,,,,160.38203420001082,0.9993105999892578,,167.7315659999731,[0.004629629629629629],[0.39166666666666666],[1],[0],[0],[7.344136699975934],,,,,,,,,,,,2111_1445_CB2_11,001,2023-11-21_15h23.10.170,3_End,2023.2.3,59.99278886075837,2023-11-21 15h23.21.469280 +0000,
18,5,candle,candlecn,./stims/CritBystanders/candle.jpeg,./stims/CritBystanders/backpackcn.jpeg,RS,RS_8,,,,,,,,,0,17,17,17,,,,,167.74783379997825,,,,,,,,,167.73213839996606,0.9992482999805361,,178.115115099994,[-0.03333333333333333],[0.4324074074074074],[1],[0],[0],[10.377295100013725],,,,,,,,,,,,2111_1445_CB2_11,001,2023-11-21_15h23.10.170,3_End,2023.2.3,59.99278886075837,2023-11-21 15h23.21.469280 +0000,
19,5,bucket,bucketcn,./stims/CritBystanders/bucket.jpeg,./stims/CritBystanders/fancn.jpeg,SS,SS_3,,,,,,,,,0,18,18,18,,,,,178.1311599999899,,,,,,,,,178.11571709997952,0.9990028000320308,,183.14851680002175,[-0.030555555555555555],[0.4305555555555556],[1],[0],[0],[5.026855299947783],,,,,,,,,,,,2111_1445_CB2_11,001,2023-11-21_15h23.10.170,3_End,2023.2.3,59.99278886075837,2023-11-21 15h23.21.469280 +0000,
20,5,peacock,peacockcn,./stims/CritBystanders/peacock.jpeg,./stims/CritBystanders/wastebasketcn.jpeg,SR,SR_5,,,,,,,,,0,19,19,19,,,,,183.16450219997205,,,,,,,,,183.1490577000077,0.9990063000004739,,193.3319287999766,[0.0],[0.41388888888888886],[1],[0],[0],[10.177293199987616],,,,,,,,,,,,2111_1445_CB2_11,001,2023-11-21_15h23.10.170,3_End,2023.2.3,59.99278886075837,2023-11-21 15h23.21.469280 +0000,
21,6,iron,ironcn,./stims/CritBystanders/iron.jpeg,./stims/CritBystanders/shoescn.jpeg,RR,RR_7,,,,,,,,,0,20,20,20,,,,,193.34789979999186,,,,,,,,,193.3325253999792,1.015582700027153,,203.73183319997042,[0.000925925925925926],[0.41388888888888886],[1],[0],[0],[10.39351549994899],,,,,,,,,,,,2111_1445_CB2_11,001,2023-11-21_15h23.10.170,3_End,2023.2.3,59.99278886075837,2023-11-21 15h23.21.469280 +0000,
22,6,chair,chaircn,./stims/CritBystanders/chair.jpeg,./stims/CritBystanders/scissorscn.jpeg,SS,SS_6,,,,,,,,,0,21,21,21,,,,,203.74788549996447,,,,,,,,,203.73242519999621,0.9990198999876156,,207.74852660001488,[0.000925925925925926],[0.41388888888888886],[1],[0],[0],[4.01019650005037],,,,,,,,,,,,2111_1445_CB2_11,001,2023-11-21_15h23.10.170,3_End,2023.2.3,59.99278886075837,2023-11-21 15h23.21.469280 +0000,
23,6,umbrella,umbrellacn,./stims/CritBystanders/umbrella.jpeg,./stims/CritBystanders/telephonecn.jpeg,RS,RS_4,,,,,,,,,0,22,22,22,,,,,207.76461169996765,,,,,,,,,207.74910770001588,0.999007900012657,15.999044399999548,223.7483211000217,[],[],[],[],[],[],,,,,,,,,,,,2111_1445_CB2_11,001,2023-11-21_15h23.10.170,3_End,2023.2.3,59.99278886075837,2023-11-21 15h23.21.469280 +0000,
24,6,books,bookscn,./stims/CritBystanders/books.jpeg,./stims/CritBystanders/capcn.jpeg,SR,SR_2,,,,,,,,,0,23,23,23,,,,,223.7646250000107,,,,,,,,,223.7488541000057,0.9990397999645211,,229.49855819996446,[0.000925925925925926],[0.41388888888888886],[1],[0],[0],[5.743811299966183],,,,,,,,,,,,2111_1445_CB2_11,001,2023-11-21_15h23.10.170,3_End,2023.2.3,59.99278886075837,2023-11-21 15h23.21.469280 +0000,
25,7,backpack,backpackcn,./stims/CritBystanders/backpack.jpeg,./stims/CritBystanders/cratecn.jpeg,SR,SR_8,,,,,,,,,0,24,24,24,,,,,229.51462949998677,,,,,,,,,229.49915220000548,0.9990200000465848,15.999072800041176,245.49828419997357,[],[],[],[],[],[],,,,,,,,,,,,2111_1445_CB2_11,001,2023-11-21_15h23.10.170,3_End,2023.2.3,59.99278886075837,2023-11-21 15h23.21.469280 +0000,
26,7,guitar,guitarcn,./stims/CritBystanders/guitar.jpeg,./stims/CritBystanders/umbrellacn.jpeg,RR,RR_4,,,,,,,,,0,25,25,25,,,,,245.51467140001478,,,,,,,,,245.4988163000089,0.9990783000248484,,253.8486251999857,[0.000925925925925926],[0.41388888888888886],[1],[0],[0],[8.34441690001404],,,,,,,,,,,,2111_1445_CB2_11,001,2023-11-21_15h23.10.170,3_End,2023.2.3,59.99278886075837,2023-11-21 15h23.21.469280 +0000,
27,7,shoes,shoescn,./stims/CritBystanders/shoes.jpeg,./stims/CritBystanders/soccerballcn.jpeg,RS,RS_7,,,,,,,,,0,26,26,26,,,,,253.86469149996992,,,,,,,,,253.8492496999679,1.015668700041715,,264.64862290001474,[0.000925925925925926],[0.41388888888888886],[1],[0],[0],[10.79364310001256],,,,,,,,,,,,2111_1445_CB2_11,001,2023-11-21_15h23.10.170,3_End,2023.2.3,59.99278886075837,2023-11-21 15h23.21.469280 +0000,
28,7,video,videocn,./stims/CritBystanders/video.jpeg,./stims/CritBystanders/ironcn.jpeg,SS,SS_7,,,,,,,,,0,27,27,27,,,,,264.6647343999939,,,,,,,,,264.64922520000255,0.9990239000180736,,273.51524430001155,[0.000925925925925926],[0.41388888888888886],[1],[0],[0],[8.86023229995044],,,,,,,,,,,,2111_1445_CB2_11,001,2023-11-21_15h23.10.170,3_End,2023.2.3,59.99278886075837,2023-11-21 15h23.21.469280 +0000,
29,8,coffeemug,coffeemugcn,./stims/CritBystanders/coffeemug.jpeg,./stims/CritBystanders/keyscn.jpeg,RS,RS_3,,,,,,,,,0,28,28,28,,,,,273.5314185000025,,,,,,,,,273.51579069998115,0.9991597000043839,,281.8651849000016,[0.000925925925925926],[0.41388888888888886],[1],[0],[0],[8.343516199965961],,,,,,,,,,,,2111_1445_CB2_11,001,2023-11-21_15h23.10.170,3_End,2023.2.3,59.99278886075837,2023-11-21 15h23.21.469280 +0000,
30,8,stapler,staplercn,./stims/CritBystanders/stapler.jpeg,./stims/CritBystanders/electriccordcn.jpeg,SR,SR_1,,,,,,,,,0,29,29,29,,,,,281.8814134999993,,,,,,,,,281.86579209996853,0.9992174999788404,15.999219999997877,297.8650709000067,[],[],[],[],[],[],,,,,,,,,,,,2111_1445_CB2_11,001,2023-11-21_15h23.10.170,3_End,2023.2.3,59.99278886075837,2023-11-21 15h23.21.469280 +0000,
31,8,wastebasket,wastebasketcn,./stims/CritBystanders/wastebasket.jpeg,./stims/CritBystanders/clipboardcn.jpeg,SS,SS_5,,,,,,,,,0,30,30,30,,,,,297.8814592999988,,,,,,,,,297.86559160001343,0.9992780999746174,,311.082117700018,[0.000925925925925926],[0.41388888888888886],[1],[0],[0],[13.210890800051857],,,,,,,,,,,,2111_1445_CB2_11,001,2023-11-21_15h23.10.170,3_End,2023.2.3,59.99278886075837,2023-11-21 15h23.21.469280 +0000,
32,8,watch,watchcn,./stims/CritBystanders/watch.jpeg,./stims/CritBystanders/candlecn.jpeg,RR,RR_8,,,,,,,,,0,31,31,31,,,,,311.0981633000192,,,,,,,,,311.0827103999909,0.9990051999920979,,319.6154402999673,[-0.003703703703703704],[0.4166666666666667],[1],[0],[0],[8.526913100038655],,,,,,,,,,,,2111_1445_CB2_11,001,2023-11-21_15h23.10.170,3_End,2023.2.3,59.99278886075837,2023-11-21 15h23.21.469280 +0000,
,,,,,,,,,,,,,,,,,,,,,,,,,,319.61589499999536,319.6314981000032,319.6314981000032,331.9154625000083,p,12.27608889999101,None,,,,,,,,,,,,,,,,,,,,,,2111_1445_CB2_11,001,2023-11-21_15h23.10.170,3_End,2023.2.3,59.99278886075837,2023-11-21 15h23.21.469280 +0000,
,,,,,,,,1,1,pan,pancn,./stims/AcqBystanders/pan.jpeg,./stims/AcqBystanders/pancn.jpeg,SS,SS_2,,,,,0,0,0,0,331.9486192999757,,,,,,,,,,,,,,,,,,,331.9243708999711,0.9994269999442622,342.49889899999835,[-0.023148148148148147],[0.48055555555555557],[1],[0],[0],[10.556663799972739],,,2111_1445_CB2_11,001,2023-11-21_15h23.10.170,3_End,2023.2.3,59.99278886075837,2023-11-21 15h23.21.469280 +0000,
,,,,,,,,2,1,lightbulb,lightbulbcn,./stims/AcqBystanders/lightbulb.jpeg,./stims/AcqBystanders/lightbulbcn.jpeg,SR,SR_3,,,,,0,1,1,1,342.61545490002027,,,,,,,,,,,,,,,,,,,342.49981180002214,1.0153063000179827,353.3321582999779,[-0.023148148148148147],[0.48055555555555557],[1],[0],[0],[10.736200799990911],,,2111_1445_CB2_11,001,2023-11-21_15h23.10.170,3_End,2023.2.3,59.99278886075837,2023-11-21 15h23.21.469280 +0000,
,,,,,,,,3,1,shampoo,shampoocn,./stims/AcqBystanders/shampoo.jpeg,./stims/AcqBystanders/shampoocn.jpeg,RS,RS_4,,,,,0,2,2,2,353.3653389000101,,,,,,,,,,,,,,,,,,,353.3327443000162,0.9990689000114799,360.4657885999768,[-0.025],[0.48055555555555557],[1],[0],[0],[7.113351600011811],,,2111_1445_CB2_11,001,2023-11-21_15h23.10.170,3_End,2023.2.3,59.99278886075837,2023-11-21 15h23.21.469280 +0000,
,,,,,,,,4,1,mandms,mandmscn,./stims/AcqBystanders/mandms.jpeg,./stims/AcqBystanders/mandmscn.jpeg,RR,RR_2,,,,,0,3,3,3,360.4815996999969,,,,,,,,,,,,,,,,,,,360.46637450001435,1.0155670000240207,363.53220269997837,[-0.025],[0.48055555555555557],[1],[0],[0],[3.057097300013993],,,2111_1445_CB2_11,001,2023-11-21_15h23.10.170,3_End,2023.2.3,59.99278886075837,2023-11-21 15h23.21.469280 +0000,
,,,,,,,,5,1,sheet,sheetcn,./stims/AcqBystanders/sheet.jpeg,./stims/AcqBystanders/sheetcn.jpeg,RS,RS_3,,,,,0,4,4,4,363.54829419997986,,,,,,,,,,,,,,,,,,,363.53276729997015,0.9990883999853395,375.5156135999714,[-0.021296296296296296],[0.4842592592592593],[1],[0],[0],[11.976103799999692],,,2111_1445_CB2_11,001,2023-11-21_15h23.10.170,3_End,2023.2.3,59.99278886075837,2023-11-21 15h23.21.469280 +0000,
,,,,,,,,6,1,bottle,bottlecn,./stims/AcqBystanders/bottle.jpeg,./stims/AcqBystanders/bottlecn.jpeg,SS,SS_1,,,,,0,5,5,5,375.53163769998355,,,,,,,,,,,,,,,,,,,375.51621319999686,1.0156410999479704,380.4322529999772,[-0.021296296296296296],[0.4842592592592593],[1],[0],[0],[4.910004600009415],,,2111_1445_CB2_11,001,2023-11-21_15h23.10.170,3_End,2023.2.3,59.99278886075837,2023-11-21 15h23.21.469280 +0000,
,,,,,,,,7,1,trunk,trunkcn,./stims/AcqBystanders/trunk.jpeg,./stims/AcqBystanders/trunkcn.jpeg,SR,SR_1,,,,,0,6,6,6,380.4483222999843,,,,,,,,,,,,,,,,,,,380.4328525000019,0.999131899967324,384.948907700018,[-0.021296296296296296],[0.4842592592592593],[1],[0],[0],[4.51031589997001],,,2111_1445_CB2_11,001,2023-11-21_15h23.10.170,3_End,2023.2.3,59.99278886075837,2023-11-21 15h23.21.469280 +0000,
,,,,,,,,8,1,can,cancn,./stims/AcqBystanders/can.jpeg,./stims/AcqBystanders/cancn.jpeg,RR,RR_3,,,,,0,7,7,7,384.9649915000191,,,,,,,,,,,,,,,,,,,384.9494865000015,0.99906269996427,394.1487854999723,[-0.027777777777777776],[0.4888888888888889],[1],[0],[0],[9.193697899987455],,,2111_1445_CB2_11,001,2023-11-21_15h23.10.170,3_End,2023.2.3,59.99278886075837,2023-11-21 15h23.21.469280 +0000,
,,,,,,,,9,1,towel,towelcn,./stims/AcqBystanders/towel.jpeg,./stims/AcqBystanders/towelcn.jpeg,RS,RS_1,,,,,0,8,8,8,394.16500569996424,,,,,,,,,,,,,,,,,,,394.14935139997397,0.9992216000100598,399.5656696999795,[-0.028703703703703703],[0.4888888888888889],[1],[0],[0],[5.410731500014663],,,2111_1445_CB2_11,001,2023-11-21_15h23.10.170,3_End,2023.2.3,59.99278886075837,2023-11-21 15h23.21.469280 +0000,
,,,,,,,,10,1,fireextinguisher,fireextinguishercn,./stims/AcqBystanders/fireextinguisher.jpeg,./stims/AcqBystanders/fireextinguishercn.jpeg,RR,RR_1,,,,,0,9,9,9,399.5817468999885,,,,,,,,,,,,,,,,,,,399.5662611000007,1.0156883000163361,410.86566609999863,[-0.024074074074074074],[0.5],[1],[0],[0],[11.292967699992005],,,2111_1445_CB2_11,001,2023-11-21_15h23.10.170,3_End,2023.2.3,59.99278886075837,2023-11-21 15h23.21.469280 +0000,
,,,,,,,,11,1,passport,passportcn,./stims/AcqBystanders/passport.jpeg,./stims/AcqBystanders/passportcn.jpeg,SS,SS_3,,,,,0,10,10,10,410.8817332999897,,,,,,,,,,,,,,,,,,,410.86626729997806,0.9990025000297464,416.8490572000155,[-0.040740740740740744],[0.5],[1],[0],[0],[5.9751927999896],,,2111_1445_CB2_11,001,2023-11-21_15h23.10.170,3_End,2023.2.3,59.99278886075837,2023-11-21 15h23.21.469280 +0000,
,,,,,,,,12,1,headphones,headphonescn,./stims/AcqBystanders/headphones.jpeg,./stims/AcqBystanders/headphonescn.jpeg,SR,SR_2,,,,,0,11,11,11,416.86506529996404,,,,,,,,,,,,,,,,,,,416.84966459998395,1.0156342000118457,432.8651880999678,[],[],[],[],[],[],,,2111_1445_CB2_11,001,2023-11-21_15h23.10.170,3_End,2023.2.3,59.99278886075837,2023-11-21 15h23.21.469280 +0000,
,,,,,,,,13,1,perfume,perfumecn,./stims/AcqBystanders/perfume.jpeg,./stims/AcqBystanders/perfumecn.jpeg,SR,SR_4,,,,,0,12,12,12,432.8818078999757,,,,,,,,,,,,,,,,,,,432.8657116999966,0.9990101000294089,440.28220429999055,[-0.040740740740740744],[0.5],[1],[0],[0],[7.4105093000107445],,,2111_1445_CB2_11,001,2023-11-21_15h23.10.170,3_End,2023.2.3,59.99278886075837,2023-11-21 15h23.21.469280 +0000,
,,,,,,,,14,1,cup,cupcn,./stims/AcqBystanders/cup.jpeg,./stims/AcqBystanders/cupcn.jpeg,RS,RS_2,,,,,0,13,13,13,440.38222789997235,,,,,,,,,,,,,,,,,,,440.2828051999677,0.9992076000198722,451.31578100001207,[-0.1787037037037037],[0.5],[1],[0],[0],[10.945123599958606],,,2111_1445_CB2_11,001,2023-11-21_15h23.10.170,3_End,2023.2.3,59.99278886075837,2023-11-21 15h23.21.469280 +0000,
,,,,,,,,,,,,,,,,,,,,,,,,,,,,,,,,,,,,,,,,,,,,,,,,,,,,451.31623050000053,451.3317889000173,,,,,,,,
