﻿order_ext,blk_ext,bystander_ext,test_item_ext,bystander_loc_ext,test_item_loc_ext,trial_type_ext,itemNo_ext,order_cond_acq,blk_cond_acq,bystander_cond_acq,test_item_cond_acq,bystander_loc_cond_acq,test_item_loc_cond_acq,trial_type_cond_acq,itemNo_cond_acq,trials.thisRepN,trials.thisTrialN,trials.thisN,trials.thisIndex,trials_2.thisRepN,trials_2.thisTrialN,trials_2.thisN,trials_2.thisIndex,thisRow.t,notes,INSTRUCTION.started,instruct1.started,ok1.started,INSTRUCTION.stopped,ok1.keys,ok1.rt,ok1.duration,END_EXT.started,mouse_ext.started,END_EXT.stopped,mouse_ext.x,mouse_ext.y,mouse_ext.leftButton,mouse_ext.midButton,mouse_ext.rightButton,mouse_ext.time,END_ACQ.started,mouse_cond.started,END_ACQ.stopped,mouse_cond.x,mouse_cond.y,mouse_cond.leftButton,mouse_cond.midButton,mouse_cond.rightButton,mouse_cond.time,thanks.started,thanksMsg.started,participant,session,date,expName,psychopyVersion,frameRate,expStart,
,,,,,,,,,,,,,,,,,,,,,,,,,,0.0200118999928236,0.03656699997372925,0.03656699997372925,6.0203681999701075,b,5.97518950002268,None,,,,,,,,,,,,,,,,,,,,,2111_0900_SB4_08,001,2023-11-21_09h42.32.753,3_End,2023.2.3,60.008485208531724,2023-11-21 09h42.45.889360 +0000,
1,1,walkman,walkmancn,./stims/CritBystanders/cap.jpeg,./stims/CritBystanders/bookscn.jpeg,SS,SS_2,,,,,,,,,0,0,0,0,,,,,6.069863800017629,,,,,,,,,6.035892300016712,0.999506400024984,19.720526799967047,[0.3351851851851852],[0.4962962962962963],[1],[0],[0],[13.666986399970483],,,,,,,,,,,,2111_0900_SB4_08,001,2023-11-21_09h42.32.753,3_End,2023.2.3,60.008485208531724,2023-11-21 09h42.45.889360 +0000,
2,1,wallet,walletcn,./stims/CritBystanders/chessboard.jpeg,./stims/CritBystanders/walletcn.jpeg,SR,SR_6,,,,,,,,,0,1,1,1,,,,,19.736585700011346,,,,,,,,,19.721495900012087,1.0152943000430241,27.15378419996705,[0.3351851851851852],[0.4962962962962963],[1],[0],[0],[7.426699500007089],,,,,,,,,,,,2111_0900_SB4_08,001,2023-11-21_09h42.32.753,3_End,2023.2.3,60.008485208531724,2023-11-21 09h42.45.889360 +0000,
3,1,scissors,scissorscn,./stims/CritBystanders/wallet.jpeg,./stims/CritBystanders/scissorscn.jpeg,RS,RS_6,,,,,,,,,0,2,2,2,,,,,27.169917599996552,,,,,,,,,27.154304199968465,0.9992109999875538,33.87049110000953,[0.3351851851851852],[0.4962962962962963],[1],[0],[0],[6.710549300012644],,,,,,,,,,,,2111_0900_SB4_08,001,2023-11-21_09h42.32.753,3_End,2023.2.3,60.008485208531724,2023-11-21 09h42.45.889360 +0000,
4,1,wastebasket,wastebasketcn,./stims/CritBystanders/clipboard.jpeg,./stims/CritBystanders/wastebasketcn.jpeg,RR,RR_5,,,,,,,,,0,3,3,3,,,,,33.88661340001272,,,,,,,,,33.87108539999463,0.9990875999792479,37.5538618999999,[0.3351851851851852],[0.4962962962962963],[1],[0],[0],[3.6769129000022076],,,,,,,,,,,,2111_0900_SB4_08,001,2023-11-21_09h42.32.753,3_End,2023.2.3,60.008485208531724,2023-11-21 09h42.45.889360 +0000,
5,2,clipboard,clipboardcn,./stims/CritBystanders/comb.jpeg,./stims/CritBystanders/clipboardcn.jpeg,RS,RS_5,,,,,,,,,0,4,4,4,,,,,37.56994079996366,,,,,,,,,37.55440490000183,0.9990919000119902,44.73721370002022,[0.3351851851851852],[0.4962962962962963],[1],[0],[0],[7.177003099990543],,,,,,,,,,,,2111_0900_SB4_08,001,2023-11-21_09h42.32.753,3_End,2023.2.3,60.008485208531724,2023-11-21 09h42.45.889360 +0000,
6,2,stapler,staplercn,./stims/CritBystanders/electriccord.jpeg,./stims/CritBystanders/staplercn.jpeg,SS,SS_1,,,,,,,,,0,5,5,5,,,,,44.753286899998784,,,,,,,,,44.737778900016565,0.9991098000318743,55.20398639998166,[0.3351851851851852],[0.4962962962962963],[1],[0],[0],[10.460764999967068],,,,,,,,,,,,2111_0900_SB4_08,001,2023-11-21_09h42.32.753,3_End,2023.2.3,60.008485208531724,2023-11-21 09h42.45.889360 +0000,
7,2,cap,capcn,./stims/CritBystanders/toiletpaper.jpeg,./stims/CritBystanders/capcn.jpeg,RR,RR_2,,,,,,,,,0,6,6,6,,,,,55.22000550001394,,,,,,,,,55.20455670001684,1.0156707999994978,62.57057579996763,[0.3351851851851852],[0.4962962962962963],[1],[0],[0],[7.360564099973999],,,,,,,,,,,,2111_0900_SB4_08,001,2023-11-21_09h42.32.753,3_End,2023.2.3,60.008485208531724,2023-11-21 09h42.45.889360 +0000,
8,2,coffeemug,coffeemugcn,./stims/CritBystanders/keys.jpeg,./stims/CritBystanders/coffeemugcn.jpeg,SR,SR_3,,,,,,,,,0,7,7,7,,,,,62.58666329999687,,,,,,,,,62.5711592999869,0.9990743999951519,69.80388600000879,[0.3351851851851852],[0.4962962962962963],[1],[0],[0],[7.226975800003856],,,,,,,,,,,,2111_0900_SB4_08,001,2023-11-21_09h42.32.753,3_End,2023.2.3,60.008485208531724,2023-11-21 09h42.45.889360 +0000,
9,3,chair,chaircn,./stims/CritBystanders/scissors.jpeg,./stims/CritBystanders/chaircn.jpeg,RR,RR_6,,,,,,,,,0,8,8,8,,,,,69.82001769996714,,,,,,,,,69.80445270001655,0.9991460999590345,80.13731789996382,[0.3351851851851852],[0.4962962962962963],[1],[0],[0],[10.327863299986348],,,,,,,,,,,,2111_0900_SB4_08,001,2023-11-21_09h42.32.753,3_End,2023.2.3,60.008485208531724,2023-11-21 09h42.45.889360 +0000,
10,3,shoes,shoescn,./stims/CritBystanders/soccerball.jpeg,./stims/CritBystanders/shoescn.jpeg,SR,SR_7,,,,,,,,,0,9,9,9,,,,,80.15338360000169,,,,,,,,,80.13789479999105,0.9990538000129163,86.0539465000038,[0.3351851851851852],[0.4962962962962963],[1],[0],[0],[5.910693199955858],,,,,,,,,,,,2111_0900_SB4_08,001,2023-11-21_09h42.32.753,3_End,2023.2.3,60.008485208531724,2023-11-21 09h42.45.889360 +0000,
11,3,backpack,backpackcn,./stims/CritBystanders/crate.jpeg,./stims/CritBystanders/backpackcn.jpeg,SS,SS_8,,,,,,,,,0,10,10,10,,,,,86.07003479998093,,,,,,,,,86.05445809999947,0.999135899997782,90.85404249996645,[0.3351851851851852],[0.4962962962962963],[1],[0],[0],[4.793755300051998],,,,,,,,,,,,2111_0900_SB4_08,001,2023-11-21_09h42.32.753,3_End,2023.2.3,60.008485208531724,2023-11-21 09h42.45.889360 +0000,
12,3,toiletpaper,toiletpapercn,./stims/CritBystanders/walkman.jpeg,./stims/CritBystanders/toiletpapercn.jpeg,RS,RS_2,,,,,,,,,0,11,11,11,,,,,90.87012079998385,,,,,,,,,90.85460640001111,0.9990029000327922,96.37069140002131,[0.3351851851851852],[0.4962962962962963],[1],[0],[0],[5.51071459997911],,,,,,,,,,,,2111_0900_SB4_08,001,2023-11-21_09h42.32.753,3_End,2023.2.3,60.008485208531724,2023-11-21 09h42.45.889360 +0000,
13,4,electriccord,electriccordcn,./stims/CritBystanders/computer.jpeg,./stims/CritBystanders/electriccordcn.jpeg,RR,RR_1,,,,,,,,,0,12,12,12,,,,,96.38674489996629,,,,,,,,,96.37125719996402,0.9990435999934562,103.5206642000121,[0.3351851851851852],[0.4962962962962963],[1],[0],[0],[7.1440286000142805],,,,,,,,,,,,2111_0900_SB4_08,001,2023-11-21_09h42.32.753,3_End,2023.2.3,60.008485208531724,2023-11-21 09h42.45.889360 +0000,
14,4,computer,computercn,./stims/CritBystanders/cards.jpeg,./stims/CritBystanders/computercn.jpeg,RS,RS_1,,,,,,,,,0,13,13,13,,,,,103.53676839999389,,,,,,,,,103.52118340000743,0.9990942999720573,108.87069110001903,[0.3351851851851852],[0.4962962962962963],[1],[0],[0],[5.344625500030816],,,,,,,,,,,,2111_0900_SB4_08,001,2023-11-21_09h42.32.753,3_End,2023.2.3,60.008485208531724,2023-11-21 09h42.45.889360 +0000,
15,4,telephone,telephonecn,./stims/CritBystanders/calculator.jpeg,./stims/CritBystanders/telephonecn.jpeg,SS,SS_4,,,,,,,,,0,14,14,14,,,,,108.88679949997459,,,,,,,,,108.87126119999448,0.9990371000021696,118.52076879999368,[0.3351851851851852],[0.4962962962962963],[1],[0],[0],[9.644239000044763],,,,,,,,,,,,2111_0900_SB4_08,001,2023-11-21_09h42.32.753,3_End,2023.2.3,60.008485208531724,2023-11-21 09h42.45.889360 +0000,
16,4,umbrella,umbrellacn,./stims/CritBystanders/telephone.jpeg,./stims/CritBystanders/umbrellacn.jpeg,SR,SR_4,,,,,,,,,0,15,15,15,,,,,118.53682849998586,,,,,,,,,118.5213677000138,1.0157006000517868,128.5207526999875,[0.3351851851851852],[0.4962962962962963],[1],[0],[0],[9.99398679996375],,,,,,,,,,,,2111_0900_SB4_08,001,2023-11-21_09h42.32.753,3_End,2023.2.3,60.008485208531724,2023-11-21 09h42.45.889360 +0000,
17,5,bucket,bucketcn,./stims/CritBystanders/fan.jpeg,./stims/CritBystanders/bucketcn.jpeg,RR,RR_3,,,,,,,,,0,16,16,16,,,,,128.5368543000077,,,,,,,,,128.52134420000948,0.9990755000035278,138.8374960999936,[0.3351851851851852],[0.4962962962962963],[1],[0],[0],[10.310679999995045],,,,,,,,,,,,2111_0900_SB4_08,001,2023-11-21_09h42.32.753,3_End,2023.2.3,60.008485208531724,2023-11-21 09h42.45.889360 +0000,
18,5,watch,watchcn,./stims/CritBystanders/candle.jpeg,./stims/CritBystanders/watchcn.jpeg,RS,RS_8,,,,,,,,,0,17,17,17,,,,,138.85350309999194,,,,,,,,,138.8382236000034,1.0155252999975346,146.40391699998872,[0.3351851851851852],[0.4962962962962963],[1],[0],[0],[7.560218000027817],,,,,,,,,,,,2111_0900_SB4_08,001,2023-11-21_09h42.32.753,3_End,2023.2.3,60.008485208531724,2023-11-21 09h42.45.889360 +0000,
19,5,keys,keyscn,./stims/CritBystanders/bucket.jpeg,./stims/CritBystanders/keyscn.jpeg,SS,SS_3,,,,,,,,,0,18,18,18,,,,,146.4201815999695,,,,,,,,,146.40447060001316,0.9992985000135377,155.23748379998142,[0.3351851851851852],[0.4962962962962963],[1],[0],[0],[8.8271447000443],,,,,,,,,,,,2111_0900_SB4_08,001,2023-11-21_09h42.32.753,3_End,2023.2.3,60.008485208531724,2023-11-21 09h42.45.889360 +0000,
20,5,comb,combcn,./stims/CritBystanders/peacock.jpeg,./stims/CritBystanders/combcn.jpeg,SR,SR_5,,,,,,,,,0,19,19,19,,,,,155.25356919999467,,,,,,,,,155.23808759998064,0.9990183999761939,166.2208779999637,[0.3351851851851852],[0.4962962962962963],[1],[0],[0],[10.97676049999427],,,,,,,,,,,,2111_0900_SB4_08,001,2023-11-21_09h42.32.753,3_End,2023.2.3,60.008485208531724,2023-11-21 09h42.45.889360 +0000,
21,6,video,videocn,./stims/CritBystanders/iron.jpeg,./stims/CritBystanders/videocn.jpeg,RR,RR_7,,,,,,,,,0,20,20,20,,,,,166.23693790001562,,,,,,,,,166.22145389998332,1.0156941000022925,171.4708870999748,[0.3351851851851852],[0.4962962962962963],[1],[0],[0],[5.2437755999853835],,,,,,,,,,,,2111_0900_SB4_08,001,2023-11-21_09h42.32.753,3_End,2023.2.3,60.008485208531724,2023-11-21 09h42.45.889360 +0000,
22,6,chessboard,chessboardcn,./stims/CritBystanders/chair.jpeg,./stims/CritBystanders/chessboardcn.jpeg,SS,SS_6,,,,,,,,,0,21,21,21,,,,,171.48693650000496,,,,,,,,,171.47145379998256,1.0156949000083841,178.70422780001536,[0.3351851851851852],[0.4962962962962963],[1],[0],[0],[7.227496500010602],,,,,,,,,,,,2111_0900_SB4_08,001,2023-11-21_09h42.32.753,3_End,2023.2.3,60.008485208531724,2023-11-21 09h42.45.889360 +0000,
23,6,guitar,guitarcn,./stims/CritBystanders/umbrella.jpeg,./stims/CritBystanders/guitarcn.jpeg,RS,RS_4,,,,,,,,,0,22,22,22,,,,,178.72027869999874,,,,,,,,,178.7047922000056,0.9990634999703616,186.30419369996525,[0.3351851851851852],[0.4962962962962963],[1],[0],[0],[7.5936763000208884],,,,,,,,,,,,2111_0900_SB4_08,001,2023-11-21_09h42.32.753,3_End,2023.2.3,60.008485208531724,2023-11-21 09h42.45.889360 +0000,
24,6,walkman,walkmancn,./stims/CritBystanders/books.jpeg,./stims/CritBystanders/walkmancn.jpeg,SR,SR_2,,,,,,,,,0,23,23,23,,,,,186.32029790000524,,,,,,,,,186.30472299997928,0.9991136000026017,194.82092079997528,[0.3351851851851852],[0.4962962962962963],[1],[0],[0],[8.510949800023809],,,,,,,,,,,,2111_0900_SB4_08,001,2023-11-21_09h42.32.753,3_End,2023.2.3,60.008485208531724,2023-11-21 09h42.45.889360 +0000,
25,7,candle,candlecn,./stims/CritBystanders/backpack.jpeg,./stims/CritBystanders/candlecn.jpeg,SR,SR_8,,,,,,,,,0,24,24,24,,,,,194.8369623000035,,,,,,,,,194.82152029999997,0.9990007999585941,206.27096729999175,[0.3351851851851852],[0.4962962962962963],[1],[0],[0],[11.443646800005808],,,,,,,,,,,,2111_0900_SB4_08,001,2023-11-21_09h42.32.753,3_End,2023.2.3,60.008485208531724,2023-11-21 09h42.45.889360 +0000,
26,7,calculator,calculatorcn,./stims/CritBystanders/guitar.jpeg,./stims/CritBystanders/calculatorcn.jpeg,RR,RR_4,,,,,,,,,0,25,25,25,,,,,206.28701500000898,,,,,,,,,206.27153159998124,0.9990508999908343,215.10413980000885,[0.3351851851851852],[0.4962962962962963],[1],[0],[0],[8.82695950003108],,,,,,,,,,,,2111_0900_SB4_08,001,2023-11-21_09h42.32.753,3_End,2023.2.3,60.008485208531724,2023-11-21 09h42.45.889360 +0000,
27,7,iron,ironcn,./stims/CritBystanders/shoes.jpeg,./stims/CritBystanders/ironcn.jpeg,RS,RS_7,,,,,,,,,0,26,26,26,,,,,215.1203626000206,,,,,,,,,215.10471749998396,0.9991881000460126,221.3043314999668,[0.3351851851851852],[0.4962962962962963],[1],[0],[0],[6.193834399979096],,,,,,,,,,,,2111_0900_SB4_08,001,2023-11-21_09h42.32.753,3_End,2023.2.3,60.008485208531724,2023-11-21 09h42.45.889360 +0000,
28,7,soccerball,soccerballcn,./stims/CritBystanders/video.jpeg,./stims/CritBystanders/soccerballcn.jpeg,SS,SS_7,,,,,,,,,0,27,27,27,,,,,221.3203773999703,,,,,,,,,221.30490270000882,0.9990507999900728,227.68771520000882,[0.3351851851851852],[0.4962962962962963],[1],[0],[0],[6.3775136999902315],,,,,,,,,,,,2111_0900_SB4_08,001,2023-11-21_09h42.32.753,3_End,2023.2.3,60.008485208531724,2023-11-21 09h42.45.889360 +0000,
29,8,fan,fancn,./stims/CritBystanders/coffeemug.jpeg,./stims/CritBystanders/fancn.jpeg,RS,RS_3,,,,,,,,,0,28,28,28,,,,,227.70374580001226,,,,,,,,,227.68824109999696,0.9990565000334755,235.15432319999672,[0.3351851851851852],[0.4962962962962963],[1],[0],[0],[7.460641500016209],,,,,,,,,,,,2111_0900_SB4_08,001,2023-11-21_09h42.32.753,3_End,2023.2.3,60.008485208531724,2023-11-21 09h42.45.889360 +0000,
30,8,cards,cardscn,./stims/CritBystanders/stapler.jpeg,./stims/CritBystanders/cardscn.jpeg,SR,SR_1,,,,,,,,,0,29,29,29,,,,,235.17040020000422,,,,,,,,,235.15483690000838,0.999218600045424,241.45442209998146,[0.27870370370370373],[0.462037037037037],[1],[0],[0],[6.294045299990103],,,,,,,,,,,,2111_0900_SB4_08,001,2023-11-21_09h42.32.753,3_End,2023.2.3,60.008485208531724,2023-11-21 09h42.45.889360 +0000,
31,8,peacock,peacockcn,./stims/CritBystanders/wastebasket.jpeg,./stims/CritBystanders/peacockcn.jpeg,SS,SS_5,,,,,,,,,0,30,30,30,,,,,241.47045720001915,,,,,,,,,241.45521210000152,1.0154810000094585,245.7545302999788,[0.27870370370370373],[0.462037037037037],[1],[0],[0],[4.293662599986419],,,,,,,,,,,,2111_0900_SB4_08,001,2023-11-21_09h42.32.753,3_End,2023.2.3,60.008485208531724,2023-11-21 09h42.45.889360 +0000,
32,8,crate,cratecn,./stims/CritBystanders/watch.jpeg,./stims/CritBystanders/cratecn.jpeg,RR,RR_8,,,,,,,,,0,31,31,31,,,,,245.7704765999806,,,,,,,,,245.75510690000374,1.0155468999873847,251.47107839997625,[0.27870370370370373],[0.462037037037037],[1],[0],[0],[5.710328099958133],,,,,,,,,,,,2111_0900_SB4_08,001,2023-11-21_09h42.32.753,3_End,2023.2.3,60.008485208531724,2023-11-21 09h42.45.889360 +0000,
,,,,,,,,,,,,,,,,,,,,,,,,,,251.47152540000388,251.48711839999305,251.48711839999305,262.5709945000126,v,11.075176100013778,None,,,,,,,,,,,,,,,,,,,,,2111_0900_SB4_08,001,2023-11-21_09h42.32.753,3_End,2023.2.3,60.008485208531724,2023-11-21 09h42.45.889360 +0000,
,,,,,,,,1,1,pan,pancn,./stims/AcqBystanders/pan.jpeg,./stims/AcqBystanders/pancn.jpeg,SS,SS_2,,,,,0,0,0,0,262.6041365999845,,,,,,,,,,,,,,,,,,262.5796977999853,0.9996276999590918,276.704289300018,[0.27870370370370373],[0.462037037037037],[1],[0],[0],[14.10713990003569],,,2111_0900_SB4_08,001,2023-11-21_09h42.32.753,3_End,2023.2.3,60.008485208531724,2023-11-21 09h42.45.889360 +0000,
,,,,,,,,2,1,lightbulb,lightbulbcn,./stims/AcqBystanders/lightbulb.jpeg,./stims/AcqBystanders/lightbulbcn.jpeg,SR,SR_3,,,,,0,1,1,1,276.82099829998333,,,,,,,,,,,,,,,,,,276.7051179999835,1.0156803000136279,282.53763340000296,[0.27870370370370373],[0.462037037037037],[1],[0],[0],[5.735011600016151],,,2111_0900_SB4_08,001,2023-11-21_09h42.32.753,3_End,2023.2.3,60.008485208531724,2023-11-21 09h42.45.889360 +0000,
,,,,,,,,3,1,shampoo,shampoocn,./stims/AcqBystanders/shampoo.jpeg,./stims/AcqBystanders/shampoocn.jpeg,RS,RS_4,,,,,0,2,2,2,282.57096199999796,,,,,,,,,,,,,,,,,,282.538195799978,0.9992385999648832,287.6378809000016,[0.27870370370370373],[0.462037037037037],[1],[0],[0],[5.080246899975464],,,2111_0900_SB4_08,001,2023-11-21_09h42.32.753,3_End,2023.2.3,60.008485208531724,2023-11-21 09h42.45.889360 +0000,
,,,,,,,,4,1,mandms,mandmscn,./stims/AcqBystanders/mandms.jpeg,./stims/AcqBystanders/mandmscn.jpeg,RR,RR_2,,,,,0,3,3,3,287.6539114000043,,,,,,,,,,,,,,,,,,287.638448600017,1.0156586000230163,294.271167400002,[0.27870370370370373],[0.462037037037037],[1],[0],[0],[6.623734200024046],,,2111_0900_SB4_08,001,2023-11-21_09h42.32.753,3_End,2023.2.3,60.008485208531724,2023-11-21 09h42.45.889360 +0000,
,,,,,,,,5,1,sheet,sheetcn,./stims/AcqBystanders/sheet.jpeg,./stims/AcqBystanders/sheetcn.jpeg,RS,RS_3,,,,,0,4,4,4,294.28723139996873,,,,,,,,,,,,,,,,,,294.27173149999,0.9990793999750167,300.27122529997723,[0.27870370370370373],[0.462037037037037],[1],[0],[0],[5.9927844000048935],,,2111_0900_SB4_08,001,2023-11-21_09h42.32.753,3_End,2023.2.3,60.008485208531724,2023-11-21 09h42.45.889360 +0000,
,,,,,,,,6,1,bottle,bottlecn,./stims/AcqBystanders/bottle.jpeg,./stims/AcqBystanders/bottlecn.jpeg,SS,SS_1,,,,,0,5,5,5,300.28726529999403,,,,,,,,,,,,,,,,,,300.27180430002045,0.9990227000089362,311.5878748999676,[0.27870370370370373],[0.462037037037037],[1],[0],[0],[11.31029930000659],,,2111_0900_SB4_08,001,2023-11-21_09h42.32.753,3_End,2023.2.3,60.008485208531724,2023-11-21 09h42.45.889360 +0000,
,,,,,,,,7,1,trunk,trunkcn,./stims/AcqBystanders/trunk.jpeg,./stims/AcqBystanders/trunkcn.jpeg,SR,SR_1,,,,,0,6,6,6,311.60392560000764,,,,,,,,,,,,,,,,,,311.5884463000111,0.9990344999823719,318.8047411000007,[0.27870370370370373],[0.462037037037037],[1],[0],[0],[7.210871900024358],,,2111_0900_SB4_08,001,2023-11-21_09h42.32.753,3_End,2023.2.3,60.008485208531724,2023-11-21 09h42.45.889360 +0000,
,,,,,,,,8,1,can,cancn,./stims/AcqBystanders/can.jpeg,./stims/AcqBystanders/cancn.jpeg,RR,RR_3,,,,,0,7,7,7,318.8206119000097,,,,,,,,,,,,,,,,,,318.8053162000142,1.01554519997444,326.05458489997545,[0.27870370370370373],[0.462037037037037],[1],[0],[0],[7.243540800001938],,,2111_0900_SB4_08,001,2023-11-21_09h42.32.753,3_End,2023.2.3,60.008485208531724,2023-11-21 09h42.45.889360 +0000,
,,,,,,,,9,1,towel,towelcn,./stims/AcqBystanders/towel.jpeg,./stims/AcqBystanders/towelcn.jpeg,RS,RS_1,,,,,0,8,8,8,326.07064170000376,,,,,,,,,,,,,,,,,,326.05515799997374,0.9990077000111341,330.7046031000209,[0.27870370370370373],[0.462037037037037],[1],[0],[0],[4.643688200041652],,,2111_0900_SB4_08,001,2023-11-21_09h42.32.753,3_End,2023.2.3,60.008485208531724,2023-11-21 09h42.45.889360 +0000,
,,,,,,,,10,1,fireextinguisher,fireextinguishercn,./stims/AcqBystanders/fireextinguisher.jpeg,./stims/AcqBystanders/fireextinguishercn.jpeg,RR,RR_1,,,,,0,9,9,9,330.72065590001876,,,,,,,,,,,,,,,,,,330.7052116999985,1.015649500011932,337.10460319998674,[0.27870370370370373],[0.462037037037037],[1],[0],[0],[6.393588000035379],,,2111_0900_SB4_08,001,2023-11-21_09h42.32.753,3_End,2023.2.3,60.008485208531724,2023-11-21 09h42.45.889360 +0000,
,,,,,,,,11,1,passport,passportcn,./stims/AcqBystanders/passport.jpeg,./stims/AcqBystanders/passportcn.jpeg,SS,SS_3,,,,,0,10,10,10,337.1207162999781,,,,,,,,,,,,,,,,,,337.10519460000796,0.9990101000294089,343.6713580000214,[0.29444444444444445],[0.46574074074074073],[1],[0],[0],[6.558746599999722],,,2111_0900_SB4_08,001,2023-11-21_09h42.32.753,3_End,2023.2.3,60.008485208531724,2023-11-21 09h42.45.889360 +0000,
,,,,,,,,12,1,headphones,headphonescn,./stims/AcqBystanders/headphones.jpeg,./stims/AcqBystanders/headphonescn.jpeg,SR,SR_2,,,,,0,11,11,11,343.6873579999665,,,,,,,,,,,,,,,,,,343.6719417999848,1.0156234999885783,352.2380043999874,[0.29444444444444445],[0.46574074074074073],[1],[0],[0],[8.560397299996112],,,2111_0900_SB4_08,001,2023-11-21_09h42.32.753,3_End,2023.2.3,60.008485208531724,2023-11-21 09h42.45.889360 +0000,
,,,,,,,,13,1,perfume,perfumecn,./stims/AcqBystanders/perfume.jpeg,./stims/AcqBystanders/perfumecn.jpeg,SR,SR_4,,,,,0,12,12,12,352.2540329999756,,,,,,,,,,,,,,,,,,352.23858439998,0.9990180999739096,359.6714173000073,[0.29444444444444445],[0.46574074074074073],[1],[0],[0],[7.426999000017531],,,2111_0900_SB4_08,001,2023-11-21_09h42.32.753,3_End,2023.2.3,60.008485208531724,2023-11-21 09h42.45.889360 +0000,
,,,,,,,,14,1,cup,cupcn,./stims/AcqBystanders/cup.jpeg,./stims/AcqBystanders/cupcn.jpeg,RS,RS_2,,,,,0,13,13,13,359.7710714999703,,,,,,,,,,,,,,,,,,359.6720152000198,1.0156030000071041,364.7379697000142,[0.29444444444444445],[0.46574074074074073],[1],[0],[0],[4.977431400038768],,,2111_0900_SB4_08,001,2023-11-21_09h42.32.753,3_End,2023.2.3,60.008485208531724,2023-11-21 09h42.45.889360 +0000,
,,,,,,,,,,,,,,,,,,,,,,,,,,,,,,,,,,,,,,,,,,,,,,,,,,,364.73839989997214,364.75409190001665,,,,,,,,
