﻿order_ext,blk_ext,bystander_ext,test_item_ext,bystander_loc_ext,test_item_loc_ext,trial_type_ext,itemNo_ext,order_cond_acq,blk_cond_acq,bystander_cond_acq,test_item_cond_acq,bystander_loc_cond_acq,test_item_loc_cond_acq,trial_type_cond_acq,itemNo_cond_acq,trials.thisRepN,trials.thisTrialN,trials.thisN,trials.thisIndex,trials_2.thisRepN,trials_2.thisTrialN,trials_2.thisN,trials_2.thisIndex,thisRow.t,notes,INSTRUCTION.started,instruct1.started,ok1.started,INSTRUCTION.stopped,ok1.keys,ok1.rt,ok1.duration,END_EXT.started,mouse_ext.started,mouse_ext.stopped,END_EXT.stopped,mouse_ext.x,mouse_ext.y,mouse_ext.leftButton,mouse_ext.midButton,mouse_ext.rightButton,mouse_ext.time,END_ACQ.started,mouse_cond.started,END_ACQ.stopped,mouse_cond.x,mouse_cond.y,mouse_cond.leftButton,mouse_cond.midButton,mouse_cond.rightButton,mouse_cond.time,mouse_cond.stopped,thanks.started,thanksMsg.started,participant,session,date,expName,psychopyVersion,frameRate,expStart,
,,,,,,,,,,,,,,,,,,,,,,,,,,0.008270699996501207,0.024839900026563555,0.024839900026563555,17.042275300016627,space,17.015400899981614,None,,,,,,,,,,,,,,,,,,,,,,,2111_1245_CB1_10,001,2023-11-21_13h26.13.360,3_End,2023.2.3,60.00780101764644,2023-11-21 13h26.26.970127 +0000,
1,1,cap,capcn,./stims/CritBystanders/cap.jpeg,./stims/CritBystanders/capcn.jpeg,SS,SS_2,,,,,,,,,0,0,0,0,,,,,17.091507000033744,,,,,,,,,17.055943300016224,0.9993217999581248,15.999262599973008,33.04176079999888,[],[],[],[],[],[],,,,,,,,,,,,,2111_1245_CB1_10,001,2023-11-21_13h26.13.360,3_End,2023.2.3,60.00780101764644,2023-11-21 13h26.26.970127 +0000,
2,1,chessboard,chessboardcn,./stims/CritBystanders/chessboard.jpeg,./stims/CritBystanders/chessboardcn.jpeg,SR,SR_6,,,,,,,,,0,1,1,1,,,,,33.05819900002098,,,,,,,,,33.04265210003359,0.9992897999472916,,44.24215470004128,[0.4888888888888889],[0.47685185185185186],[1],[0],[0],[11.193830299947876],,,,,,,,,,,,,2111_1245_CB1_10,001,2023-11-21_13h26.13.360,3_End,2023.2.3,60.00780101764644,2023-11-21 13h26.26.970127 +0000,
3,1,wallet,walletcn,./stims/CritBystanders/wallet.jpeg,./stims/CritBystanders/walletcn.jpeg,RS,RS_6,,,,,,,,,0,2,2,2,,,,,44.25821649999125,,,,,,,,,44.24276799999643,0.9990097000263631,,53.308807699999306,[0.4888888888888889],[0.47685185185185186],[1],[0],[0],[9.06026210001437],,,,,,,,,,,,,2111_1245_CB1_10,001,2023-11-21_13h26.13.360,3_End,2023.2.3,60.00780101764644,2023-11-21 13h26.26.970127 +0000,
4,1,clipboard,clipboardcn,./stims/CritBystanders/clipboard.jpeg,./stims/CritBystanders/clipboardcn.jpeg,RR,RR_5,,,,,,,,,0,3,3,3,,,,,53.32487920002313,,,,,,,,,53.309346900030505,0.9991096999729052,,62.04210750001948,[0.4888888888888889],[0.47685185185185186],[1],[0],[0],[8.727356400049757],,,,,,,,,,,,,2111_1245_CB1_10,001,2023-11-21_13h26.13.360,3_End,2023.2.3,60.00780101764644,2023-11-21 13h26.26.970127 +0000,
5,2,comb,combcn,./stims/CritBystanders/comb.jpeg,./stims/CritBystanders/combcn.jpeg,RS,RS_5,,,,,,,,,0,4,4,4,,,,,62.05826820002403,,,,,,,,,62.04271360003622,0.9991559999762103,,72.32582690002164,[0.4888888888888889],[0.47685185185185186],[1],[0],[0],[10.27718770003412],,,,,,,,,,,,,2111_1245_CB1_10,001,2023-11-21_13h26.13.360,3_End,2023.2.3,60.00780101764644,2023-11-21 13h26.26.970127 +0000,
6,2,electriccord,electriccordcn,./stims/CritBystanders/electriccord.jpeg,./stims/CritBystanders/electriccordcn.jpeg,SS,SS_1,,,,,,,,,0,5,5,5,,,,,72.34161430003587,,,,,,,,,72.32643559999997,1.0155023999977857,,84.20890430000145,[0.4888888888888889],[0.47685185185185186],[1],[0],[0],[11.876612299995031],,,,,,,,,,,,,2111_1245_CB1_10,001,2023-11-21_13h26.13.360,3_End,2023.2.3,60.00780101764644,2023-11-21 13h26.26.970127 +0000,
7,2,toiletpaper,toiletpapercn,./stims/CritBystanders/toiletpaper.jpeg,./stims/CritBystanders/toiletpapercn.jpeg,RR,RR_2,,,,,,,,,0,6,6,6,,,,,84.22497239999939,,,,,,,,,84.20949959999416,0.9990463999565691,,89.25898380001308,[0.4888888888888889],[0.47685185185185186],[1],[0],[0],[5.043684300035238],,,,,,,,,,,,,2111_1245_CB1_10,001,2023-11-21_13h26.13.360,3_End,2023.2.3,60.00780101764644,2023-11-21 13h26.26.970127 +0000,
8,2,keys,keyscn,./stims/CritBystanders/keys.jpeg,./stims/CritBystanders/keyscn.jpeg,SR,SR_3,,,,,,,,,0,7,7,7,,,,,89.27498129999731,,,,,,,,,89.25955740001518,1.0156545000500046,,101.90910600003554,[0.4888888888888889],[0.47685185185185186],[1],[0],[0],[12.643808500026353],,,,,,,,,,,,,2111_1245_CB1_10,001,2023-11-21_13h26.13.360,3_End,2023.2.3,60.00780101764644,2023-11-21 13h26.26.970127 +0000,
9,3,scissors,scissorscn,./stims/CritBystanders/scissors.jpeg,./stims/CritBystanders/scissorscn.jpeg,RR,RR_6,,,,,,,,,0,8,8,8,,,,,101.94166920002317,,,,,,,,,101.90970590000506,1.0155590000213124,,108.30900310003199,[0.4888888888888889],[0.47685185185185186],[1],[0],[0],[6.384131999977399],,,,,,,,,,,,,2111_1245_CB1_10,001,2023-11-21_13h26.13.360,3_End,2023.2.3,60.00780101764644,2023-11-21 13h26.26.970127 +0000,
10,3,soccerball,soccerballcn,./stims/CritBystanders/soccerball.jpeg,./stims/CritBystanders/soccerballcn.jpeg,SR,SR_7,,,,,,,,,0,9,9,9,,,,,108.32501530001173,,,,,,,,,108.30959369998891,1.015674999973271,,121.52564140001778,[0.4888888888888889],[0.47685185185185186],[1],[0],[0],[13.210365300008561],,,,,,,,,,,,,2111_1245_CB1_10,001,2023-11-21_13h26.13.360,3_End,2023.2.3,60.00780101764644,2023-11-21 13h26.26.970127 +0000,
11,3,crate,cratecn,./stims/CritBystanders/crate.jpeg,./stims/CritBystanders/cratecn.jpeg,SS,SS_8,,,,,,,,,0,10,10,10,,,,,121.54170619999059,,,,,,,,,121.52620940003544,0.9990661000483669,,132.19235530000878,[0.4888888888888889],[0.47685185185185186],[1],[0],[0],[10.660500700003468],,,,,,,,,,,,,2111_1245_CB1_10,001,2023-11-21_13h26.13.360,3_End,2023.2.3,60.00780101764644,2023-11-21 13h26.26.970127 +0000,
12,3,walkman,walkmancn,./stims/CritBystanders/walkman.jpeg,./stims/CritBystanders/walkmancn.jpeg,RS,RS_2,,,,,,,,,0,11,11,11,,,,,132.2084201000398,,,,,,,,,132.1929516000091,0.9990085000172257,,142.45898640004452,[0.4888888888888889],[0.47685185185185186],[1],[0],[0],[10.26057609997224],,,,,,,,,,,,,2111_1245_CB1_10,001,2023-11-21_13h26.13.360,3_End,2023.2.3,60.00780101764644,2023-11-21 13h26.26.970127 +0000,
13,4,computer,computercn,./stims/CritBystanders/computer.jpeg,./stims/CritBystanders/computercn.jpeg,RR,RR_1,,,,,,,,,0,12,12,12,,,,,142.47511639998993,,,,,,,,,142.45955989998765,0.9991253000334837,,155.57561030000215,[0.4888888888888889],[0.47685185185185186],[1],[0],[0],[13.110953099967446],,,,,,,,,,,,,2111_1245_CB1_10,001,2023-11-21_13h26.13.360,3_End,2023.2.3,60.00780101764644,2023-11-21 13h26.26.970127 +0000,
14,4,cards,cardscn,./stims/CritBystanders/cards.jpeg,./stims/CritBystanders/cardscn.jpeg,RS,RS_1,,,,,,,,,0,13,13,13,,,,,155.59184050001204,,,,,,,,,155.57620690000476,0.9991791999782436,,168.42578350001713,[0.4888888888888889],[0.47685185185185186],[1],[0],[0],[12.843729000014719],,,,,,,,,,,,,2111_1245_CB1_10,001,2023-11-21_13h26.13.360,3_End,2023.2.3,60.00780101764644,2023-11-21 13h26.26.970127 +0000,
15,4,calculator,calculatorcn,./stims/CritBystanders/calculator.jpeg,./stims/CritBystanders/calculatorcn.jpeg,SS,SS_4,,,,,,,,,0,14,14,14,,,,,168.44183930003783,,,,,,,,,168.4266413000296,1.015680800017435,,176.92584089998854,[0.4888888888888889],[0.47685185185185186],[1],[0],[0],[8.493422300030943],,,,,,,,,,,,,2111_1245_CB1_10,001,2023-11-21_13h26.13.360,3_End,2023.2.3,60.00780101764644,2023-11-21 13h26.26.970127 +0000,
16,4,telephone,telephonecn,./stims/CritBystanders/telephone.jpeg,./stims/CritBystanders/telephonecn.jpeg,SR,SR_4,,,,,,,,,0,15,15,15,,,,,176.94187540002167,,,,,,,,,176.92643360001966,0.9990572000388056,,183.5592128999997,[0.4888888888888889],[0.47685185185185186],[1],[0],[0],[6.626845100021455],,,,,,,,,,,,,2111_1245_CB1_10,001,2023-11-21_13h26.13.360,3_End,2023.2.3,60.00780101764644,2023-11-21 13h26.26.970127 +0000,
17,5,fan,fancn,./stims/CritBystanders/fan.jpeg,./stims/CritBystanders/fancn.jpeg,RR,RR_3,,,,,,,,,0,16,16,16,,,,,183.57520339998882,,,,,,,,,183.55978940002387,1.0156766999862157,,189.47589579998748,[0.4888888888888889],[0.47685185185185186],[1],[0],[0],[5.91045630001463],,,,,,,,,,,,,2111_1245_CB1_10,001,2023-11-21_13h26.13.360,3_End,2023.2.3,60.00780101764644,2023-11-21 13h26.26.970127 +0000,
18,5,candle,candlecn,./stims/CritBystanders/candle.jpeg,./stims/CritBystanders/candlecn.jpeg,RS,RS_8,,,,,,,,,0,17,17,17,,,,,189.49190200003795,,,,,,,,,189.4764690999873,1.0156418000115082,,195.92576190002728,[0.4888888888888889],[0.47685185185185186],[1],[0],[0],[6.44353809999302],,,,,,,,,,,,,2111_1245_CB1_10,001,2023-11-21_13h26.13.360,3_End,2023.2.3,60.00780101764644,2023-11-21 13h26.26.970127 +0000,
19,5,bucket,bucketcn,./stims/CritBystanders/bucket.jpeg,./stims/CritBystanders/bucketcn.jpeg,SS,SS_3,,,,,,,,,0,18,18,18,,,,,195.9419198000105,,,,,,,,,195.92631040001288,0.999130200012587,,200.49258910003118,[0.4888888888888889],[0.47685185185185186],[1],[0],[0],[4.560526299988851],,,,,,,,,,,,,2111_1245_CB1_10,001,2023-11-21_13h26.13.360,3_End,2023.2.3,60.00780101764644,2023-11-21 13h26.26.970127 +0000,
20,5,peacock,peacockcn,./stims/CritBystanders/peacock.jpeg,./stims/CritBystanders/peacockcn.jpeg,SR,SR_5,,,,,,,,,0,19,19,19,,,,,200.50855640001828,,,,,,,,,200.4931901000091,1.0156624999945052,,209.3093314000289,[0.4888888888888889],[0.47685185185185186],[1],[0],[0],[8.810146499949042],,,,,,,,,,,,,2111_1245_CB1_10,001,2023-11-21_13h26.13.360,3_End,2023.2.3,60.00780101764644,2023-11-21 13h26.26.970127 +0000,
21,6,iron,ironcn,./stims/CritBystanders/iron.jpeg,./stims/CritBystanders/ironcn.jpeg,RR,RR_7,,,,,,,,,0,20,20,20,,,,,209.32530040002894,,,,,,,,,209.30992690002313,1.015611600014381,,213.5092483999906,[0.4888888888888889],[0.47685185185185186],[1],[0],[0],[4.193402499950025],,,,,,,,,,,,,2111_1245_CB1_10,001,2023-11-21_13h26.13.360,3_End,2023.2.3,60.00780101764644,2023-11-21 13h26.26.970127 +0000,
22,6,chair,chaircn,./stims/CritBystanders/chair.jpeg,./stims/CritBystanders/chaircn.jpeg,SS,SS_6,,,,,,,,,0,21,21,21,,,,,213.52531570004066,,,,,,,,,213.50979839998763,0.9990445000003092,,217.47586659999797,[0.4888888888888889],[0.47685185185185186],[1],[0],[0],[3.9606759999878705],,,,,,,,,,,,,2111_1245_CB1_10,001,2023-11-21_13h26.13.360,3_End,2023.2.3,60.00780101764644,2023-11-21 13h26.26.970127 +0000,
23,6,umbrella,umbrellacn,./stims/CritBystanders/umbrella.jpeg,./stims/CritBystanders/umbrellacn.jpeg,RS,RS_4,,,,,,,,,0,22,22,22,,,,,217.49196970002959,,,,,,,,,217.47640480002156,0.9990536000113934,,222.42588260001503,[0.4888888888888889],[0.47685185185185186],[1],[0],[0],[4.9440700999693945],,,,,,,,,,,,,2111_1245_CB1_10,001,2023-11-21_13h26.13.360,3_End,2023.2.3,60.00780101764644,2023-11-21 13h26.26.970127 +0000,
24,6,books,bookscn,./stims/CritBystanders/books.jpeg,./stims/CritBystanders/bookscn.jpeg,SR,SR_2,,,,,,,,,0,23,23,23,,,,,222.44196240004385,,,,,,,,,222.42647380003473,0.9990178000298329,,237.0093332999968,[0.4888888888888889],[0.47685185185185186],[1],[0],[0],[14.577455900027417],,,,,,,,,,,,,2111_1245_CB1_10,001,2023-11-21_13h26.13.360,3_End,2023.2.3,60.00780101764644,2023-11-21 13h26.26.970127 +0000,
25,7,backpack,backpackcn,./stims/CritBystanders/backpack.jpeg,./stims/CritBystanders/backpackcn.jpeg,SR,SR_8,,,,,,,,,0,24,24,24,,,,,237.02531150000868,,,,,,,,,237.0099858000176,1.0155922999838367,,244.24263960000826,[0.4888888888888889],[0.47685185185185186],[1],[0],[0],[7.2265953999594785],,,,,,,,,,,,,2111_1245_CB1_10,001,2023-11-21_13h26.13.360,3_End,2023.2.3,60.00780101764644,2023-11-21 13h26.26.970127 +0000,
26,7,guitar,guitarcn,./stims/CritBystanders/guitar.jpeg,./stims/CritBystanders/guitarcn.jpeg,RR,RR_4,,,,,,,,,0,25,25,25,,,,,244.25867080001626,,,,,,,,,244.24323760002153,1.0156853999942541,,249.44260070001474,[0.4888888888888889],[0.47685185185185186],[1],[0],[0],[5.193432500003837],,,,,,,,,,,,,2111_1245_CB1_10,001,2023-11-21_13h26.13.360,3_End,2023.2.3,60.00780101764644,2023-11-21 13h26.26.970127 +0000,
27,7,shoes,shoescn,./stims/CritBystanders/shoes.jpeg,./stims/CritBystanders/shoescn.jpeg,RS,RS_7,,,,,,,,,0,26,26,26,,,,,249.45869440003298,,,,,,,,,249.44318840000778,0.9990726999822073,,254.2094333000132,[0.4888888888888889],[0.47685185185185186],[1],[0],[0],[4.76052960002562],,,,,,,,,,,,,2111_1245_CB1_10,001,2023-11-21_13h26.13.360,3_End,2023.2.3,60.00780101764644,2023-11-21 13h26.26.970127 +0000,
28,7,video,videocn,./stims/CritBystanders/video.jpeg,./stims/CritBystanders/videocn.jpeg,SS,SS_7,,,,,,,,,0,27,27,27,,,,,254.2253576000221,,,,,,,,,254.21004120004363,1.0156022000010125,,258.5093027999974,[0.4888888888888889],[0.47685185185185186],[1],[0],[0],[4.293120600050315],,,,,,,,,,,,,2111_1245_CB1_10,001,2023-11-21_13h26.13.360,3_End,2023.2.3,60.00780101764644,2023-11-21 13h26.26.970127 +0000,
29,8,coffeemug,coffeemugcn,./stims/CritBystanders/coffeemug.jpeg,./stims/CritBystanders/coffeemugcn.jpeg,RS,RS_3,,,,,,,,,0,28,28,28,,,,,258.52539750002325,,,,,,,,,258.5098383000004,0.9990949999773875,,266.0259404000244,[0.4888888888888889],[0.47685185185185186],[1],[0],[0],[7.510302799986675],,,,,,,,,,,,,2111_1245_CB1_10,001,2023-11-21_13h26.13.360,3_End,2023.2.3,60.00780101764644,2023-11-21 13h26.26.970127 +0000,
30,8,stapler,staplercn,./stims/CritBystanders/stapler.jpeg,./stims/CritBystanders/staplercn.jpeg,SR,SR_1,,,,,,,,,0,29,29,29,,,,,266.0420523000066,,,,,,,,,266.0265248999931,0.9991826000041328,,278.55965619999915,[0.4888888888888889],[0.47685185185185186],[1],[0],[0],[12.52722960000392],,,,,,,,,,,,,2111_1245_CB1_10,001,2023-11-21_13h26.13.360,3_End,2023.2.3,60.00780101764644,2023-11-21 13h26.26.970127 +0000,
31,8,wastebasket,wastebasketcn,./stims/CritBystanders/wastebasket.jpeg,./stims/CritBystanders/wastebasketcn.jpeg,SS,SS_5,,,,,,,,,0,30,30,30,,,,,278.5754438000149,,,,,,,,,278.5602644000319,1.0154467999818735,,283.5427716000122,[0.4888888888888889],[0.47685185185185186],[1],[0],[0],[4.976676100050099],,,,,,,,,,,,,2111_1245_CB1_10,001,2023-11-21_13h26.13.360,3_End,2023.2.3,60.00780101764644,2023-11-21 13h26.26.970127 +0000,
32,8,watch,watchcn,./stims/CritBystanders/watch.jpeg,./stims/CritBystanders/watchcn.jpeg,RR,RR_8,,,,,,,,,0,31,31,31,,,,,283.5587688999949,,,,,,,,,283.5433644000441,1.015658300020732,,286.9927231000038,[0.4888888888888889],[0.47685185185185186],[1],[0],[0],[3.443642800033558],,,,,,,,,,,,,2111_1245_CB1_10,001,2023-11-21_13h26.13.360,3_End,2023.2.3,60.00780101764644,2023-11-21 13h26.26.970127 +0000,
,,,,,,,,,,,,,,,,,,,,,,,,,,286.9931445000111,287.0087688000058,287.0087688000058,301.67607250000583,space,14.662235299998429,None,,,,,,,,,,,,,,,,,,,,,,,2111_1245_CB1_10,001,2023-11-21_13h26.13.360,3_End,2023.2.3,60.00780101764644,2023-11-21 13h26.26.970127 +0000,
,,,,,,,,1,1,pan,pancn,./stims/AcqBystanders/pan.jpeg,./stims/AcqBystanders/pancn.jpeg,SS,SS_2,,,,,0,0,0,0,301.70904169999994,,,,,,,,,,,,,,,,,,,301.68464150000364,0.9994518000166863,314.3094390000333,[0.4888888888888889],[0.47685185185185186],[1],[0],[0],[12.607213599956594],,,,2111_1245_CB1_10,001,2023-11-21_13h26.13.360,3_End,2023.2.3,60.00780101764644,2023-11-21 13h26.26.970127 +0000,
,,,,,,,,2,1,lightbulb,lightbulbcn,./stims/AcqBystanders/lightbulb.jpeg,./stims/AcqBystanders/lightbulbcn.jpeg,SR,SR_3,,,,,0,1,1,1,314.42602200002875,,,,,,,,,,,,,,,,,,,314.310340200027,1.0154510000138544,320.2592413999955,[0.4888888888888889],[0.47685185185185186],[1],[0],[0],[5.85308749997057],,,,2111_1245_CB1_10,001,2023-11-21_13h26.13.360,3_End,2023.2.3,60.00780101764644,2023-11-21 13h26.26.970127 +0000,
,,,,,,,,3,1,shampoo,shampoocn,./stims/AcqBystanders/shampoo.jpeg,./stims/AcqBystanders/shampoocn.jpeg,RS,RS_4,,,,,0,2,2,2,320.29266830004053,,,,,,,,,,,,,,,,,,,320.2598321000114,0.9992413999862038,324.2261133000138,[0.4888888888888889],[0.47685185185185186],[1],[0],[0],[3.945928700035438],,,,2111_1245_CB1_10,001,2023-11-21_13h26.13.360,3_End,2023.2.3,60.00780101764644,2023-11-21 13h26.26.970127 +0000,
,,,,,,,,4,1,mandms,mandmscn,./stims/AcqBystanders/mandms.jpeg,./stims/AcqBystanders/mandmscn.jpeg,RR,RR_2,,,,,0,3,3,3,324.2421938999905,,,,,,,,,,,,,,,,,,,324.22670860000653,0.9990302000078373,340.2259589000023,[],[],[],[],[],[],15.999092300015036,,,2111_1245_CB1_10,001,2023-11-21_13h26.13.360,3_End,2023.2.3,60.00780101764644,2023-11-21 13h26.26.970127 +0000,
,,,,,,,,5,1,sheet,sheetcn,./stims/AcqBystanders/sheet.jpeg,./stims/AcqBystanders/sheetcn.jpeg,RS,RS_3,,,,,0,4,4,4,340.2422305000364,,,,,,,,,,,,,,,,,,,340.2264763000421,0.9991223000106402,344.1926494000363,[0.4888888888888889],[0.47685185185185186],[1],[0],[0],[3.9597071000025608],,,,2111_1245_CB1_10,001,2023-11-21_13h26.13.360,3_End,2023.2.3,60.00780101764644,2023-11-21 13h26.26.970127 +0000,
,,,,,,,,6,1,bottle,bottlecn,./stims/AcqBystanders/bottle.jpeg,./stims/AcqBystanders/bottlecn.jpeg,SS,SS_1,,,,,0,5,5,5,344.20887189998757,,,,,,,,,,,,,,,,,,,344.19319130002987,0.9992587000015192,349.24297389999265,[0.4888888888888889],[0.47685185185185186],[1],[0],[0],[5.043741700006649],,,,2111_1245_CB1_10,001,2023-11-21_13h26.13.360,3_End,2023.2.3,60.00780101764644,2023-11-21 13h26.26.970127 +0000,
,,,,,,,,7,1,trunk,trunkcn,./stims/AcqBystanders/trunk.jpeg,./stims/AcqBystanders/trunkcn.jpeg,SR,SR_1,,,,,0,6,6,6,349.25891040003626,,,,,,,,,,,,,,,,,,,349.24363780004205,1.0155806999537162,356.392874400015,[0.4888888888888889],[0.47685185185185186],[1],[0],[0],[7.143651999998838],,,,2111_1245_CB1_10,001,2023-11-21_13h26.13.360,3_End,2023.2.3,60.00780101764644,2023-11-21 13h26.26.970127 +0000,
,,,,,,,,8,1,can,cancn,./stims/AcqBystanders/can.jpeg,./stims/AcqBystanders/cancn.jpeg,RR,RR_3,,,,,0,7,7,7,356.40894059999846,,,,,,,,,,,,,,,,,,,356.39346980000846,0.9990059999981895,363.4261564000044,[0.4888888888888889],[0.47685185185185186],[1],[0],[0],[7.0266362999682315],,,,2111_1245_CB1_10,001,2023-11-21_13h26.13.360,3_End,2023.2.3,60.00780101764644,2023-11-21 13h26.26.970127 +0000,
,,,,,,,,9,1,towel,towelcn,./stims/AcqBystanders/towel.jpeg,./stims/AcqBystanders/towelcn.jpeg,RS,RS_1,,,,,0,8,8,8,363.4422931000008,,,,,,,,,,,,,,,,,,,363.42671780003,0.999118100036867,367.7262473999872,[0.4888888888888889],[0.47685185185185186],[1],[0],[0],[4.293776900041848],,,,2111_1245_CB1_10,001,2023-11-21_13h26.13.360,3_End,2023.2.3,60.00780101764644,2023-11-21 13h26.26.970127 +0000,
,,,,,,,,10,1,fireextinguisher,fireextinguishercn,./stims/AcqBystanders/fireextinguisher.jpeg,./stims/AcqBystanders/fireextinguishercn.jpeg,RR,RR_1,,,,,0,9,9,9,367.7422900000238,,,,,,,,,,,,,,,,,,,367.7268358000438,0.9990003999555483,372.15957140002865,[0.4888888888888889],[0.47685185185185186],[1],[0],[0],[4.426610500027891],,,,2111_1245_CB1_10,001,2023-11-21_13h26.13.360,3_End,2023.2.3,60.00780101764644,2023-11-21 13h26.26.970127 +0000,
,,,,,,,,11,1,passport,passportcn,./stims/AcqBystanders/passport.jpeg,./stims/AcqBystanders/passportcn.jpeg,SS,SS_3,,,,,0,10,10,10,372.17564710002625,,,,,,,,,,,,,,,,,,,372.1601540000411,0.9990281999926083,378.19306850002613,[0.4888888888888889],[0.47685185185185186],[1],[0],[0],[6.0256284000352025],,,,2111_1245_CB1_10,001,2023-11-21_13h26.13.360,3_End,2023.2.3,60.00780101764644,2023-11-21 13h26.26.970127 +0000,
,,,,,,,,12,1,headphones,headphonescn,./stims/AcqBystanders/headphones.jpeg,./stims/AcqBystanders/headphonescn.jpeg,SR,SR_2,,,,,0,11,11,11,378.2089917000267,,,,,,,,,,,,,,,,,,,378.1936707000132,1.0155360999633558,385.3596144000185,[0.4888888888888889],[0.47685185185185186],[1],[0],[0],[7.159920100006275],,,,2111_1245_CB1_10,001,2023-11-21_13h26.13.360,3_End,2023.2.3,60.00780101764644,2023-11-21 13h26.26.970127 +0000,
,,,,,,,,13,1,perfume,perfumecn,./stims/AcqBystanders/perfume.jpeg,./stims/AcqBystanders/perfumecn.jpeg,SR,SR_4,,,,,0,12,12,12,385.37566950003384,,,,,,,,,,,,,,,,,,,385.36020640004426,1.0156784999999218,390.6762736000237,[0.4888888888888889],[0.47685185185185186],[1],[0],[0],[5.309991599991918],,,,2111_1245_CB1_10,001,2023-11-21_13h26.13.360,3_End,2023.2.3,60.00780101764644,2023-11-21 13h26.26.970127 +0000,
,,,,,,,,14,1,cup,cupcn,./stims/AcqBystanders/cup.jpeg,./stims/AcqBystanders/cupcn.jpeg,RS,RS_2,,,,,0,13,13,13,390.7760468000197,,,,,,,,,,,,,,,,,,,390.67686850001337,0.9990801999811083,395.95957850001287,[0.4888888888888889],[0.47685185185185186],[1],[0],[0],[5.193941399978939],,,,2111_1245_CB1_10,001,2023-11-21_13h26.13.360,3_End,2023.2.3,60.00780101764644,2023-11-21 13h26.26.970127 +0000,
,,,,,,,,,,,,,,,,,,,,,,,,,,,,,,,,,,,,,,,,,,,,,,,,,,,,,395.95998580002924,395.9757230000105,,,,,,,,
