﻿order_ext,blk_ext,bystander_ext,test_item_ext,bystander_loc_ext,test_item_loc_ext,trial_type_ext,itemNo_ext,order_cond_acq,blk_cond_acq,bystander_cond_acq,test_item_cond_acq,bystander_loc_cond_acq,test_item_loc_cond_acq,trial_type_cond_acq,itemNo_cond_acq,trials.thisRepN,trials.thisTrialN,trials.thisN,trials.thisIndex,trials_2.thisRepN,trials_2.thisTrialN,trials_2.thisN,trials_2.thisIndex,thisRow.t,notes,INSTRUCTION.started,instruct1.started,ok1.started,INSTRUCTION.stopped,ok1.keys,ok1.rt,ok1.duration,END_EXT.started,mouse_ext.started,END_EXT.stopped,mouse_ext.x,mouse_ext.y,mouse_ext.leftButton,mouse_ext.midButton,mouse_ext.rightButton,mouse_ext.time,mouse_ext.stopped,END_ACQ.started,mouse_cond.started,END_ACQ.stopped,mouse_cond.x,mouse_cond.y,mouse_cond.leftButton,mouse_cond.midButton,mouse_cond.rightButton,mouse_cond.time,thanks.started,thanksMsg.started,participant,session,date,expName,psychopyVersion,frameRate,expStart,
,,,,,,,,,,,,,,,,,,,,,,,,,,0.05100669991225004,0.06659750000108033,0.06659750000108033,34.250657099997625,space,34.17606590001378,None,,,,,,,,,,,,,,,,,,,,,,2211_1630_CB2_12,001,2023-11-22_17h06.50.522,3_End,2023.2.3,59.99772009721453,2023-11-22 17h07.04.765686 +0000,
1,1,cap,capcn,./stims/CritBystanders/cap.jpeg,./stims/CritBystanders/toiletpapercn.jpeg,SS,SS_2,,,,,,,,,0,0,0,0,,,,,34.30006919999141,,,,,,,,,34.26504999992903,0.9994456000858918,37.46749459998682,[0.05555555555555555],[0.14351851851851852],[1],[0],[0],[3.1840155000099912],,,,,,,,,,,,,2211_1630_CB2_12,001,2023-11-22_17h06.50.522,3_End,2023.2.3,59.99772009721453,2023-11-22 17h07.04.765686 +0000,
2,1,chessboard,chessboardcn,./stims/CritBystanders/chessboard.jpeg,./stims/CritBystanders/chaircn.jpeg,SR,SR_6,,,,,,,,,0,1,1,1,,,,,37.48338919994421,,,,,,,,,37.46845539996866,1.0152915000217035,40.534015299985185,[0.05555555555555555],[0.1388888888888889],[1],[0],[0],[3.0605184000451118],,,,,,,,,,,,,2211_1630_CB2_12,001,2023-11-22_17h06.50.522,3_End,2023.2.3,59.99772009721453,2023-11-22 17h07.04.765686 +0000,
3,1,wallet,walletcn,./stims/CritBystanders/wallet.jpeg,./stims/CritBystanders/chessboardcn.jpeg,RS,RS_6,,,,,,,,,0,2,2,2,,,,,40.55005849990994,,,,,,,,,40.53458549990319,1.01569099992048,44.43405639997218,[0.058333333333333334],[0.1361111111111111],[1],[0],[0],[3.8942078000400215],,,,,,,,,,,,,2211_1630_CB2_12,001,2023-11-22_17h06.50.522,3_End,2023.2.3,59.99772009721453,2023-11-22 17h07.04.765686 +0000,
4,1,clipboard,clipboardcn,./stims/CritBystanders/clipboard.jpeg,./stims/CritBystanders/combcn.jpeg,RR,RR_5,,,,,,,,,0,3,3,3,,,,,44.45008039998356,,,,,,,,,44.434621799970046,0.9990127000492066,54.634528199909255,[-0.006481481481481481],[0.05],[1],[0],[0],[10.194358399952762],,,,,,,,,,,,,2211_1630_CB2_12,001,2023-11-22_17h06.50.522,3_End,2023.2.3,59.99772009721453,2023-11-22 17h07.04.765686 +0000,
5,2,comb,combcn,./stims/CritBystanders/comb.jpeg,./stims/CritBystanders/peacockcn.jpeg,RS,RS_5,,,,,,,,,0,4,4,4,,,,,54.650104100001045,,,,,,,,,54.63510289997794,1.0152252999832854,69.4841345999157,[-0.012962962962962963],[0.05185185185185185],[1],[0],[0],[14.843416100018658],,,,,,,,,,,,,2211_1630_CB2_12,001,2023-11-22_17h06.50.522,3_End,2023.2.3,59.99772009721453,2023-11-22 17h07.04.765686 +0000,
6,2,electriccord,electriccordcn,./stims/CritBystanders/electriccord.jpeg,./stims/CritBystanders/computercn.jpeg,SS,SS_1,,,,,,,,,0,5,5,5,,,,,69.50014259992167,,,,,,,,,69.48470889998134,1.0156799999531358,73.53417599992827,[-0.012962962962962963],[0.05185185185185185],[1],[0],[0],[4.044375900062732],,,,,,,,,,,,,2211_1630_CB2_12,001,2023-11-22_17h06.50.522,3_End,2023.2.3,59.99772009721453,2023-11-22 17h07.04.765686 +0000,
7,2,toiletpaper,toiletpapercn,./stims/CritBystanders/toiletpaper.jpeg,./stims/CritBystanders/walkmancn.jpeg,RR,RR_2,,,,,,,,,0,6,6,6,,,,,73.55016199999955,,,,,,,,,73.5347450999543,1.0156382999848574,85.50060919998214,[-0.012962962962962963],[0.05185185185185185],[1],[0],[0],[11.960794699960388],,,,,,,,,,,,,2211_1630_CB2_12,001,2023-11-22_17h06.50.522,3_End,2023.2.3,59.99772009721453,2023-11-22 17h07.04.765686 +0000,
8,2,keys,keyscn,./stims/CritBystanders/keys.jpeg,./stims/CritBystanders/bucketcn.jpeg,SR,SR_3,,,,,,,,,0,7,7,7,,,,,85.51682039990555,,,,,,,,,85.50119439989794,0.9992210000054911,101.50046979996841,[],[],[],[],[],[],15.999250199995004,,,,,,,,,,,,2211_1630_CB2_12,001,2023-11-22_17h06.50.522,3_End,2023.2.3,59.99772009721453,2023-11-22 17h07.04.765686 +0000,
9,3,scissors,scissorscn,./stims/CritBystanders/scissors.jpeg,./stims/CritBystanders/walletcn.jpeg,RR,RR_6,,,,,,,,,0,8,8,8,,,,,101.51689089997672,,,,,,,,,101.50097879988607,0.999208299908787,117.50049479992595,[],[],[],[],[],[],15.999241499928758,,,,,,,,,,,,2211_1630_CB2_12,001,2023-11-22_17h06.50.522,3_End,2023.2.3,59.99772009721453,2023-11-22 17h07.04.765686 +0000,
10,3,soccerball,soccerballcn,./stims/CritBystanders/soccerball.jpeg,./stims/CritBystanders/videocn.jpeg,SR,SR_7,,,,,,,,,0,9,9,9,,,,,117.51693029992748,,,,,,,,,117.50100309995469,0.9992774999700487,122.05088849994354,[-0.012962962962962963],[0.05185185185185185],[1],[0],[0],[4.544359100051224],,,,,,,,,,,,,2211_1630_CB2_12,001,2023-11-22_17h06.50.522,3_End,2023.2.3,59.99772009721453,2023-11-22 17h07.04.765686 +0000,
11,3,crate,cratecn,./stims/CritBystanders/crate.jpeg,./stims/CritBystanders/watchcn.jpeg,SS,SS_8,,,,,,,,,0,10,10,10,,,,,122.06693499989342,,,,,,,,,122.05146329989657,0.999007000005804,125.5508624999784,[-0.012962962962962963],[0.05185185185185185],[1],[0],[0],[3.493927099974826],,,,,,,,,,,,,2211_1630_CB2_12,001,2023-11-22_17h06.50.522,3_End,2023.2.3,59.99772009721453,2023-11-22 17h07.04.765686 +0000,
12,3,walkman,walkmancn,./stims/CritBystanders/walkman.jpeg,./stims/CritBystanders/bookscn.jpeg,RS,RS_2,,,,,,,,,0,11,11,11,,,,,125.56693419988733,,,,,,,,,125.55143669992685,0.9990625999635085,129.01754409994464,[-0.024074074074074074],[0.05648148148148148],[1],[0],[0],[3.4612116999924183],,,,,,,,,,,,,2211_1630_CB2_12,001,2023-11-22_17h06.50.522,3_End,2023.2.3,59.99772009721453,2023-11-22 17h07.04.765686 +0000,
13,4,computer,computercn,./stims/CritBystanders/computer.jpeg,./stims/CritBystanders/cardscn.jpeg,RR,RR_1,,,,,,,,,0,12,12,12,,,,,129.03361179993954,,,,,,,,,129.01811349997297,0.9990496999816969,144.76758779992815,[-0.024074074074074074],[0.05648148148148148],[1],[0],[0],[15.744103700038977],,,,,,,,,,,,,2211_1630_CB2_12,001,2023-11-22_17h06.50.522,3_End,2023.2.3,59.99772009721453,2023-11-22 17h07.04.765686 +0000,
14,4,cards,cardscn,./stims/CritBystanders/cards.jpeg,./stims/CritBystanders/staplercn.jpeg,RS,RS_1,,,,,,,,,0,13,13,13,,,,,144.78366059996188,,,,,,,,,144.76816939993296,0.9990309999557212,160.767294799909,[],[],[],[],[],[],15.999080399982631,,,,,,,,,,,,2211_1630_CB2_12,001,2023-11-22_17h06.50.522,3_End,2023.2.3,59.99772009721453,2023-11-22 17h07.04.765686 +0000,
15,4,calculator,calculatorcn,./stims/CritBystanders/calculator.jpeg,./stims/CritBystanders/guitarcn.jpeg,SS,SS_4,,,,,,,,,0,14,14,14,,,,,160.78370129992254,,,,,,,,,160.76781089999713,0.9991063999477774,165.11772029998247,[0.10462962962962963],[0.05185185185185185],[1],[0],[0],[4.343942199950106],,,,,,,,,,,,,2211_1630_CB2_12,001,2023-11-22_17h06.50.522,3_End,2023.2.3,59.99772009721453,2023-11-22 17h07.04.765686 +0000,
16,4,telephone,telephonecn,./stims/CritBystanders/telephone.jpeg,./stims/CritBystanders/calculatorcn.jpeg,SR,SR_4,,,,,,,,,0,15,15,15,,,,,165.13368369999807,,,,,,,,,165.11829359992407,1.015672899899073,173.784390399931,[0.10462962962962963],[0.05185185185185185],[1],[0],[0],[8.660780800040811],,,,,,,,,,,,,2211_1630_CB2_12,001,2023-11-22_17h06.50.522,3_End,2023.2.3,59.99772009721453,2023-11-22 17h07.04.765686 +0000,
17,5,fan,fancn,./stims/CritBystanders/fan.jpeg,./stims/CritBystanders/coffeemugcn.jpeg,RR,RR_3,,,,,,,,,0,16,16,16,,,,,173.80043059994932,,,,,,,,,173.78495839994866,0.9990063000004739,189.06778259994462,[0.08518518518518518],[0.06759259259259259],[1],[0],[0],[15.277368900016882],,,,,,,,,,,,,2211_1630_CB2_12,001,2023-11-22_17h06.50.522,3_End,2023.2.3,59.99772009721453,2023-11-22 17h07.04.765686 +0000,
18,5,candle,candlecn,./stims/CritBystanders/candle.jpeg,./stims/CritBystanders/backpackcn.jpeg,RS,RS_8,,,,,,,,,0,17,17,17,,,,,189.08379569998942,,,,,,,,,189.06835319998208,1.0156536999857053,197.71779929997865,[0.08333333333333333],[0.06759259259259259],[1],[0],[0],[8.643618500092998],,,,,,,,,,,,,2211_1630_CB2_12,001,2023-11-22_17h06.50.522,3_End,2023.2.3,59.99772009721453,2023-11-22 17h07.04.765686 +0000,
19,5,bucket,bucketcn,./stims/CritBystanders/bucket.jpeg,./stims/CritBystanders/fancn.jpeg,SS,SS_3,,,,,,,,,0,18,18,18,,,,,197.73380299995188,,,,,,,,,197.71836959989741,0.9990243000211194,203.96776079991832,[0.08333333333333333],[0.06759259259259259],[1],[0],[0],[6.243928199983202],,,,,,,,,,,,,2211_1630_CB2_12,001,2023-11-22_17h06.50.522,3_End,2023.2.3,59.99772009721453,2023-11-22 17h07.04.765686 +0000,
20,5,peacock,peacockcn,./stims/CritBystanders/peacock.jpeg,./stims/CritBystanders/wastebasketcn.jpeg,SR,SR_5,,,,,,,,,0,19,19,19,,,,,203.98380669998005,,,,,,,,,203.96833309996873,0.9990391000173986,207.61769599991385,[0.08333333333333333],[0.06759259259259259],[1],[0],[0],[3.643861199961975],,,,,,,,,,,,,2211_1630_CB2_12,001,2023-11-22_17h06.50.522,3_End,2023.2.3,59.99772009721453,2023-11-22 17h07.04.765686 +0000,
21,6,iron,ironcn,./stims/CritBystanders/iron.jpeg,./stims/CritBystanders/shoescn.jpeg,RR,RR_7,,,,,,,,,0,20,20,20,,,,,207.6337994999485,,,,,,,,,207.6182621999178,0.9991195999318734,213.23446069995407,[0.08333333333333333],[0.06759259259259259],[1],[0],[0],[5.610825399984606],,,,,,,,,,,,,2211_1630_CB2_12,001,2023-11-22_17h06.50.522,3_End,2023.2.3,59.99772009721453,2023-11-22 17h07.04.765686 +0000,
22,6,chair,chaircn,./stims/CritBystanders/chair.jpeg,./stims/CritBystanders/scissorscn.jpeg,SS,SS_6,,,,,,,,,0,21,21,21,,,,,213.25050779990852,,,,,,,,,213.23503149999306,0.9990586000494659,221.25115019991063,[0.08333333333333333],[0.06759259259259259],[1],[0],[0],[8.010541400057264],,,,,,,,,,,,,2211_1630_CB2_12,001,2023-11-22_17h06.50.522,3_End,2023.2.3,59.99772009721453,2023-11-22 17h07.04.765686 +0000,
23,6,umbrella,umbrellacn,./stims/CritBystanders/umbrella.jpeg,./stims/CritBystanders/telephonecn.jpeg,RS,RS_4,,,,,,,,,0,22,22,22,,,,,221.26719529996626,,,,,,,,,221.25172219995875,1.0156763000413775,226.26793739991263,[0.06851851851851852],[0.07222222222222222],[1],[0],[0],[5.0108410000102594],,,,,,,,,,,,,2211_1630_CB2_12,001,2023-11-22_17h06.50.522,3_End,2023.2.3,59.99772009721453,2023-11-22 17h07.04.765686 +0000,
24,6,books,bookscn,./stims/CritBystanders/books.jpeg,./stims/CritBystanders/capcn.jpeg,SR,SR_2,,,,,,,,,0,23,23,23,,,,,226.28386909991968,,,,,,,,,226.26851759990677,1.0156044999603182,241.80125429993495,[0.27037037037037037],[0.2722222222222222],[1],[0],[0],[15.52722230006475],,,,,,,,,,,,,2211_1630_CB2_12,001,2023-11-22_17h06.50.522,3_End,2023.2.3,59.99772009721453,2023-11-22 17h07.04.765686 +0000,
25,7,backpack,backpackcn,./stims/CritBystanders/backpack.jpeg,./stims/CritBystanders/cratecn.jpeg,SR,SR_8,,,,,,,,,0,24,24,24,,,,,241.81722749990877,,,,,,,,,241.8018297998933,1.0156197999604046,245.38454639993142,[0.2657407407407407],[0.2722222222222222],[1],[0],[0],[3.5770719000138342],,,,,,,,,,,,,2211_1630_CB2_12,001,2023-11-22_17h06.50.522,3_End,2023.2.3,59.99772009721453,2023-11-22 17h07.04.765686 +0000,
26,7,guitar,guitarcn,./stims/CritBystanders/guitar.jpeg,./stims/CritBystanders/umbrellacn.jpeg,RR,RR_4,,,,,,,,,0,25,25,25,,,,,245.40058219991624,,,,,,,,,245.38511889998335,1.0156777000520378,252.3345136999851,[0.2657407407407407],[0.2722222222222222],[1],[0],[0],[6.9440226999577135],,,,,,,,,,,,,2211_1630_CB2_12,001,2023-11-22_17h06.50.522,3_End,2023.2.3,59.99772009721453,2023-11-22 17h07.04.765686 +0000,
27,7,shoes,shoescn,./stims/CritBystanders/shoes.jpeg,./stims/CritBystanders/soccerballcn.jpeg,RS,RS_7,,,,,,,,,0,26,26,26,,,,,252.3505942999618,,,,,,,,,252.33509239996783,0.9991014000261202,263.88454169989564,[0.2657407407407407],[0.2722222222222222],[1],[0],[0],[11.544240100076422],,,,,,,,,,,,,2211_1630_CB2_12,001,2023-11-22_17h06.50.522,3_End,2023.2.3,59.99772009721453,2023-11-22 17h07.04.765686 +0000,
28,7,video,videocn,./stims/CritBystanders/video.jpeg,./stims/CritBystanders/ironcn.jpeg,SS,SS_7,,,,,,,,,0,27,27,27,,,,,263.90065149997827,,,,,,,,,263.8853474999778,1.0155911000911146,269.61791879998054,[0.24166666666666667],[0.2675925925925926],[1],[0],[0],[5.726953500066884],,,,,,,,,,,,,2211_1630_CB2_12,001,2023-11-22_17h06.50.522,3_End,2023.2.3,59.99772009721453,2023-11-22 17h07.04.765686 +0000,
29,8,coffeemug,coffeemugcn,./stims/CritBystanders/coffeemug.jpeg,./stims/CritBystanders/keyscn.jpeg,RS,RS_3,,,,,,,,,0,28,28,28,,,,,269.6339789999183,,,,,,,,,269.6184854999883,0.9990208999952301,273.10128269996494,[0.24166666666666667],[0.2675925925925926],[1],[0],[0],[3.4773161000339314],,,,,,,,,,,,,2211_1630_CB2_12,001,2023-11-22_17h06.50.522,3_End,2023.2.3,59.99772009721453,2023-11-22 17h07.04.765686 +0000,
30,8,stapler,staplercn,./stims/CritBystanders/stapler.jpeg,./stims/CritBystanders/electriccordcn.jpeg,SR,SR_1,,,,,,,,,0,29,29,29,,,,,273.1173348999582,,,,,,,,,273.10185369988903,0.9990229000104591,289.1009939999785,[],[],[],[],[],[],15.999032099964097,,,,,,,,,,,,2211_1630_CB2_12,001,2023-11-22_17h06.50.522,3_End,2023.2.3,59.99772009721453,2023-11-22 17h07.04.765686 +0000,
31,8,wastebasket,wastebasketcn,./stims/CritBystanders/wastebasket.jpeg,./stims/CritBystanders/clipboardcn.jpeg,SS,SS_5,,,,,,,,,0,30,30,30,,,,,289.11733039992396,,,,,,,,,289.1014975999715,0.9990529000060633,293.50148569990415,[0.24166666666666667],[0.2675925925925926],[1],[0],[0],[4.394507699995302],,,,,,,,,,,,,2211_1630_CB2_12,001,2023-11-22_17h06.50.522,3_End,2023.2.3,59.99772009721453,2023-11-22 17h07.04.765686 +0000,
32,8,watch,watchcn,./stims/CritBystanders/watch.jpeg,./stims/CritBystanders/candlecn.jpeg,RR,RR_8,,,,,,,,,0,31,31,31,,,,,293.5174256999744,,,,,,,,,293.50206809991505,1.0156225999817252,300.91782189998776,[0.24166666666666667],[0.2675925925925926],[1],[0],[0],[7.410263299942017],,,,,,,,,,,,,2211_1630_CB2_12,001,2023-11-22_17h06.50.522,3_End,2023.2.3,59.99772009721453,2023-11-22 17h07.04.765686 +0000,
,,,,,,,,,,,,,,,,,,,,,,,,,,300.9182504999917,300.9340485999128,300.9340485999128,320.25131749990396,space,19.31570430006832,None,,,,,,,,,,,,,,,,,,,,,,2211_1630_CB2_12,001,2023-11-22_17h06.50.522,3_End,2023.2.3,59.99772009721453,2023-11-22 17h07.04.765686 +0000,
,,,,,,,,1,1,pan,pancn,./stims/AcqBystanders/pan.jpeg,./stims/AcqBystanders/pancn.jpeg,SS,SS_2,,,,,0,0,0,0,320.2843690000009,,,,,,,,,,,,,,,,,,,320.2601249999134,0.9994719000533223,324.35162029997446,[0.24166666666666667],[0.2675925925925926],[1],[0],[0],[4.0740097999805585],,,2211_1630_CB2_12,001,2023-11-22_17h06.50.522,3_End,2023.2.3,59.99772009721453,2023-11-22 17h07.04.765686 +0000,
,,,,,,,,2,1,lightbulb,lightbulbcn,./stims/AcqBystanders/lightbulb.jpeg,./stims/AcqBystanders/lightbulbcn.jpeg,SR,SR_3,,,,,0,1,1,1,324.46788959996775,,,,,,,,,,,,,,,,,,,324.3524944999954,1.0152193999383599,328.8014192999108,[0.22870370370370371],[0.2574074074074074],[1],[0],[0],[4.35162919992581],,,2211_1630_CB2_12,001,2023-11-22_17h06.50.522,3_End,2023.2.3,59.99772009721453,2023-11-22 17h07.04.765686 +0000,
,,,,,,,,3,1,shampoo,shampoocn,./stims/AcqBystanders/shampoo.jpeg,./stims/AcqBystanders/shampoocn.jpeg,RS,RS_4,,,,,0,2,2,2,328.8346058999887,,,,,,,,,,,,,,,,,,,328.80200589995366,1.0156789999455214,342.65141169994604,[0.22870370370370371],[0.2574074074074074],[1],[0],[0],[13.830261000082828],,,2211_1630_CB2_12,001,2023-11-22_17h06.50.522,3_End,2023.2.3,59.99772009721453,2023-11-22 17h07.04.765686 +0000,
,,,,,,,,4,1,mandms,mandmscn,./stims/AcqBystanders/mandms.jpeg,./stims/AcqBystanders/mandmscn.jpeg,RR,RR_2,,,,,0,3,3,3,342.66751429997385,,,,,,,,,,,,,,,,,,,342.6519677999895,0.9990569000365213,349.00143969990313,[0.22870370370370371],[0.2574074074074074],[1],[0],[0],[6.340750599978492],,,2211_1630_CB2_12,001,2023-11-22_17h06.50.522,3_End,2023.2.3,59.99772009721453,2023-11-22 17h07.04.765686 +0000,
,,,,,,,,5,1,sheet,sheetcn,./stims/AcqBystanders/sheet.jpeg,./stims/AcqBystanders/sheetcn.jpeg,RS,RS_3,,,,,0,4,4,4,349.01752149988897,,,,,,,,,,,,,,,,,,,349.00196699996013,0.9990620999597013,353.3347653999226,[0.22870370370370371],[0.2574074074074074],[1],[0],[0],[4.325957700028084],,,2211_1630_CB2_12,001,2023-11-22_17h06.50.522,3_End,2023.2.3,59.99772009721453,2023-11-22 17h07.04.765686 +0000,
,,,,,,,,6,1,bottle,bottlecn,./stims/AcqBystanders/bottle.jpeg,./stims/AcqBystanders/bottlecn.jpeg,SS,SS_1,,,,,0,5,5,5,353.3508348999312,,,,,,,,,,,,,,,,,,,353.3353312999243,0.9991108999820426,366.26797799998894,[0.22870370370370371],[0.2574074074074074],[1],[0],[0],[12.926881900057197],,,2211_1630_CB2_12,001,2023-11-22_17h06.50.522,3_End,2023.2.3,59.99772009721453,2023-11-22 17h07.04.765686 +0000,
,,,,,,,,7,1,trunk,trunkcn,./stims/AcqBystanders/trunk.jpeg,./stims/AcqBystanders/trunkcn.jpeg,SR,SR_1,,,,,0,6,6,6,366.2842353999149,,,,,,,,,,,,,,,,,,,366.2685597999953,0.9992003999650478,371.2681203999091,[0.22870370370370371],[0.2574074074074074],[1],[0],[0],[4.994245899957605],,,2211_1630_CB2_12,001,2023-11-22_17h06.50.522,3_End,2023.2.3,59.99772009721453,2023-11-22 17h07.04.765686 +0000,
,,,,,,,,8,1,can,cancn,./stims/AcqBystanders/can.jpeg,./stims/AcqBystanders/cancn.jpeg,RR,RR_3,,,,,0,7,7,7,371.28422309993766,,,,,,,,,,,,,,,,,,,371.26869439997245,0.999085700022988,376.0683130999096,[-0.16574074074074074],[0.4861111111111111],[1],[0],[0],[4.794041799963452],,,2211_1630_CB2_12,001,2023-11-22_17h06.50.522,3_End,2023.2.3,59.99772009721453,2023-11-22 17h07.04.765686 +0000,
,,,,,,,,9,1,towel,towelcn,./stims/AcqBystanders/towel.jpeg,./stims/AcqBystanders/towelcn.jpeg,RS,RS_1,,,,,0,8,8,8,376.0842751999153,,,,,,,,,,,,,,,,,,,376.06888389994856,1.0155985000310466,384.7682113999035,[-0.14537037037037037],[0.4861111111111111],[1],[0],[0],[8.693649400025606],,,2211_1630_CB2_12,001,2023-11-22_17h06.50.522,3_End,2023.2.3,59.99772009721453,2023-11-22 17h07.04.765686 +0000,
,,,,,,,,10,1,fireextinguisher,fireextinguishercn,./stims/AcqBystanders/fireextinguisher.jpeg,./stims/AcqBystanders/fireextinguishercn.jpeg,RR,RR_1,,,,,0,9,9,9,384.78429269988555,,,,,,,,,,,,,,,,,,,384.76878239994403,0.9990059999981895,396.901577899931,[-0.14537037037037037],[0.4861111111111111],[1],[0],[0],[12.12710020004306],,,2211_1630_CB2_12,001,2023-11-22_17h06.50.522,3_End,2023.2.3,59.99772009721453,2023-11-22 17h07.04.765686 +0000,
,,,,,,,,11,1,passport,passportcn,./stims/AcqBystanders/passport.jpeg,./stims/AcqBystanders/passportcn.jpeg,SS,SS_3,,,,,0,10,10,10,396.91762659989763,,,,,,,,,,,,,,,,,,,396.90214229992125,0.999014199944213,402.20148089993745,[-0.14537037037037037],[0.4861111111111111],[1],[0],[0],[5.29211869998835],,,2211_1630_CB2_12,001,2023-11-22_17h06.50.522,3_End,2023.2.3,59.99772009721453,2023-11-22 17h07.04.765686 +0000,
,,,,,,,,12,1,headphones,headphonescn,./stims/AcqBystanders/headphones.jpeg,./stims/AcqBystanders/headphonescn.jpeg,SR,SR_2,,,,,0,11,11,11,402.21765879995655,,,,,,,,,,,,,,,,,,,402.2020566998981,0.9991430999943987,407.3182245999342,[-0.14537037037037037],[0.4861111111111111],[1],[0],[0],[5.110491100000218],,,2211_1630_CB2_12,001,2023-11-22_17h06.50.522,3_End,2023.2.3,59.99772009721453,2023-11-22 17h07.04.765686 +0000,
,,,,,,,,13,1,perfume,perfumecn,./stims/AcqBystanders/perfume.jpeg,./stims/AcqBystanders/perfumecn.jpeg,SR,SR_4,,,,,0,12,12,12,407.33434199995827,,,,,,,,,,,,,,,,,,,407.3187978999922,0.9990843000123277,411.7849712999305,[-0.1425925925925926],[0.4824074074074074],[1],[0],[0],[4.460373600013554],,,2211_1630_CB2_12,001,2023-11-22_17h06.50.522,3_End,2023.2.3,59.99772009721453,2023-11-22 17h07.04.765686 +0000,
,,,,,,,,14,1,cup,cupcn,./stims/AcqBystanders/cup.jpeg,./stims/AcqBystanders/cupcn.jpeg,RS,RS_2,,,,,0,13,13,13,411.8848377999384,,,,,,,,,,,,,,,,,,,411.7855455999961,0.9990279000485316,416.5848900999408,[-0.1425925925925926],[0.4777777777777778],[1],[0],[0],[4.708570100017823],,,2211_1630_CB2_12,001,2023-11-22_17h06.50.522,3_End,2023.2.3,59.99772009721453,2023-11-22 17h07.04.765686 +0000,
,,,,,,,,,,,,,,,,,,,,,,,,,,,,,,,,,,,,,,,,,,,,,,,,,,,,416.5853271998931,416.60105579998344,,,,,,,,
