﻿order_ext,blk_ext,bystander_ext,test_item_ext,bystander_loc_ext,test_item_loc_ext,trial_type_ext,itemNo_ext,order_cond_acq,blk_cond_acq,bystander_cond_acq,test_item_cond_acq,bystander_loc_cond_acq,test_item_loc_cond_acq,trial_type_cond_acq,itemNo_cond_acq,trials.thisRepN,trials.thisTrialN,trials.thisN,trials.thisIndex,trials_2.thisRepN,trials_2.thisTrialN,trials_2.thisN,trials_2.thisIndex,thisRow.t,notes,INSTRUCTION.started,instruct1.started,ok1.started,INSTRUCTION.stopped,ok1.keys,ok1.rt,ok1.duration,END_EXT.started,mouse_ext.started,END_EXT.stopped,mouse_ext.x,mouse_ext.y,mouse_ext.leftButton,mouse_ext.midButton,mouse_ext.rightButton,mouse_ext.time,mouse_ext.stopped,END_ACQ.started,mouse_cond.started,END_ACQ.stopped,mouse_cond.x,mouse_cond.y,mouse_cond.leftButton,mouse_cond.midButton,mouse_cond.rightButton,mouse_cond.time,thanks.started,thanksMsg.started,participant,session,date,expName,psychopyVersion,frameRate,expStart,
,,,,,,,,,,,,,,,,,,,,,,,,,,0.006445299950428307,0.023076299927197397,0.023076299927197397,43.57368979998864,space,43.54620809992775,None,,,,,,,,,,,,,,,,,,,,,,2211_1800_CB3_13,001,2023-11-22_18h38.19.913,3_End,2023.2.3,59.992392976487196,2023-11-22 18h38.42.603499 +0000,
1,1,walkman,walkmancn,./stims/CritBystanders/cap.jpeg,./stims/CritBystanders/walkmancn.jpeg,SS,SS_2,,,,,,,,,0,0,0,0,,,,,43.62315050000325,,,,,,,,,43.587587799993344,0.9994970998959616,49.79034509998746,[-0.08055555555555556],[0.2935185185185185],[1],[0],[0],[6.184756500064395],,,,,,,,,,,,,2211_1800_CB3_13,001,2023-11-22_18h38.19.913,3_End,2023.2.3,59.992392976487196,2023-11-22 18h38.42.603499 +0000,
2,1,scissors,scissorscn,./stims/CritBystanders/chessboard.jpeg,./stims/CritBystanders/scissorscn.jpeg,SR,SR_6,,,,,,,,,0,1,1,1,,,,,49.806439899955876,,,,,,,,,49.791326500009745,1.015392899978906,53.97369259991683,[-0.08055555555555556],[0.2935185185185185],[1],[0],[0],[4.176392799941823],,,,,,,,,,,,,2211_1800_CB3_13,001,2023-11-22_18h38.19.913,3_End,2023.2.3,59.992392976487196,2023-11-22 18h38.42.603499 +0000,
3,1,chair,chaircn,./stims/CritBystanders/wallet.jpeg,./stims/CritBystanders/chaircn.jpeg,RS,RS_6,,,,,,,,,0,2,2,2,,,,,53.98986099998001,,,,,,,,,53.974291599937715,0.9991063000634313,62.657073299982585,[-0.08055555555555556],[0.2935185185185185],[1],[0],[0],[8.67746909998823],,,,,,,,,,,,,2211_1800_CB3_13,001,2023-11-22_18h38.19.913,3_End,2023.2.3,59.992392976487196,2023-11-22 18h38.42.603499 +0000,
4,1,peacock,peacockcn,./stims/CritBystanders/clipboard.jpeg,./stims/CritBystanders/peacockcn.jpeg,RR,RR_5,,,,,,,,,0,3,3,3,,,,,62.67312219995074,,,,,,,,,62.65765660000034,0.99908860004507,69.30713569989894,[-0.08055555555555556],[0.2935185185185185],[1],[0],[0],[6.643443900044076],,,,,,,,,,,,,2211_1800_CB3_13,001,2023-11-22_18h38.19.913,3_End,2023.2.3,59.992392976487196,2023-11-22 18h38.42.603499 +0000,
5,2,wastebasket,wastebasketcn,./stims/CritBystanders/comb.jpeg,./stims/CritBystanders/wastebasketcn.jpeg,RS,RS_5,,,,,,,,,0,4,4,4,,,,,69.32318319997285,,,,,,,,,69.30772949999664,0.999003800097853,72.8902589000063,[-0.08055555555555556],[0.2935185185185185],[1],[0],[0],[3.576589700067416],,,,,,,,,,,,,2211_1800_CB3_13,001,2023-11-22_18h38.19.913,3_End,2023.2.3,59.992392976487196,2023-11-22 18h38.42.603499 +0000,
6,2,card,cardcn,./stims/CritBystanders/electriccord.jpeg,./stims/CritBystanders/cardscn.jpeg,SS,SS_1,,,,,,,,,0,5,5,5,,,,,72.90649069997016,,,,,,,,,72.89085049997084,0.9992100999224931,81.55713849992026,[-0.08055555555555556],[0.2935185185185185],[1],[0],[0],[8.660475000040606],,,,,,,,,,,,,2211_1800_CB3_13,001,2023-11-22_18h38.19.913,3_End,2023.2.3,59.992392976487196,2023-11-22 18h38.42.603499 +0000,
7,2,books,bookscn,./stims/CritBystanders/toiletpaper.jpeg,./stims/CritBystanders/bookscn.jpeg,RR,RR_2,,,,,,,,,0,6,6,6,,,,,81.57319489994552,,,,,,,,,81.55774029996246,1.0156633999431506,87.54050389991608,[-0.08055555555555556],[0.2935185185185185],[1],[0],[0],[5.9775887000141665],,,,,,,,,,,,,2211_1800_CB3_13,001,2023-11-22_18h38.19.913,3_End,2023.2.3,59.992392976487196,2023-11-22 18h38.42.603499 +0000,
8,2,fan,fancn,./stims/CritBystanders/keys.jpeg,./stims/CritBystanders/fancn.jpeg,SR,SR_3,,,,,,,,,0,7,7,7,,,,,87.55654179991689,,,,,,,,,87.5410890999483,1.0157184000127017,93.09041969990358,[-0.08055555555555556],[0.2935185185185185],[1],[0],[0],[5.543380000046454],,,,,,,,,,,,,2211_1800_CB3_13,001,2023-11-22_18h38.19.913,3_End,2023.2.3,59.992392976487196,2023-11-22 18h38.42.603499 +0000,
9,3,chessboard,chessboardcn,./stims/CritBystanders/scissors.jpeg,./stims/CritBystanders/chessboardcn.jpeg,RR,RR_6,,,,,,,,,0,8,8,8,,,,,93.10654859989882,,,,,,,,,93.09100079990458,0.9991128999972716,101.49050509999506,[-0.08055555555555556],[0.2935185185185185],[1],[0],[0],[8.393824300030246],,,,,,,,,,,,,2211_1800_CB3_13,001,2023-11-22_18h38.19.913,3_End,2023.2.3,59.992392976487196,2023-11-22 18h38.42.603499 +0000,
10,3,iron,ironcn,./stims/CritBystanders/soccerball.jpeg,./stims/CritBystanders/ironcn.jpeg,SR,SR_7,,,,,,,,,0,9,9,9,,,,,101.50656249991152,,,,,,,,,101.49109219992533,0.9990080000134185,104.87381239992101,[-0.08055555555555556],[0.2935185185185185],[1],[0],[0],[3.3767898000078276],,,,,,,,,,,,,2211_1800_CB3_13,001,2023-11-22_18h38.19.913,3_End,2023.2.3,59.992392976487196,2023-11-22 18h38.42.603499 +0000,
11,3,candle,candlecn,./stims/CritBystanders/crate.jpeg,./stims/CritBystanders/candlecn.jpeg,SS,SS_8,,,,,,,,,0,10,10,10,,,,,104.88989079999737,,,,,,,,,104.87439649994485,0.9990721999201924,109.29050949995872,[-0.08055555555555556],[0.2935185185185185],[1],[0],[0],[4.410181200015359],,,,,,,,,,,,,2211_1800_CB3_13,001,2023-11-22_18h38.19.913,3_End,2023.2.3,59.992392976487196,2023-11-22 18h38.42.603499 +0000,
12,3,cap,capcn,./stims/CritBystanders/walkman.jpeg,./stims/CritBystanders/capcn.jpeg,RS,RS_2,,,,,,,,,0,11,11,11,,,,,109.30659329995979,,,,,,,,,109.2910450999625,0.9991082999622449,113.37384049990214,[-0.08055555555555556],[0.2935185185185185],[1],[0],[0],[4.077009700005874],,,,,,,,,,,,,2211_1800_CB3_13,001,2023-11-22_18h38.19.913,3_End,2023.2.3,59.992392976487196,2023-11-22 18h38.42.603499 +0000,
13,4,stapler,staplercn,./stims/CritBystanders/computer.jpeg,./stims/CritBystanders/staplercn.jpeg,RR,RR_1,,,,,,,,,0,12,12,12,,,,,113.38993229996413,,,,,,,,,113.37442759994883,0.9990680000046268,123.30722279998008,[-0.08055555555555556],[0.2935185185185185],[1],[0],[0],[9.927049699937925],,,,,,,,,,,,,2211_1800_CB3_13,001,2023-11-22_18h38.19.913,3_End,2023.2.3,59.992392976487196,2023-11-22 18h38.42.603499 +0000,
14,4,electriccord,electriccordcn,./stims/CritBystanders/cards.jpeg,./stims/CritBystanders/electriccordcn.jpeg,RS,RS_1,,,,,,,,,0,13,13,13,,,,,123.32328839995898,,,,,,,,,123.30780889990274,0.9990175000857562,139.30694839998614,[],[],[],[],[],[],15.999069300014526,,,,,,,,,,,,2211_1800_CB3_13,001,2023-11-22_18h38.19.913,3_End,2023.2.3,59.992392976487196,2023-11-22 18h38.42.603499 +0000,
15,4,umbrella,umbrellacn,./stims/CritBystanders/calculator.jpeg,./stims/CritBystanders/umbrellacn.jpeg,SS,SS_4,,,,,,,,,0,14,14,14,,,,,139.3233554000035,,,,,,,,,139.30767139990348,0.9990608000662178,144.19062699994538,[-0.08055555555555556],[0.2935185185185185],[1],[0],[0],[4.877353300107643],,,,,,,,,,,,,2211_1800_CB3_13,001,2023-11-22_18h38.19.913,3_End,2023.2.3,59.992392976487196,2023-11-22 18h38.42.603499 +0000,
16,4,guitar,guitarcn,./stims/CritBystanders/telephone.jpeg,./stims/CritBystanders/guitarcn.jpeg,SR,SR_4,,,,,,,,,0,15,15,15,,,,,144.2067119999556,,,,,,,,,144.19121739990078,1.0156674000900239,151.59066559991334,[-0.08055555555555556],[0.2935185185185185],[1],[0],[0],[7.393243900034577],,,,,,,,,,,,,2211_1800_CB3_13,001,2023-11-22_18h38.19.913,3_End,2023.2.3,59.992392976487196,2023-11-22 18h38.42.603499 +0000,
17,5,keys,keyscn,./stims/CritBystanders/fan.jpeg,./stims/CritBystanders/keyscn.jpeg,RR,RR_3,,,,,,,,,0,16,16,16,,,,,151.60668769991025,,,,,,,,,151.5912301999051,1.0157170000020415,158.1573006999679,[-0.08055555555555556],[0.2935185185185185],[1],[0],[0],[6.560231999959797],,,,,,,,,,,,,2211_1800_CB3_13,001,2023-11-22_18h38.19.913,3_End,2023.2.3,59.992392976487196,2023-11-22 18h38.42.603499 +0000,
18,5,crate,cratecn,./stims/CritBystanders/candle.jpeg,./stims/CritBystanders/cratecn.jpeg,RS,RS_8,,,,,,,,,0,17,17,17,,,,,158.1733535999665,,,,,,,,,158.15788259997498,0.9990364999976009,164.14062069996726,[-0.08055555555555556],[0.2935185185185185],[1],[0],[0],[5.976933500031009],,,,,,,,,,,,,2211_1800_CB3_13,001,2023-11-22_18h38.19.913,3_End,2023.2.3,59.992392976487196,2023-11-22 18h38.42.603499 +0000,
19,5,coffeemug,coffeemugcn,./stims/CritBystanders/bucket.jpeg,./stims/CritBystanders/coffeemugcn.jpeg,SS,SS_3,,,,,,,,,0,18,18,18,,,,,164.15674149990082,,,,,,,,,164.14121629996225,0.9990339999785647,169.34059989999514,[-0.08055555555555556],[0.2935185185185185],[1],[0],[0],[5.193584299995564],,,,,,,,,,,,,2211_1800_CB3_13,001,2023-11-22_18h38.19.913,3_End,2023.2.3,59.992392976487196,2023-11-22 18h38.42.603499 +0000,
20,5,clipboard,clipboardcn,./stims/CritBystanders/peacock.jpeg,./stims/CritBystanders/clipboardcn.jpeg,SR,SR_5,,,,,,,,,0,19,19,19,,,,,169.35673409991432,,,,,,,,,169.34116329997778,0.9991593000013381,174.80738019989803,[-0.08055555555555556],[0.2935185185185185],[1],[0],[0],[5.46029489999637],,,,,,,,,,,,,2211_1800_CB3_13,001,2023-11-22_18h38.19.913,3_End,2023.2.3,59.992392976487196,2023-11-22 18h38.42.603499 +0000,
21,6,soccerball,soccerballcn,./stims/CritBystanders/iron.jpeg,./stims/CritBystanders/soccerballcn.jpeg,RR,RR_7,,,,,,,,,0,20,20,20,,,,,174.82343769993167,,,,,,,,,174.80797429999802,1.0157085999380797,178.3906668999698,[-0.08055555555555556],[0.2935185185185185],[1],[0],[0],[3.577229000045918],,,,,,,,,,,,,2211_1800_CB3_13,001,2023-11-22_18h38.19.913,3_End,2023.2.3,59.992392976487196,2023-11-22 18h38.42.603499 +0000,
22,6,wallet,walletcn,./stims/CritBystanders/chair.jpeg,./stims/CritBystanders/walletcn.jpeg,SS,SS_6,,,,,,,,,0,21,21,21,,,,,178.40675520000514,,,,,,,,,178.39126019994728,0.9991019000299275,185.6406958999578,[-0.08055555555555556],[0.2935185185185185],[1],[0],[0],[7.243653300101869],,,,,,,,,,,,,2211_1800_CB3_13,001,2023-11-22_18h38.19.913,3_End,2023.2.3,59.992392976487196,2023-11-22 18h38.42.603499 +0000,
23,6,calculator,calculatorcn,./stims/CritBystanders/umbrella.jpeg,./stims/CritBystanders/calculatorcn.jpeg,RS,RS_4,,,,,,,,,0,22,22,22,,,,,185.6567782999482,,,,,,,,,185.64128019998316,0.9990294999442995,189.15733730001375,[-0.08055555555555556],[0.2935185185185185],[1],[0],[0],[3.5102544999681413],,,,,,,,,,,,,2211_1800_CB3_13,001,2023-11-22_18h38.19.913,3_End,2023.2.3,59.992392976487196,2023-11-22 18h38.42.603499 +0000,
24,6,toiletpaper,toiletpapercn,./stims/CritBystanders/books.jpeg,./stims/CritBystanders/toiletpapercn.jpeg,SR,SR_2,,,,,,,,,0,23,23,23,,,,,189.17344539996702,,,,,,,,,189.15789719996974,0.9991316000232473,194.60742639994714,[-0.08055555555555556],[0.2935185185185185],[1],[0],[0],[5.444217799929902],,,,,,,,,,,,,2211_1800_CB3_13,001,2023-11-22_18h38.19.913,3_End,2023.2.3,59.992392976487196,2023-11-22 18h38.42.603499 +0000,
25,7,watch,watchcn,./stims/CritBystanders/backpack.jpeg,./stims/CritBystanders/watchcn.jpeg,SR,SR_8,,,,,,,,,0,24,24,24,,,,,194.623464699951,,,,,,,,,194.60801610001363,0.9990149000659585,198.00720529991668,[-0.08055555555555556],[0.2935185185185185],[1],[0],[0],[3.3933124999748543],,,,,,,,,,,,,2211_1800_CB3_13,001,2023-11-22_18h38.19.913,3_End,2023.2.3,59.992392976487196,2023-11-22 18h38.42.603499 +0000,
26,7,telephone,telephonecn,./stims/CritBystanders/guitar.jpeg,./stims/CritBystanders/telephonecn.jpeg,RR,RR_4,,,,,,,,,0,25,25,25,,,,,198.02348929992877,,,,,,,,,198.0077493999852,0.999261699966155,207.27419049991295,[-0.07407407407407407],[0.3296296296296296],[1],[0],[0],[9.26076470001135],,,,,,,,,,,,,2211_1800_CB3_13,001,2023-11-22_18h38.19.913,3_End,2023.2.3,59.992392976487196,2023-11-22 18h38.42.603499 +0000,
27,7,video,videocn,./stims/CritBystanders/shoes.jpeg,./stims/CritBystanders/videocn.jpeg,RS,RS_7,,,,,,,,,0,26,26,26,,,,,207.2901581999613,,,,,,,,,207.27479729999322,1.0155864999396726,213.2241141999839,[-0.07407407407407407],[0.3296296296296296],[1],[0],[0],[5.943384599988349],,,,,,,,,,,,,2211_1800_CB3_13,001,2023-11-22_18h38.19.913,3_End,2023.2.3,59.992392976487196,2023-11-22 18h38.42.603499 +0000,
28,7,shoes,shoescn,./stims/CritBystanders/video.jpeg,./stims/CritBystanders/shoescn.jpeg,SS,SS_7,,,,,,,,,0,27,27,27,,,,,213.2401507999748,,,,,,,,,213.2249257999938,1.0157188000157475,217.35750549996737,[-0.07407407407407407],[0.3296296296296296],[1],[0],[0],[4.126643299940042],,,,,,,,,,,,,2211_1800_CB3_13,001,2023-11-22_18h38.19.913,3_End,2023.2.3,59.992392976487196,2023-11-22 18h38.42.603499 +0000,
29,8,bucket,bucketcn,./stims/CritBystanders/coffeemug.jpeg,./stims/CritBystanders/bucketcn.jpeg,RS,RS_3,,,,,,,,,0,28,28,28,,,,,217.37354760000017,,,,,,,,,217.35809829994105,1.0156426000175998,223.07415569992736,[-0.07407407407407407],[0.3296296296296296],[1],[0],[0],[5.710393599933013],,,,,,,,,,,,,2211_1800_CB3_13,001,2023-11-22_18h38.19.913,3_End,2023.2.3,59.992392976487196,2023-11-22 18h38.42.603499 +0000,
30,8,computer,computercn,./stims/CritBystanders/stapler.jpeg,./stims/CritBystanders/computercn.jpeg,SR,SR_1,,,,,,,,,0,29,29,29,,,,,223.09019679995254,,,,,,,,,223.07473959994968,0.9990129000507295,227.15739239996765,[-0.07407407407407407],[0.3296296296296296],[1],[0],[0],[4.077321500051767],,,,,,,,,,,,,2211_1800_CB3_13,001,2023-11-22_18h38.19.913,3_End,2023.2.3,59.992392976487196,2023-11-22 18h38.42.603499 +0000,
31,8,comb,combcn,./stims/CritBystanders/wastebasket.jpeg,./stims/CritBystanders/combcn.jpeg,SS,SS_5,,,,,,,,,0,30,30,30,,,,,227.17353889998049,,,,,,,,,227.15792489994783,0.999171799980104,234.09080989996437,[-0.07407407407407407],[0.3296296296296296],[1],[0],[0],[6.926992499968037],,,,,,,,,,,,,2211_1800_CB3_13,001,2023-11-22_18h38.19.913,3_End,2023.2.3,59.992392976487196,2023-11-22 18h38.42.603499 +0000,
32,8,backpack,backpackcn,./stims/CritBystanders/watch.jpeg,./stims/CritBystanders/backpackcn.jpeg,RR,RR_8,,,,,,,,,0,31,31,31,,,,,234.10688529990148,,,,,,,,,234.09139409998897,0.9990694000152871,237.257287299959,[-0.07407407407407407],[0.3296296296296296],[1],[0],[0],[3.1597887000534683],,,,,,,,,,,,,2211_1800_CB3_13,001,2023-11-22_18h38.19.913,3_End,2023.2.3,59.992392976487196,2023-11-22 18h38.42.603499 +0000,
,,,,,,,,,,,,,,,,,,,,,,,,,,237.25773610000033,237.27353589993436,237.27353589993436,246.8908245000057,space,9.606734599918127,None,,,,,,,,,,,,,,,,,,,,,,2211_1800_CB3_13,001,2023-11-22_18h38.19.913,3_End,2023.2.3,59.992392976487196,2023-11-22 18h38.42.603499 +0000,
,,,,,,,,1,1,pan,pancn,./stims/AcqBystanders/pan.jpeg,./stims/AcqBystanders/pancn.jpeg,SS,SS_2,,,,,0,0,0,0,246.9239522999851,,,,,,,,,,,,,,,,,,,246.8995176999597,0.999480800004676,250.80751660000533,[-0.07407407407407407],[0.3296296296296296],[1],[0],[0],[3.890765900025144],,,2211_1800_CB3_13,001,2023-11-22_18h38.19.913,3_End,2023.2.3,59.992392976487196,2023-11-22 18h38.42.603499 +0000,
,,,,,,,,2,1,lightbulb,lightbulbcn,./stims/AcqBystanders/lightbulb.jpeg,./stims/AcqBystanders/lightbulbcn.jpeg,SR,SR_3,,,,,0,1,1,1,250.9241729999194,,,,,,,,,,,,,,,,,,,250.80841950001195,1.01537520007696,255.32415799994487,[-0.07407407407407407],[0.3296296296296296],[1],[0],[0],[4.419268500059843],,,2211_1800_CB3_13,001,2023-11-22_18h38.19.913,3_End,2023.2.3,59.992392976487196,2023-11-22 18h38.42.603499 +0000,
,,,,,,,,3,1,shampoo,shampoocn,./stims/AcqBystanders/shampoo.jpeg,./stims/AcqBystanders/shampoocn.jpeg,RS,RS_4,,,,,0,2,2,2,255.35746259998996,,,,,,,,,,,,,,,,,,,255.32472179993056,0.9990862000267953,261.40781409991905,[-0.07407407407407407],[0.3296296296296296],[1],[0],[0],[6.063413899973966],,,2211_1800_CB3_13,001,2023-11-22_18h38.19.913,3_End,2023.2.3,59.992392976487196,2023-11-22 18h38.42.603499 +0000,
,,,,,,,,4,1,mandms,mandmscn,./stims/AcqBystanders/mandms.jpeg,./stims/AcqBystanders/mandmscn.jpeg,RR,RR_2,,,,,0,3,3,3,261.4235969999572,,,,,,,,,,,,,,,,,,,261.40840449999087,1.0154395999852568,265.407555499929,[-0.07407407407407407],[0.3296296296296296],[1],[0],[0],[3.9901708000106737],,,2211_1800_CB3_13,001,2023-11-22_18h38.19.913,3_End,2023.2.3,59.992392976487196,2023-11-22 18h38.42.603499 +0000,
,,,,,,,,5,1,sheet,sheetcn,./stims/AcqBystanders/sheet.jpeg,./stims/AcqBystanders/sheetcn.jpeg,RS,RS_3,,,,,0,4,4,4,265.42365259991493,,,,,,,,,,,,,,,,,,,265.40814119996503,0.9990623999619856,270.7409197000088,[-0.07407407407407407],[0.3296296296296296],[1],[0],[0],[5.326192099950276],,,2211_1800_CB3_13,001,2023-11-22_18h38.19.913,3_End,2023.2.3,59.992392976487196,2023-11-22 18h38.42.603499 +0000,
,,,,,,,,6,1,bottle,bottlecn,./stims/AcqBystanders/bottle.jpeg,./stims/AcqBystanders/bottlecn.jpeg,SS,SS_1,,,,,0,5,5,5,270.7569777999306,,,,,,,,,,,,,,,,,,,270.74151769990567,0.9990229000104591,278.3076495999703,[-0.07407407407407407],[0.3296296296296296],[1],[0],[0],[7.560137699940242],,,2211_1800_CB3_13,001,2023-11-22_18h38.19.913,3_End,2023.2.3,59.992392976487196,2023-11-22 18h38.42.603499 +0000,
,,,,,,,,7,1,trunk,trunkcn,./stims/AcqBystanders/trunk.jpeg,./stims/AcqBystanders/trunkcn.jpeg,SR,SR_1,,,,,0,6,6,6,278.3236914000008,,,,,,,,,,,,,,,,,,,278.3082373999059,1.0156085999915376,283.14096150000114,[-0.07407407407407407],[0.3296296296296296],[1],[0],[0],[4.826834500068799],,,2211_1800_CB3_13,001,2023-11-22_18h38.19.913,3_End,2023.2.3,59.992392976487196,2023-11-22 18h38.42.603499 +0000,
,,,,,,,,8,1,can,cancn,./stims/AcqBystanders/can.jpeg,./stims/AcqBystanders/cancn.jpeg,RR,RR_3,,,,,0,7,7,7,283.1569864999037,,,,,,,,,,,,,,,,,,,283.1415587000083,1.0156517000868917,288.2409928999841,[-0.07407407407407407],[0.3296296296296296],[1],[0],[0],[5.093450400047004],,,2211_1800_CB3_13,001,2023-11-22_18h38.19.913,3_End,2023.2.3,59.992392976487196,2023-11-22 18h38.42.603499 +0000,
,,,,,,,,9,1,towel,towelcn,./stims/AcqBystanders/towel.jpeg,./stims/AcqBystanders/towelcn.jpeg,RS,RS_1,,,,,0,8,8,8,288.25701189995743,,,,,,,,,,,,,,,,,,,288.2415905999951,1.0156696999911219,293.2909747000085,[-0.07407407407407407],[0.3296296296296296],[1],[0],[0],[5.043511900003068],,,2211_1800_CB3_13,001,2023-11-22_18h38.19.913,3_End,2023.2.3,59.992392976487196,2023-11-22 18h38.42.603499 +0000,
,,,,,,,,10,1,fireextinguisher,fireextinguishercn,./stims/AcqBystanders/fireextinguisher.jpeg,./stims/AcqBystanders/fireextinguishercn.jpeg,RR,RR_1,,,,,0,9,9,9,293.30706089991145,,,,,,,,,,,,,,,,,,,293.29156859999057,0.9990237000165507,297.8243307999801,[-0.07407407407407407],[0.3296296296296296],[1],[0],[0],[4.526728000026196],,,2211_1800_CB3_13,001,2023-11-22_18h38.19.913,3_End,2023.2.3,59.992392976487196,2023-11-22 18h38.42.603499 +0000,
,,,,,,,,11,1,passport,passportcn,./stims/AcqBystanders/passport.jpeg,./stims/AcqBystanders/passportcn.jpeg,SS,SS_3,,,,,0,10,10,10,297.8403821999673,,,,,,,,,,,,,,,,,,,297.8249257999705,0.9990076000103727,305.3576761999866,[-0.07407407407407407],[0.3296296296296296],[1],[0],[0],[7.525242200004868],,,2211_1800_CB3_13,001,2023-11-22_18h38.19.913,3_End,2023.2.3,59.992392976487196,2023-11-22 18h38.42.603499 +0000,
,,,,,,,,12,1,headphones,headphonescn,./stims/AcqBystanders/headphones.jpeg,./stims/AcqBystanders/headphonescn.jpeg,SR,SR_2,,,,,0,11,11,11,305.3737156999996,,,,,,,,,,,,,,,,,,,305.3582641999237,0.9990008999593556,311.6576716999989,[-0.025],[0.3435185185185185],[1],[0],[0],[6.293354700086638],,,2211_1800_CB3_13,001,2023-11-22_18h38.19.913,3_End,2023.2.3,59.992392976487196,2023-11-22 18h38.42.603499 +0000,
,,,,,,,,13,1,perfume,perfumecn,./stims/AcqBystanders/perfume.jpeg,./stims/AcqBystanders/perfumecn.jpeg,SR,SR_4,,,,,0,12,12,12,311.67372399999294,,,,,,,,,,,,,,,,,,,311.6582648999756,0.9990460999542847,319.74103269993793,[-0.025],[0.3490740740740741],[1],[0],[0],[8.076619100058451],,,2211_1800_CB3_13,001,2023-11-22_18h38.19.913,3_End,2023.2.3,59.992392976487196,2023-11-22 18h38.42.603499 +0000,
,,,,,,,,14,1,cup,cupcn,./stims/AcqBystanders/cup.jpeg,./stims/AcqBystanders/cupcn.jpeg,RS,RS_2,,,,,0,13,13,13,319.8409427999286,,,,,,,,,,,,,,,,,,,319.74163469998166,1.0156629999401048,329.85772729991004,[-0.025],[0.3490740740740741],[1],[0],[0],[10.026856599957682],,,2211_1800_CB3_13,001,2023-11-22_18h38.19.913,3_End,2023.2.3,59.992392976487196,2023-11-22 18h38.42.603499 +0000,
,,,,,,,,,,,,,,,,,,,,,,,,,,,,,,,,,,,,,,,,,,,,,,,,,,,,329.8581738999346,329.87380119995214,,,,,,,,
