﻿order_ext,blk_ext,bystander_ext,test_item_ext,bystander_loc_ext,test_item_loc_ext,trial_type_ext,itemNo_ext,order_cond_acq,blk_cond_acq,bystander_cond_acq,test_item_cond_acq,bystander_loc_cond_acq,test_item_loc_cond_acq,trial_type_cond_acq,itemNo_cond_acq,trials.thisRepN,trials.thisTrialN,trials.thisN,trials.thisIndex,trials_2.thisRepN,trials_2.thisTrialN,trials_2.thisN,trials_2.thisIndex,thisRow.t,notes,INSTRUCTION.started,instruct1.started,ok1.started,INSTRUCTION.stopped,ok1.keys,ok1.rt,ok1.duration,END_EXT.started,mouse_ext.started,END_EXT.stopped,mouse_ext.x,mouse_ext.y,mouse_ext.leftButton,mouse_ext.midButton,mouse_ext.rightButton,mouse_ext.time,END_ACQ.started,mouse_cond.started,END_ACQ.stopped,mouse_cond.x,mouse_cond.y,mouse_cond.leftButton,mouse_cond.midButton,mouse_cond.rightButton,mouse_cond.time,thanks.started,thanksMsg.started,participant,session,date,expName,psychopyVersion,frameRate,expStart,
,,,,,,,,,,,,,,,,,,,,,,,,,,0.017430500010959804,0.033998999977484345,0.033998999977484345,5.184638199978508,space,5.146902699954808,None,,,,,,,,,,,,,,,,,,,,,2311_1530_CB3_14,001,2023-11-23_16h11.22.410,3_End,2023.2.3,60.013635103908875,2023-11-23 16h11.32.458632 +0000,
1,1,walkman,walkmancn,./stims/CritBystanders/cap.jpeg,./stims/CritBystanders/walkmancn.jpeg,SS,SS_2,,,,,,,,,0,0,0,0,,,,,5.234004799975082,,,,,,,,,5.199720700038597,0.9994219000218436,10.234729900024831,[0.4148148148148148],[0.5],[1],[0],[0],[5.01694719993975],,,,,,,,,,,,2311_1530_CB3_14,001,2023-11-23_16h11.22.410,3_End,2023.2.3,60.013635103908875,2023-11-23 16h11.32.458632 +0000,
2,1,scissors,scissorscn,./stims/CritBystanders/chessboard.jpeg,./stims/CritBystanders/scissorscn.jpeg,SR,SR_6,,,,,,,,,0,1,1,1,,,,,10.250704500009306,,,,,,,,,10.2357195999939,1.015200600028038,16.534647300024517,[0.887962962962963],[0.4842592592592593],[1],[0],[0],[6.293071300024167],,,,,,,,,,,,2311_1530_CB3_14,001,2023-11-23_16h11.22.410,3_End,2023.2.3,60.013635103908875,2023-11-23 16h11.32.458632 +0000,
3,1,chair,chaircn,./stims/CritBystanders/wallet.jpeg,./stims/CritBystanders/chaircn.jpeg,RS,RS_6,,,,,,,,,0,2,2,2,,,,,16.550743900006637,,,,,,,,,16.53526240005158,0.9990037999814376,21.33472319995053,[0.887962962962963],[0.4842592592592593],[1],[0],[0],[4.794316700077616],,,,,,,,,,,,2311_1530_CB3_14,001,2023-11-23_16h11.22.410,3_End,2023.2.3,60.013635103908875,2023-11-23 16h11.32.458632 +0000,
4,1,peacock,peacockcn,./stims/CritBystanders/clipboard.jpeg,./stims/CritBystanders/peacockcn.jpeg,RR,RR_5,,,,,,,,,0,3,3,3,,,,,21.350748699973337,,,,,,,,,21.33526660001371,0.9990325999679044,24.401366799953394,[0.887962962962963],[0.4842592592592593],[1],[0],[0],[3.0606305999681354],,,,,,,,,,,,2311_1530_CB3_14,001,2023-11-23_16h11.22.410,3_End,2023.2.3,60.013635103908875,2023-11-23 16h11.32.458632 +0000,
5,2,wastebasket,wastebasketcn,./stims/CritBystanders/comb.jpeg,./stims/CritBystanders/wastebasketcn.jpeg,RS,RS_5,,,,,,,,,0,4,4,4,,,,,24.417416700045578,,,,,,,,,24.401935899979435,1.0157034998992458,27.251331400009803,[0.887962962962963],[0.4842592592592593],[1],[0],[0],[2.84399530000519],,,,,,,,,,,,2311_1530_CB3_14,001,2023-11-23_16h11.22.410,3_End,2023.2.3,60.013635103908875,2023-11-23 16h11.32.458632 +0000,
6,2,card,cardcn,./stims/CritBystanders/electriccord.jpeg,./stims/CritBystanders/cardscn.jpeg,SS,SS_1,,,,,,,,,0,5,5,5,,,,,27.267410599975847,,,,,,,,,27.25189890002366,0.9991022000322118,32.31788830005098,[0.887962962962963],[0.4842592592592593],[1],[0],[0],[5.060709399986081],,,,,,,,,,,,2311_1530_CB3_14,001,2023-11-23_16h11.22.410,3_End,2023.2.3,60.013635103908875,2023-11-23 16h11.32.458632 +0000,
7,2,books,bookscn,./stims/CritBystanders/toiletpaper.jpeg,./stims/CritBystanders/bookscn.jpeg,RR,RR_2,,,,,,,,,0,6,6,6,,,,,32.33411569998134,,,,,,,,,32.318462700000964,0.9992233999073505,35.35135120002087,[0.887962962962963],[0.4842592592592593],[1],[0],[0],[3.028021200094372],,,,,,,,,,,,2311_1530_CB3_14,001,2023-11-23_16h11.22.410,3_End,2023.2.3,60.013635103908875,2023-11-23 16h11.32.458632 +0000,
8,2,fan,fancn,./stims/CritBystanders/keys.jpeg,./stims/CritBystanders/fancn.jpeg,SR,SR_3,,,,,,,,,0,7,7,7,,,,,35.36742130003404,,,,,,,,,35.351945300004445,0.9990149999503046,43.2180204000324,[0.887962962962963],[0.4842592592592593],[1],[0],[0],[7.860289999982342],,,,,,,,,,,,2311_1530_CB3_14,001,2023-11-23_16h11.22.410,3_End,2023.2.3,60.013635103908875,2023-11-23 16h11.32.458632 +0000,
9,3,chessboard,chessboardcn,./stims/CritBystanders/scissors.jpeg,./stims/CritBystanders/chessboardcn.jpeg,RR,RR_6,,,,,,,,,0,8,8,8,,,,,43.23410680005327,,,,,,,,,43.21860859997105,0.9990441999398172,48.90138129994739,[0.887962962962963],[0.4842592592592593],[1],[0],[0],[5.67738830007147],,,,,,,,,,,,2311_1530_CB3_14,001,2023-11-23_16h11.22.410,3_End,2023.2.3,60.013635103908875,2023-11-23 16h11.32.458632 +0000,
10,3,iron,ironcn,./stims/CritBystanders/soccerball.jpeg,./stims/CritBystanders/ironcn.jpeg,SR,SR_7,,,,,,,,,0,9,9,9,,,,,48.91745840001386,,,,,,,,,48.90196960000321,0.9990793999750167,52.301411899970844,[0.887962962962963],[0.4842592592592593],[1],[0],[0],[3.3938167000887915],,,,,,,,,,,,2311_1530_CB3_14,001,2023-11-23_16h11.22.410,3_End,2023.2.3,60.013635103908875,2023-11-23 16h11.32.458632 +0000,
11,3,candle,candlecn,./stims/CritBystanders/crate.jpeg,./stims/CritBystanders/candlecn.jpeg,SS,SS_8,,,,,,,,,0,10,10,10,,,,,52.31747520004865,,,,,,,,,52.302004800061695,0.9990114000393078,55.21807059994899,[0.887962962962963],[0.4842592592592593],[1],[0],[0],[2.9103877999586985],,,,,,,,,,,,2311_1530_CB3_14,001,2023-11-23_16h11.22.410,3_End,2023.2.3,60.013635103908875,2023-11-23 16h11.32.458632 +0000,
12,3,cap,capcn,./stims/CritBystanders/walkman.jpeg,./stims/CritBystanders/capcn.jpeg,RS,RS_2,,,,,,,,,0,11,11,11,,,,,55.234137000050396,,,,,,,,,55.21866170002613,1.0157113999594003,59.05141790001653,[0.887962962962963],[0.4842592592592593],[1],[0],[0],[3.8273163000121713],,,,,,,,,,,,2311_1530_CB3_14,001,2023-11-23_16h11.22.410,3_End,2023.2.3,60.013635103908875,2023-11-23 16h11.32.458632 +0000,
13,4,stapler,staplercn,./stims/CritBystanders/computer.jpeg,./stims/CritBystanders/staplercn.jpeg,RR,RR_1,,,,,,,,,0,12,12,12,,,,,59.06747210002504,,,,,,,,,59.05198810005095,0.9990674000000581,65.2014896000037,[0.887962962962963],[0.4842592592592593],[1],[0],[0],[6.144164300058037],,,,,,,,,,,,2311_1530_CB3_14,001,2023-11-23_16h11.22.410,3_End,2023.2.3,60.013635103908875,2023-11-23 16h11.32.458632 +0000,
14,4,electriccord,electriccordcn,./stims/CritBystanders/cards.jpeg,./stims/CritBystanders/electriccordcn.jpeg,RS,RS_1,,,,,,,,,0,13,13,13,,,,,65.21753909997642,,,,,,,,,65.20203569997102,1.015750000020489,69.70160430006217,[0.887962962962963],[0.49444444444444446],[1],[0],[0],[4.493809000006877],,,,,,,,,,,,2311_1530_CB3_14,001,2023-11-23_16h11.22.410,3_End,2023.2.3,60.013635103908875,2023-11-23 16h11.32.458632 +0000,
15,4,umbrella,umbrellacn,./stims/CritBystanders/calculator.jpeg,./stims/CritBystanders/umbrellacn.jpeg,SS,SS_4,,,,,,,,,0,14,14,14,,,,,69.71751920005772,,,,,,,,,69.70218869997188,1.0156407000031322,73.38500200002454,[0.887962962962963],[0.49444444444444446],[1],[0],[0],[3.6772090999875218],,,,,,,,,,,,2311_1530_CB3_14,001,2023-11-23_16h11.22.410,3_End,2023.2.3,60.013635103908875,2023-11-23 16h11.32.458632 +0000,
16,4,guitar,guitarcn,./stims/CritBystanders/telephone.jpeg,./stims/CritBystanders/guitarcn.jpeg,SR,SR_4,,,,,,,,,0,15,15,15,,,,,73.40086429996882,,,,,,,,,73.38562479999382,1.015443200012669,77.03492370003369,[0.887962962962963],[0.49444444444444446],[1],[0],[0],[3.6431535999290645],,,,,,,,,,,,2311_1530_CB3_14,001,2023-11-23_16h11.22.410,3_End,2023.2.3,60.013635103908875,2023-11-23 16h11.32.458632 +0000,
17,5,keys,keyscn,./stims/CritBystanders/fan.jpeg,./stims/CritBystanders/keyscn.jpeg,RR,RR_3,,,,,,,,,0,16,16,16,,,,,77.05092650000006,,,,,,,,,77.03550040000118,1.0155670000240207,80.96840560005512,[0.887962962962963],[0.49444444444444446],[1],[0],[0],[3.927030500024557],,,,,,,,,,,,2311_1530_CB3_14,001,2023-11-23_16h11.22.410,3_End,2023.2.3,60.013635103908875,2023-11-23 16h11.32.458632 +0000,
18,5,crate,cratecn,./stims/CritBystanders/candle.jpeg,./stims/CritBystanders/cratecn.jpeg,RS,RS_8,,,,,,,,,0,17,17,17,,,,,80.98423649999313,,,,,,,,,80.96898690005764,1.0155740000773221,85.3681959999958,[0.887962962962963],[0.5],[1],[0],[0],[4.392446200014092],,,,,,,,,,,,2311_1530_CB3_14,001,2023-11-23_16h11.22.410,3_End,2023.2.3,60.013635103908875,2023-11-23 16h11.32.458632 +0000,
19,5,coffeemug,coffeemugcn,./stims/CritBystanders/bucket.jpeg,./stims/CritBystanders/coffeemugcn.jpeg,SS,SS_3,,,,,,,,,0,18,18,18,,,,,85.38419679994695,,,,,,,,,85.36876019998454,0.9990032000932842,89.38487810001243,[0.887962962962963],[0.5],[1],[0],[0],[4.00997560005635],,,,,,,,,,,,2311_1530_CB3_14,001,2023-11-23_16h11.22.410,3_End,2023.2.3,60.013635103908875,2023-11-23 16h11.32.458632 +0000,
20,5,clipboard,clipboardcn,./stims/CritBystanders/peacock.jpeg,./stims/CritBystanders/clipboardcn.jpeg,SR,SR_5,,,,,,,,,0,19,19,19,,,,,89.40091369999573,,,,,,,,,89.38549250003416,0.9990650999825448,93.15172319998965,[0.887962962962963],[0.5],[1],[0],[0],[3.7606180000584573],,,,,,,,,,,,2311_1530_CB3_14,001,2023-11-23_16h11.22.410,3_End,2023.2.3,60.013635103908875,2023-11-23 16h11.32.458632 +0000,
21,6,soccerball,soccerballcn,./stims/CritBystanders/iron.jpeg,./stims/CritBystanders/soccerballcn.jpeg,RR,RR_7,,,,,,,,,0,20,20,20,,,,,93.16757010004949,,,,,,,,,93.15237350005191,1.0155812000157312,97.65176869998686,[0.887962962962963],[0.5],[1],[0],[0],[4.494105000048876],,,,,,,,,,,,2311_1530_CB3_14,001,2023-11-23_16h11.22.410,3_End,2023.2.3,60.013635103908875,2023-11-23 16h11.32.458632 +0000,
22,6,wallet,walletcn,./stims/CritBystanders/chair.jpeg,./stims/CritBystanders/walletcn.jpeg,SS,SS_6,,,,,,,,,0,21,21,21,,,,,97.6675685000373,,,,,,,,,97.65235530002974,1.0155054000206292,102.20169839996379,[0.887962962962963],[0.5],[1],[0],[0],[4.543636700022034],,,,,,,,,,,,2311_1530_CB3_14,001,2023-11-23_16h11.22.410,3_End,2023.2.3,60.013635103908875,2023-11-23 16h11.32.458632 +0000,
23,6,calculator,calculatorcn,./stims/CritBystanders/umbrella.jpeg,./stims/CritBystanders/calculatorcn.jpeg,RS,RS_4,,,,,,,,,0,22,22,22,,,,,102.21759600006044,,,,,,,,,102.20230150001589,1.015603999956511,107.76821230002679,[0.887962962962963],[0.5],[1],[0],[0],[5.560598299955018],,,,,,,,,,,,2311_1530_CB3_14,001,2023-11-23_16h11.22.410,3_End,2023.2.3,60.013635103908875,2023-11-23 16h11.32.458632 +0000,
24,6,toiletpaper,toiletpapercn,./stims/CritBystanders/books.jpeg,./stims/CritBystanders/toiletpapercn.jpeg,SR,SR_2,,,,,,,,,0,23,23,23,,,,,107.7842752999859,,,,,,,,,107.7687560999766,0.9990656999871135,111.86802459997125,[0.887962962962963],[0.5],[1],[0],[0],[4.093758100061677],,,,,,,,,,,,2311_1530_CB3_14,001,2023-11-23_16h11.22.410,3_End,2023.2.3,60.013635103908875,2023-11-23 16h11.32.458632 +0000,
25,7,watch,watchcn,./stims/CritBystanders/backpack.jpeg,./stims/CritBystanders/watchcn.jpeg,SR,SR_8,,,,,,,,,0,24,24,24,,,,,111.88428410002962,,,,,,,,,111.86861580004916,0.999250499997288,116.0015759000089,[0.887962962962963],[0.5],[1],[0],[0],[4.127510400023311],,,,,,,,,,,,2311_1530_CB3_14,001,2023-11-23_16h11.22.410,3_End,2023.2.3,60.013635103908875,2023-11-23 16h11.32.458632 +0000,
26,7,telephone,telephonecn,./stims/CritBystanders/guitar.jpeg,./stims/CritBystanders/telephonecn.jpeg,RR,RR_4,,,,,,,,,0,25,25,25,,,,,116.01766540005337,,,,,,,,,116.00217630004045,1.0157384999329224,119.23496270005126,[0.887962962962963],[0.5],[1],[0],[0],[3.2271882999921218],,,,,,,,,,,,2311_1530_CB3_14,001,2023-11-23_16h11.22.410,3_End,2023.2.3,60.013635103908875,2023-11-23 16h11.32.458632 +0000,
27,7,video,videocn,./stims/CritBystanders/shoes.jpeg,./stims/CritBystanders/videocn.jpeg,RS,RS_7,,,,,,,,,0,26,26,26,,,,,119.25096890004352,,,,,,,,,119.23556209995877,1.0156461000442505,122.0349287999561,[0.887962962962963],[0.5],[1],[0],[0],[2.7937045000726357],,,,,,,,,,,,2311_1530_CB3_14,001,2023-11-23_16h11.22.410,3_End,2023.2.3,60.013635103908875,2023-11-23 16h11.32.458632 +0000,
28,7,shoes,shoescn,./stims/CritBystanders/video.jpeg,./stims/CritBystanders/shoescn.jpeg,SS,SS_7,,,,,,,,,0,27,27,27,,,,,122.05096130003221,,,,,,,,,122.03550120000727,1.0156852999934927,125.70159599999897,[0.887962962962963],[0.5],[1],[0],[0],[3.660836399998516],,,,,,,,,,,,2311_1530_CB3_14,001,2023-11-23_16h11.22.410,3_End,2023.2.3,60.013635103908875,2023-11-23 16h11.32.458632 +0000,
29,8,bucket,bucketcn,./stims/CritBystanders/coffeemug.jpeg,./stims/CritBystanders/bucketcn.jpeg,RS,RS_3,,,,,,,,,0,28,28,28,,,,,125.71772610000335,,,,,,,,,125.70220269996207,0.9990123000461608,129.10172130004503,[0.887962962962963],[0.5],[1],[0],[0],[3.394238500040956],,,,,,,,,,,,2311_1530_CB3_14,001,2023-11-23_16h11.22.410,3_End,2023.2.3,60.013635103908875,2023-11-23 16h11.32.458632 +0000,
30,8,computer,computercn,./stims/CritBystanders/stapler.jpeg,./stims/CritBystanders/computercn.jpeg,SR,SR_1,,,,,,,,,0,29,29,29,,,,,129.1177072999999,,,,,,,,,129.10228580003604,1.0156728000147268,133.73491410003044,[0.887962962962963],[0.5],[1],[0],[0],[4.627879400039092],,,,,,,,,,,,2311_1530_CB3_14,001,2023-11-23_16h11.22.410,3_End,2023.2.3,60.013635103908875,2023-11-23 16h11.32.458632 +0000,
31,8,comb,combcn,./stims/CritBystanders/wastebasket.jpeg,./stims/CritBystanders/combcn.jpeg,SS,SS_5,,,,,,,,,0,30,30,30,,,,,133.75104280002415,,,,,,,,,133.73549430002458,0.9990689000114799,138.65169910003897,[0.887962962962963],[0.5],[1],[0],[0],[4.910522599937394],,,,,,,,,,,,2311_1530_CB3_14,001,2023-11-23_16h11.22.410,3_End,2023.2.3,60.013635103908875,2023-11-23 16h11.32.458632 +0000,
32,8,backpack,backpackcn,./stims/CritBystanders/watch.jpeg,./stims/CritBystanders/backpackcn.jpeg,RR,RR_8,,,,,,,,,0,31,31,31,,,,,138.6677117999643,,,,,,,,,138.6522722999798,1.0156857999973,142.76831189997029,[0.887962962962963],[0.5],[1],[0],[0],[4.110547900083475],,,,,,,,,,,,2311_1530_CB3_14,001,2023-11-23_16h11.22.410,3_End,2023.2.3,60.013635103908875,2023-11-23 16h11.32.458632 +0000,
,,,,,,,,,,,,,,,,,,,,,,,,,,142.76875729998574,142.7843886000337,142.7843886000337,152.06820820004214,space,9.275694599957205,None,,,,,,,,,,,,,,,,,,,,,2311_1530_CB3_14,001,2023-11-23_16h11.22.410,3_End,2023.2.3,60.013635103908875,2023-11-23 16h11.32.458632 +0000,
,,,,,,,,1,1,pan,pancn,./stims/AcqBystanders/pan.jpeg,./stims/AcqBystanders/pancn.jpeg,SS,SS_2,,,,,0,0,0,0,152.10132050001994,,,,,,,,,,,,,,,,,,152.07694429997355,0.9995435000164434,155.93488159996923,[0.887962962962963],[0.5],[1],[0],[0],[3.8403972000814974],,,2311_1530_CB3_14,001,2023-11-23_16h11.22.410,3_End,2023.2.3,60.013635103908875,2023-11-23 16h11.32.458632 +0000,
,,,,,,,,2,1,lightbulb,lightbulbcn,./stims/AcqBystanders/lightbulb.jpeg,./stims/AcqBystanders/lightbulbcn.jpeg,SR,SR_3,,,,,0,1,1,1,156.0512855000561,,,,,,,,,,,,,,,,,,155.93573969998397,1.0155894999625161,158.80171250004787,[0.887962962962963],[0.5],[1],[0],[0],[2.7694313999963924],,,2311_1530_CB3_14,001,2023-11-23_16h11.22.410,3_End,2023.2.3,60.013635103908875,2023-11-23 16h11.32.458632 +0000,
,,,,,,,,3,1,shampoo,shampoocn,./stims/AcqBystanders/shampoo.jpeg,./stims/AcqBystanders/shampoocn.jpeg,RS,RS_4,,,,,0,2,2,2,158.83477620000485,,,,,,,,,,,,,,,,,,158.80229679995682,1.015683799982071,161.91832920000888,[0.887962962962963],[0.5],[1],[0],[0],[3.0967640000162646],,,2311_1530_CB3_14,001,2023-11-23_16h11.22.410,3_End,2023.2.3,60.013635103908875,2023-11-23 16h11.32.458632 +0000,
,,,,,,,,4,1,mandms,mandmscn,./stims/AcqBystanders/mandms.jpeg,./stims/AcqBystanders/mandmscn.jpeg,RR,RR_2,,,,,0,3,3,3,161.93442800000776,,,,,,,,,,,,,,,,,,161.91892910003662,0.9990702000213787,165.535111199948,[0.887962962962963],[0.5],[1],[0],[0],[3.6076876999577507],,,2311_1530_CB3_14,001,2023-11-23_16h11.22.410,3_End,2023.2.3,60.013635103908875,2023-11-23 16h11.32.458632 +0000,
,,,,,,,,5,1,sheet,sheetcn,./stims/AcqBystanders/sheet.jpeg,./stims/AcqBystanders/sheetcn.jpeg,RS,RS_3,,,,,0,4,4,4,165.55108919995837,,,,,,,,,,,,,,,,,,165.53568359999917,1.0156438000267372,168.75171760004014,[0.887962962962963],[0.5],[1],[0],[0],[3.209739400073886],,,2311_1530_CB3_14,001,2023-11-23_16h11.22.410,3_End,2023.2.3,60.013635103908875,2023-11-23 16h11.32.458632 +0000,
,,,,,,,,6,1,bottle,bottlecn,./stims/AcqBystanders/bottle.jpeg,./stims/AcqBystanders/bottlecn.jpeg,SS,SS_1,,,,,0,5,5,5,168.76779149996582,,,,,,,,,,,,,,,,,,168.7522856000578,0.9990114000393078,172.1850848000031,[0.887962962962963],[0.5],[1],[0],[0],[3.4271840000292286],,,2311_1530_CB3_14,001,2023-11-23_16h11.22.410,3_End,2023.2.3,60.013635103908875,2023-11-23 16h11.32.458632 +0000,
,,,,,,,,7,1,trunk,trunkcn,./stims/AcqBystanders/trunk.jpeg,./stims/AcqBystanders/trunkcn.jpeg,SR,SR_1,,,,,0,6,6,6,172.20112189999782,,,,,,,,,,,,,,,,,,172.18580630002543,1.0155244000488892,175.86839039996266,[0.887962962962963],[0.5],[1],[0],[0],[3.677317599998787],,,2311_1530_CB3_14,001,2023-11-23_16h11.22.410,3_End,2023.2.3,60.013635103908875,2023-11-23 16h11.32.458632 +0000,
,,,,,,,,8,1,can,cancn,./stims/AcqBystanders/can.jpeg,./stims/AcqBystanders/cancn.jpeg,RR,RR_3,,,,,0,7,7,7,175.88442959997337,,,,,,,,,,,,,,,,,,175.86898240004666,0.9990194001002237,178.25180079997517,[0.887962962962963],[0.5],[1],[0],[0],[2.3768311999738216],,,2311_1530_CB3_14,001,2023-11-23_16h11.22.410,3_End,2023.2.3,60.013635103908875,2023-11-23 16h11.32.458632 +0000,
,,,,,,,,9,1,towel,towelcn,./stims/AcqBystanders/towel.jpeg,./stims/AcqBystanders/towelcn.jpeg,RS,RS_1,,,,,0,8,8,8,178.26779870002065,,,,,,,,,,,,,,,,,,178.252376700053,1.015677500050515,180.98503300000448,[0.887962962962963],[0.5],[1],[0],[0],[2.7273117000004277],,,2311_1530_CB3_14,001,2023-11-23_16h11.22.410,3_End,2023.2.3,60.013635103908875,2023-11-23 16h11.32.458632 +0000,
,,,,,,,,10,1,fireextinguisher,fireextinguishercn,./stims/AcqBystanders/fireextinguisher.jpeg,./stims/AcqBystanders/fireextinguishercn.jpeg,RR,RR_1,,,,,0,9,9,9,181.00112689996604,,,,,,,,,,,,,,,,,,180.9856024000328,0.9991265999851748,184.06839989998844,[0.887962962962963],[0.5],[1],[0],[0],[3.07733489992097],,,2311_1530_CB3_14,001,2023-11-23_16h11.22.410,3_End,2023.2.3,60.013635103908875,2023-11-23 16h11.32.458632 +0000,
,,,,,,,,11,1,passport,passportcn,./stims/AcqBystanders/passport.jpeg,./stims/AcqBystanders/passportcn.jpeg,SS,SS_3,,,,,0,10,10,10,184.08449339994695,,,,,,,,,,,,,,,,,,184.06897330004722,0.9990496999816969,189.58510110003408,[0.887962962962963],[0.5],[1],[0],[0],[5.509064499987289],,,2311_1530_CB3_14,001,2023-11-23_16h11.22.410,3_End,2023.2.3,60.013635103908875,2023-11-23 16h11.32.458632 +0000,
,,,,,,,,12,1,headphones,headphonescn,./stims/AcqBystanders/headphones.jpeg,./stims/AcqBystanders/headphonescn.jpeg,SR,SR_2,,,,,0,11,11,11,189.60115780006163,,,,,,,,,,,,,,,,,,189.5856758999871,0.9990707999095321,198.9351882999763,[0.887962962962963],[0.5],[1],[0],[0],[9.343991300091147],,,2311_1530_CB3_14,001,2023-11-23_16h11.22.410,3_End,2023.2.3,60.013635103908875,2023-11-23 16h11.32.458632 +0000,
,,,,,,,,13,1,perfume,perfumecn,./stims/AcqBystanders/perfume.jpeg,./stims/AcqBystanders/perfumecn.jpeg,SR,SR_4,,,,,0,12,12,12,198.95120480004698,,,,,,,,,,,,,,,,,,198.93575009994674,1.0156166999367997,203.75182240002323,[0.887962962962963],[0.5],[1],[0],[0],[4.810526699991897],,,2311_1530_CB3_14,001,2023-11-23_16h11.22.410,3_End,2023.2.3,60.013635103908875,2023-11-23 16h11.32.458632 +0000,
,,,,,,,,14,1,cup,cupcn,./stims/AcqBystanders/cup.jpeg,./stims/AcqBystanders/cupcn.jpeg,RS,RS_2,,,,,0,13,13,13,203.85158719995525,,,,,,,,,,,,,,,,,,203.75239100004546,0.9990009000757709,209.5515996000031,[0.887962962962963],[0.5],[1],[0],[0],[5.710215600091033],,,2311_1530_CB3_14,001,2023-11-23_16h11.22.410,3_End,2023.2.3,60.013635103908875,2023-11-23 16h11.32.458632 +0000,
,,,,,,,,,,,,,,,,,,,,,,,,,,,,,,,,,,,,,,,,,,,,,,,,,,,209.55203210003674,209.5678833000129,,,,,,,,
