﻿order_ext,blk_ext,bystander_ext,test_item_ext,bystander_loc_ext,test_item_loc_ext,trial_type_ext,itemNo_ext,order_cond_acq,blk_cond_acq,bystander_cond_acq,test_item_cond_acq,bystander_loc_cond_acq,test_item_loc_cond_acq,trial_type_cond_acq,itemNo_cond_acq,trials.thisRepN,trials.thisTrialN,trials.thisN,trials.thisIndex,trials_2.thisRepN,trials_2.thisTrialN,trials_2.thisN,trials_2.thisIndex,thisRow.t,notes,INSTRUCTION.started,instruct1.started,ok1.started,INSTRUCTION.stopped,ok1.keys,ok1.rt,ok1.duration,END_EXT.started,mouse_ext.started,END_EXT.stopped,mouse_ext.x,mouse_ext.y,mouse_ext.leftButton,mouse_ext.midButton,mouse_ext.rightButton,mouse_ext.time,mouse_ext.stopped,END_ACQ.started,mouse_cond.started,mouse_cond.stopped,END_ACQ.stopped,mouse_cond.x,mouse_cond.y,mouse_cond.leftButton,mouse_cond.midButton,mouse_cond.rightButton,mouse_cond.time,thanks.started,thanksMsg.started,participant,session,date,expName,psychopyVersion,frameRate,expStart,
,,,,,,,,,,,,,,,,,,,,,,,,,,0.01835559995379299,0.03489479993004352,0.03489479993004352,3.2853745999746025,space,3.23594249994494,None,,,,,,,,,,,,,,,,,,,,,,,2311_1800_CB4_16,001,2023-11-23_19h38.24.639,3_End,2023.2.3,60.00700881611244,2023-11-23 19h38.36.680489 +0000,
1,1,walkman,walkmancn,./stims/CritBystanders/cap.jpeg,./stims/CritBystanders/bookscn.jpeg,SS,SS_2,,,,,,,,,0,0,0,0,,,,,3.3349079999607056,,,,,,,,,3.299085699953139,0.999519299948588,7.7021754999877885,[0.7287037037037037],[0.37037037037037035],[1],[0],[0],[4.385252899955958],,,,,,,,,,,,,,2311_1800_CB4_16,001,2023-11-23_19h38.24.639,3_End,2023.2.3,60.00700881611244,2023-11-23 19h38.36.680489 +0000,
2,1,wallet,walletcn,./stims/CritBystanders/chessboard.jpeg,./stims/CritBystanders/walletcn.jpeg,SR,SR_6,,,,,,,,,0,1,1,1,,,,,7.7182157000061125,,,,,,,,,7.704210299998522,1.0143693999852985,16.602136499946937,[0.7287037037037037],[0.37037037037037035],[1],[0],[0],[8.892352700000629],,,,,,,,,,,,,,2311_1800_CB4_16,001,2023-11-23_19h38.24.639,3_End,2023.2.3,60.00700881611244,2023-11-23 19h38.36.680489 +0000,
3,1,scissors,scissorscn,./stims/CritBystanders/wallet.jpeg,./stims/CritBystanders/scissorscn.jpeg,RS,RS_6,,,,,,,,,0,2,2,2,,,,,16.61821059999056,,,,,,,,,16.602713199914433,0.9991067999508232,28.352038100012578,[0.7287037037037037],[0.37037037037037035],[1],[0],[0],[11.743437299970537],,,,,,,,,,,,,,2311_1800_CB4_16,001,2023-11-23_19h38.24.639,3_End,2023.2.3,60.00700881611244,2023-11-23 19h38.36.680489 +0000,
4,1,wastebasket,wastebasketcn,./stims/CritBystanders/clipboard.jpeg,./stims/CritBystanders/wastebasketcn.jpeg,RR,RR_5,,,,,,,,,0,3,3,3,,,,,28.368288600002415,,,,,,,,,28.352615399984643,0.9992425000527874,32.15224189998116,[0.7287037037037037],[0.37037037037037035],[1],[0],[0],[3.793997299973853],,,,,,,,,,,,,,2311_1800_CB4_16,001,2023-11-23_19h38.24.639,3_End,2023.2.3,60.00700881611244,2023-11-23 19h38.36.680489 +0000,
5,2,clipboard,clipboardcn,./stims/CritBystanders/comb.jpeg,./stims/CritBystanders/clipboardcn.jpeg,RS,RS_5,,,,,,,,,0,4,4,4,,,,,32.16826539998874,,,,,,,,,32.152811700012535,0.9990039999829605,45.88538739993237,[0.7472222222222222],[0.387037037037037],[1],[0],[0],[13.727187299984507],,,,,,,,,,,,,,2311_1800_CB4_16,001,2023-11-23_19h38.24.639,3_End,2023.2.3,60.00700881611244,2023-11-23 19h38.36.680489 +0000,
6,2,stapler,staplercn,./stims/CritBystanders/electriccord.jpeg,./stims/CritBystanders/staplercn.jpeg,SS,SS_1,,,,,,,,,0,5,5,5,,,,,45.90165219991468,,,,,,,,,45.88594980002381,0.9992875000461936,61.88527470000554,[],[],[],[],[],[],15.999293399974704,,,,,,,,,,,,,2311_1800_CB4_16,001,2023-11-23_19h38.24.639,3_End,2023.2.3,60.00700881611244,2023-11-23 19h38.36.680489 +0000,
7,2,cap,capcn,./stims/CritBystanders/toiletpaper.jpeg,./stims/CritBystanders/capcn.jpeg,RR,RR_2,,,,,,,,,0,6,6,6,,,,,61.901677199988626,,,,,,,,,61.88574239995796,0.9992751999525353,77.88528579997364,[],[],[],[],[],[],15.99931210000068,,,,,,,,,,,,,2311_1800_CB4_16,001,2023-11-23_19h38.24.639,3_End,2023.2.3,60.00700881611244,2023-11-23 19h38.36.680489 +0000,
8,2,coffeemug,coffeemugcn,./stims/CritBystanders/keys.jpeg,./stims/CritBystanders/coffeemugcn.jpeg,SR,SR_3,,,,,,,,,0,7,7,7,,,,,77.90175999992061,,,,,,,,,77.88576199999079,0.9993223999626935,91.05214909999631,[0.7472222222222222],[0.387037037037037],[1],[0],[0],[13.160912899998948],,,,,,,,,,,,,,2311_1800_CB4_16,001,2023-11-23_19h38.24.639,3_End,2023.2.3,60.00700881611244,2023-11-23 19h38.36.680489 +0000,
9,3,chair,chaircn,./stims/CritBystanders/scissors.jpeg,./stims/CritBystanders/chaircn.jpeg,RR,RR_6,,,,,,,,,0,8,8,8,,,,,91.06844219996128,,,,,,,,,91.05271189997438,0.9992821000050753,95.68580679991283,[0.7472222222222222],[0.387037037037037],[1],[0],[0],[4.62790830002632],,,,,,,,,,,,,,2311_1800_CB4_16,001,2023-11-23_19h38.24.639,3_End,2023.2.3,60.00700881611244,2023-11-23 19h38.36.680489 +0000,
10,3,shoes,shoescn,./stims/CritBystanders/soccerball.jpeg,./stims/CritBystanders/shoescn.jpeg,SR,SR_7,,,,,,,,,0,9,9,9,,,,,95.70176299999002,,,,,,,,,95.68636579997838,0.999026200035587,99.53573719994165,[0.7472222222222222],[0.387037037037037],[1],[0],[0],[3.8438212999608368],,,,,,,,,,,,,,2311_1800_CB4_16,001,2023-11-23_19h38.24.639,3_End,2023.2.3,60.00700881611244,2023-11-23 19h38.36.680489 +0000,
11,3,backpack,backpackcn,./stims/CritBystanders/crate.jpeg,./stims/CritBystanders/backpackcn.jpeg,SS,SS_8,,,,,,,,,0,10,10,10,,,,,99.55178360000718,,,,,,,,,99.53629909991287,0.9990004999563098,103.26899639994372,[0.7472222222222222],[0.387037037037037],[1],[0],[0],[3.726876400061883],,,,,,,,,,,,,,2311_1800_CB4_16,001,2023-11-23_19h38.24.639,3_End,2023.2.3,60.00700881611244,2023-11-23 19h38.36.680489 +0000,
12,3,toiletpaper,toiletpapercn,./stims/CritBystanders/walkman.jpeg,./stims/CritBystanders/toiletpapercn.jpeg,RS,RS_2,,,,,,,,,0,11,11,11,,,,,103.28513620002195,,,,,,,,,103.26955720002297,0.9991069999523461,107.16903889994137,[0.7472222222222222],[0.387037037037037],[1],[0],[0],[3.8940267000580207],,,,,,,,,,,,,,2311_1800_CB4_16,001,2023-11-23_19h38.24.639,3_End,2023.2.3,60.00700881611244,2023-11-23 19h38.36.680489 +0000,
13,4,electriccord,electriccordcn,./stims/CritBystanders/computer.jpeg,./stims/CritBystanders/electriccordcn.jpeg,RR,RR_1,,,,,,,,,0,12,12,12,,,,,107.18509489996359,,,,,,,,,107.16959810000844,0.9990794999757782,111.33552720001899,[0.7472222222222222],[0.387037037037037],[1],[0],[0],[4.160120200016536],,,,,,,,,,,,,,2311_1800_CB4_16,001,2023-11-23_19h38.24.639,3_End,2023.2.3,60.00700881611244,2023-11-23 19h38.36.680489 +0000,
14,4,computer,computercn,./stims/CritBystanders/cards.jpeg,./stims/CritBystanders/computercn.jpeg,RS,RS_1,,,,,,,,,0,13,13,13,,,,,111.35180679999758,,,,,,,,,111.33608359994832,0.9992685999022797,127.3354269999545,[],[],[],[],[],[],15.999301599920727,,,,,,,,,,,,,2311_1800_CB4_16,001,2023-11-23_19h38.24.639,3_End,2023.2.3,60.00700881611244,2023-11-23 19h38.36.680489 +0000,
15,4,telephone,telephonecn,./stims/CritBystanders/calculator.jpeg,./stims/CritBystanders/telephonecn.jpeg,SS,SS_4,,,,,,,,,0,14,14,14,,,,,127.35183820000384,,,,,,,,,127.3359004999511,0.9993045999435708,131.36908530001529,[0.7472222222222222],[0.387037037037037],[1],[0],[0],[4.027692800038494],,,,,,,,,,,,,,2311_1800_CB4_16,001,2023-11-23_19h38.24.639,3_End,2023.2.3,60.00700881611244,2023-11-23 19h38.36.680489 +0000,
16,4,umbrella,umbrellacn,./stims/CritBystanders/telephone.jpeg,./stims/CritBystanders/umbrellacn.jpeg,SR,SR_4,,,,,,,,,0,15,15,15,,,,,131.38517939997837,,,,,,,,,131.369644899969,0.9990894000511616,147.36891720001586,[],[],[],[],[],[],15.999161000014283,,,,,,,,,,,,,2311_1800_CB4_16,001,2023-11-23_19h38.24.639,3_End,2023.2.3,60.00700881611244,2023-11-23 19h38.36.680489 +0000,
17,5,bucket,bucketcn,./stims/CritBystanders/fan.jpeg,./stims/CritBystanders/bucketcn.jpeg,RR,RR_3,,,,,,,,,0,16,16,16,,,,,147.38522229995579,,,,,,,,,147.36940620001405,0.9991279999958351,163.368832499953,[],[],[],[],[],[],15.999163700034842,,,,,,,,,,,,,2311_1800_CB4_16,001,2023-11-23_19h38.24.639,3_End,2023.2.3,60.00700881611244,2023-11-23 19h38.36.680489 +0000,
18,5,watch,watchcn,./stims/CritBystanders/candle.jpeg,./stims/CritBystanders/watchcn.jpeg,RS,RS_8,,,,,,,,,0,17,17,17,,,,,163.38526140002068,,,,,,,,,163.36930679995567,0.9991650000447407,169.70267889997922,[0.7472222222222222],[0.387037037037037],[1],[0],[0],[6.327948500053026],,,,,,,,,,,,,,2311_1800_CB4_16,001,2023-11-23_19h38.24.639,3_End,2023.2.3,60.00700881611244,2023-11-23 19h38.36.680489 +0000,
19,5,keys,keyscn,./stims/CritBystanders/bucket.jpeg,./stims/CritBystanders/keyscn.jpeg,SS,SS_3,,,,,,,,,0,18,18,18,,,,,169.71863419993315,,,,,,,,,169.70324019994587,1.0156353000784293,173.45268450002186,[0.7472222222222222],[0.387037037037037],[1],[0],[0],[3.7438303999369964],,,,,,,,,,,,,,2311_1800_CB4_16,001,2023-11-23_19h38.24.639,3_End,2023.2.3,60.00700881611244,2023-11-23 19h38.36.680489 +0000,
20,5,comb,combcn,./stims/CritBystanders/peacock.jpeg,./stims/CritBystanders/combcn.jpeg,SR,SR_5,,,,,,,,,0,19,19,19,,,,,173.46865279995836,,,,,,,,,173.45324469998013,1.0156009000493214,181.4357206999557,[0.7472222222222222],[0.387037037037037],[1],[0],[0],[7.977022200007923],,,,,,,,,,,,,,2311_1800_CB4_16,001,2023-11-23_19h38.24.639,3_End,2023.2.3,60.00700881611244,2023-11-23 19h38.36.680489 +0000,
21,6,video,videocn,./stims/CritBystanders/iron.jpeg,./stims/CritBystanders/videocn.jpeg,RR,RR_7,,,,,,,,,0,20,20,20,,,,,181.45197719999123,,,,,,,,,181.43628469994292,0.9992458999622613,185.63596599991433,[0.7472222222222222],[0.387037037037037],[1],[0],[0],[4.193918600096367],,,,,,,,,,,,,,2311_1800_CB4_16,001,2023-11-23_19h38.24.639,3_End,2023.2.3,60.00700881611244,2023-11-23 19h38.36.680489 +0000,
22,6,chessboard,chessboardcn,./stims/CritBystanders/chair.jpeg,./stims/CritBystanders/chessboardcn.jpeg,SS,SS_6,,,,,,,,,0,21,21,21,,,,,185.65204249997623,,,,,,,,,185.6365256999852,0.9990409000311047,191.30259159998968,[0.7472222222222222],[0.387037037037037],[1],[0],[0],[5.660249599954113],,,,,,,,,,,,,,2311_1800_CB4_16,001,2023-11-23_19h38.24.639,3_End,2023.2.3,60.00700881611244,2023-11-23 19h38.36.680489 +0000,
23,6,guitar,guitarcn,./stims/CritBystanders/umbrella.jpeg,./stims/CritBystanders/guitarcn.jpeg,RS,RS_4,,,,,,,,,0,22,22,22,,,,,191.31868239992764,,,,,,,,,191.30314949993044,0.9990687998943031,197.76935359998606,[0.7472222222222222],[0.387037037037037],[1],[0],[0],[6.460482000024058],,,,,,,,,,,,,,2311_1800_CB4_16,001,2023-11-23_19h38.24.639,3_End,2023.2.3,60.00700881611244,2023-11-23 19h38.36.680489 +0000,
24,6,walkman,walkmancn,./stims/CritBystanders/books.jpeg,./stims/CritBystanders/walkmancn.jpeg,SR,SR_2,,,,,,,,,0,23,23,23,,,,,197.78535199991893,,,,,,,,,197.76992739993148,1.0157796000130475,203.91909149999265,[0.7472222222222222],[0.387037037037037],[1],[0],[0],[6.143730500014499],,,,,,,,,,,,,,2311_1800_CB4_16,001,2023-11-23_19h38.24.639,3_End,2023.2.3,60.00700881611244,2023-11-23 19h38.36.680489 +0000,
25,7,candle,candlecn,./stims/CritBystanders/backpack.jpeg,./stims/CritBystanders/candlecn.jpeg,SR,SR_8,,,,,,,,,0,24,24,24,,,,,203.93540860002395,,,,,,,,,203.91964639991056,0.9992715999251232,216.4526791999815,[0.7472222222222222],[0.387037037037037],[1],[0],[0],[12.527321200002916],,,,,,,,,,,,,,2311_1800_CB4_16,001,2023-11-23_19h38.24.639,3_End,2023.2.3,60.00700881611244,2023-11-23 19h38.36.680489 +0000,
26,7,calculator,calculatorcn,./stims/CritBystanders/guitar.jpeg,./stims/CritBystanders/calculatorcn.jpeg,RR,RR_4,,,,,,,,,0,25,25,25,,,,,216.46875989995897,,,,,,,,,216.4532465999946,0.9990141000598669,232.45236669993028,[],[],[],[],[],[],15.999056600034237,,,,,,,,,,,,,2311_1800_CB4_16,001,2023-11-23_19h38.24.639,3_End,2023.2.3,60.00700881611244,2023-11-23 19h38.36.680489 +0000,
27,7,iron,ironcn,./stims/CritBystanders/shoes.jpeg,./stims/CritBystanders/ironcn.jpeg,RS,RS_7,,,,,,,,,0,26,26,26,,,,,232.4687755999621,,,,,,,,,232.45284849999007,0.9991308000171557,236.4860509999562,[0.7472222222222222],[0.387037037037037],[1],[0],[0],[4.027514899964444],,,,,,,,,,,,,,2311_1800_CB4_16,001,2023-11-23_19h38.24.639,3_End,2023.2.3,60.00700881611244,2023-11-23 19h38.36.680489 +0000,
28,7,soccerball,soccerballcn,./stims/CritBystanders/video.jpeg,./stims/CritBystanders/soccerballcn.jpeg,SS,SS_7,,,,,,,,,0,27,27,27,,,,,236.50211889995262,,,,,,,,,236.48661569994874,0.9990688998950645,252.48583609994967,[],[],[],[],[],[],15.999069799901918,,,,,,,,,,,,,2311_1800_CB4_16,001,2023-11-23_19h38.24.639,3_End,2023.2.3,60.00700881611244,2023-11-23 19h38.36.680489 +0000,
29,8,fan,fancn,./stims/CritBystanders/coffeemug.jpeg,./stims/CritBystanders/fancn.jpeg,RS,RS_3,,,,,,,,,0,28,28,28,,,,,252.5021696999902,,,,,,,,,252.48634199996013,0.9991209999425337,268.48576349997893,[],[],[],[],[],[],15.99912009993568,,,,,,,,,,,,,2311_1800_CB4_16,001,2023-11-23_19h38.24.639,3_End,2023.2.3,60.00700881611244,2023-11-23 19h38.36.680489 +0000,
30,8,cards,cardscn,./stims/CritBystanders/stapler.jpeg,./stims/CritBystanders/cardscn.jpeg,SR,SR_1,,,,,,,,,0,29,29,29,,,,,268.5022162999958,,,,,,,,,268.4862356999656,0.9991663999389857,284.48591579997446,[],[],[],[],[],[],15.999218299984932,,,,,,,,,,,,,2311_1800_CB4_16,001,2023-11-23_19h38.24.639,3_End,2023.2.3,60.00700881611244,2023-11-23 19h38.36.680489 +0000,
31,8,peacock,peacockcn,./stims/CritBystanders/wastebasket.jpeg,./stims/CritBystanders/peacockcn.jpeg,SS,SS_5,,,,,,,,,0,30,30,30,,,,,284.50223480002023,,,,,,,,,284.48640559997875,0.9991674999473616,291.46928309998475,[0.7472222222222222],[0.387037037037037],[1],[0],[0],[6.977121399948373],,,,,,,,,,,,,,2311_1800_CB4_16,001,2023-11-23_19h38.24.639,3_End,2023.2.3,60.00700881611244,2023-11-23 19h38.36.680489 +0000,
32,8,crate,cratecn,./stims/CritBystanders/watch.jpeg,./stims/CritBystanders/cratecn.jpeg,RR,RR_8,,,,,,,,,0,31,31,31,,,,,291.4855881999247,,,,,,,,,291.4698382000206,0.9993243999779224,307.4692208999768,[],[],[],[],[],[],15.999337999965064,,,,,,,,,,,,,2311_1800_CB4_16,001,2023-11-23_19h38.24.639,3_End,2023.2.3,60.00700881611244,2023-11-23 19h38.36.680489 +0000,
,,,,,,,,,,,,,,,,,,,,,,,,,,307.4695711999666,307.48562479997054,307.48562479997054,321.55286199995317,space,14.055420499993488,None,,,,,,,,,,,,,,,,,,,,,,,2311_1800_CB4_16,001,2023-11-23_19h38.24.639,3_End,2023.2.3,60.00700881611244,2023-11-23 19h38.36.680489 +0000,
,,,,,,,,1,1,pan,pancn,./stims/AcqBystanders/pan.jpeg,./stims/AcqBystanders/pancn.jpeg,SS,SS_2,,,,,0,0,0,0,321.58594229992013,,,,,,,,,,,,,,,,,,,321.5616391999647,0.9995069999713451,15.999551399960183,337.55263950000517,[],[],[],[],[],[],,,2311_1800_CB4_16,001,2023-11-23_19h38.24.639,3_End,2023.2.3,60.00700881611244,2023-11-23 19h38.36.680489 +0000,
,,,,,,,,2,1,lightbulb,lightbulbcn,./stims/AcqBystanders/lightbulb.jpeg,./stims/AcqBystanders/lightbulbcn.jpeg,SR,SR_3,,,,,0,1,1,1,337.6693168999627,,,,,,,,,,,,,,,,,,,337.55340430000797,0.9995462000370026,15.999578700051643,353.5527497999137,[],[],[],[],[],[],,,2311_1800_CB4_16,001,2023-11-23_19h38.24.639,3_End,2023.2.3,60.00700881611244,2023-11-23 19h38.36.680489 +0000,
,,,,,,,,3,1,shampoo,shampoocn,./stims/AcqBystanders/shampoo.jpeg,./stims/AcqBystanders/shampoocn.jpeg,RS,RS_4,,,,,0,2,2,2,353.5862564999843,,,,,,,,,,,,,,,,,,,353.55324209993705,0.9996053000213578,15.999627699959092,369.552746500005,[],[],[],[],[],[],,,2311_1800_CB4_16,001,2023-11-23_19h38.24.639,3_End,2023.2.3,60.00700881611244,2023-11-23 19h38.36.680489 +0000,
,,,,,,,,4,1,mandms,mandmscn,./stims/AcqBystanders/mandms.jpeg,./stims/AcqBystanders/mandmscn.jpeg,RR,RR_2,,,,,0,3,3,3,369.56912349991035,,,,,,,,,,,,,,,,,,,369.5532442999538,0.9996975000249222,15.999674499966204,385.5527607999975,[],[],[],[],[],[],,,2311_1800_CB4_16,001,2023-11-23_19h38.24.639,3_End,2023.2.3,60.00700881611244,2023-11-23 19h38.36.680489 +0000,
,,,,,,,,5,1,sheet,sheetcn,./stims/AcqBystanders/sheet.jpeg,./stims/AcqBystanders/sheetcn.jpeg,RS,RS_3,,,,,0,4,4,4,385.56916539999656,,,,,,,,,,,,,,,,,,,385.55327469995245,0.9997180999489501,,394.4364093999611,[0.7472222222222222],[0.387037037037037],[1],[0],[0],[8.876994900056161],,,2311_1800_CB4_16,001,2023-11-23_19h38.24.639,3_End,2023.2.3,60.00700881611244,2023-11-23 19h38.36.680489 +0000,
,,,,,,,,6,1,bottle,bottlecn,./stims/AcqBystanders/bottle.jpeg,./stims/AcqBystanders/bottlecn.jpeg,SS,SS_1,,,,,0,5,5,5,394.4525610000128,,,,,,,,,,,,,,,,,,,394.4369757999666,0.9990943000884727,15.99913110001944,410.4361279999139,[],[],[],[],[],[],,,2311_1800_CB4_16,001,2023-11-23_19h38.24.639,3_End,2023.2.3,60.00700881611244,2023-11-23 19h38.36.680489 +0000,
,,,,,,,,7,1,trunk,trunkcn,./stims/AcqBystanders/trunk.jpeg,./stims/AcqBystanders/trunkcn.jpeg,SR,SR_1,,,,,0,6,6,6,410.45256080001127,,,,,,,,,,,,,,,,,,,410.43659820000175,0.9991379000712186,15.999175200005993,426.43624840001576,[],[],[],[],[],[],,,2311_1800_CB4_16,001,2023-11-23_19h38.24.639,3_End,2023.2.3,60.00700881611244,2023-11-23 19h38.36.680489 +0000,
,,,,,,,,8,1,can,cancn,./stims/AcqBystanders/can.jpeg,./stims/AcqBystanders/cancn.jpeg,RR,RR_3,,,,,0,7,7,7,426.45258359995205,,,,,,,,,,,,,,,,,,,426.4367403999204,0.9992901000659913,,434.28671000001486,[0.7472222222222222],[0.387037037037037],[1],[0],[0],[7.8443319000070915],,,2311_1800_CB4_16,001,2023-11-23_19h38.24.639,3_End,2023.2.3,60.00700881611244,2023-11-23 19h38.36.680489 +0000,
,,,,,,,,9,1,towel,towelcn,./stims/AcqBystanders/towel.jpeg,./stims/AcqBystanders/towelcn.jpeg,RS,RS_1,,,,,0,8,8,8,434.30259989993647,,,,,,,,,,,,,,,,,,,434.2872777999146,1.0156670999713242,,450.3027655999176,[],[],[],[],[],[],,,2311_1800_CB4_16,001,2023-11-23_19h38.24.639,3_End,2023.2.3,60.00700881611244,2023-11-23 19h38.36.680489 +0000,
,,,,,,,,10,1,fireextinguisher,fireextinguishercn,./stims/AcqBystanders/fireextinguisher.jpeg,./stims/AcqBystanders/fireextinguishercn.jpeg,RR,RR_1,,,,,0,9,9,9,450.31936179997865,,,,,,,,,,,,,,,,,,,450.3032689000247,1.0156239999923855,,466.3027597999899,[],[],[],[],[],[],,,2311_1800_CB4_16,001,2023-11-23_19h38.24.639,3_End,2023.2.3,60.00700881611244,2023-11-23 19h38.36.680489 +0000,
,,,,,,,,11,1,passport,passportcn,./stims/AcqBystanders/passport.jpeg,./stims/AcqBystanders/passportcn.jpeg,SS,SS_3,,,,,0,10,10,10,466.3193729999475,,,,,,,,,,,,,,,,,,,466.3032323999796,1.0156791999470443,,474.6033366000047,[0.7472222222222222],[0.387037037037037],[1],[0],[0],[8.293107000063173],,,2311_1800_CB4_16,001,2023-11-23_19h38.24.639,3_End,2023.2.3,60.00700881611244,2023-11-23 19h38.36.680489 +0000,
,,,,,,,,12,1,headphones,headphonescn,./stims/AcqBystanders/headphones.jpeg,./stims/AcqBystanders/headphonescn.jpeg,SR,SR_2,,,,,0,11,11,11,474.61941469996236,,,,,,,,,,,,,,,,,,,474.60391179996077,0.9990121000446379,15.999089200049639,490.6030774000101,[],[],[],[],[],[],,,2311_1800_CB4_16,001,2023-11-23_19h38.24.639,3_End,2023.2.3,60.00700881611244,2023-11-23 19h38.36.680489 +0000,
,,,,,,,,13,1,perfume,perfumecn,./stims/AcqBystanders/perfume.jpeg,./stims/AcqBystanders/perfumecn.jpeg,SR,SR_4,,,,,0,12,12,12,490.6194521000143,,,,,,,,,,,,,,,,,,,490.60362339997664,0.9990701000206172,,502.3535540999146,[0.7472222222222222],[0.387037037037037],[1],[0],[0],[11.743982399930246],,,2311_1800_CB4_16,001,2023-11-23_19h38.24.639,3_End,2023.2.3,60.00700881611244,2023-11-23 19h38.36.680489 +0000,
,,,,,,,,14,1,cup,cupcn,./stims/AcqBystanders/cup.jpeg,./stims/AcqBystanders/cupcn.jpeg,RS,RS_2,,,,,0,13,13,13,502.4533507999731,,,,,,,,,,,,,,,,,,,502.35412659996655,1.015551200020127,,506.75335579994135,[0.7472222222222222],[0.387037037037037],[1],[0],[0],[4.309632999938913],,,2311_1800_CB4_16,001,2023-11-23_19h38.24.639,3_End,2023.2.3,60.00700881611244,2023-11-23 19h38.36.680489 +0000,
,,,,,,,,,,,,,,,,,,,,,,,,,,,,,,,,,,,,,,,,,,,,,,,,,,,,,506.7537796999095,506.7695149999345,,,,,,,,
