﻿order_ext,blk_ext,bystander_ext,test_item_ext,bystander_loc_ext,test_item_loc_ext,trial_type_ext,itemNo_ext,order_cond_acq,blk_cond_acq,bystander_cond_acq,test_item_cond_acq,bystander_loc_cond_acq,test_item_loc_cond_acq,trial_type_cond_acq,itemNo_cond_acq,trials.thisRepN,trials.thisTrialN,trials.thisN,trials.thisIndex,trials_2.thisRepN,trials_2.thisTrialN,trials_2.thisN,trials_2.thisIndex,thisRow.t,notes,INSTRUCTION.started,instruct1.started,ok1.started,INSTRUCTION.stopped,ok1.keys,ok1.rt,ok1.duration,END_EXT.started,mouse_ext.started,END_EXT.stopped,mouse_ext.x,mouse_ext.y,mouse_ext.leftButton,mouse_ext.midButton,mouse_ext.rightButton,mouse_ext.time,mouse_ext.stopped,END_ACQ.started,mouse_cond.started,mouse_cond.stopped,END_ACQ.stopped,mouse_cond.x,mouse_cond.y,mouse_cond.leftButton,mouse_cond.midButton,mouse_cond.rightButton,mouse_cond.time,thanks.started,thanksMsg.started,participant,session,date,expName,psychopyVersion,frameRate,expStart,
,,,,,,,,,,,,,,,,,,,,,,,,,,0.01951590005774051,0.03601889999117702,0.03601889999117702,8.403356100083329,return,8.355720999999903,None,,,,,,,,,,,,,,,,,,,,,,,2311_1715_CB4_15,001,2023-11-23_17h54.46.774,3_End,2023.2.3,59.95649555663321,2023-11-23 17h54.58.686492 +0000,
1,1,walkman,walkmancn,./stims/CritBystanders/cap.jpeg,./stims/CritBystanders/bookscn.jpeg,SS,SS_2,,,,,,,,,0,0,0,0,,,,,8.452725800103508,,,,,,,,,8.41796480002813,0.9994173999875784,11.753439399995841,[-0.05555555555555555],[0.17314814814814813],[1],[0],[0],[3.314189299941063],,,,,,,,,,,,,,2311_1715_CB4_15,001,2023-11-23_17h54.46.774,3_End,2023.2.3,59.95649555663321,2023-11-23 17h54.58.686492 +0000,
2,1,wallet,walletcn,./stims/CritBystanders/chessboard.jpeg,./stims/CritBystanders/walletcn.jpeg,SR,SR_6,,,,,,,,,0,1,1,1,,,,,11.78606710000895,,,,,,,,,11.754403700004332,1.0152115999953821,24.820089800050482,[-0.05555555555555555],[0.17407407407407408],[1],[0],[0],[13.05313039990142],,,,,,,,,,,,,,2311_1715_CB4_15,001,2023-11-23_17h54.46.774,3_End,2023.2.3,59.95649555663321,2023-11-23 17h54.58.686492 +0000,
3,1,scissors,scissorscn,./stims/CritBystanders/wallet.jpeg,./stims/CritBystanders/scissorscn.jpeg,RS,RS_6,,,,,,,,,0,2,2,2,,,,,24.85273949999828,,,,,,,,,24.82066950004082,1.015687800012529,31.270006100065075,[-0.05555555555555555],[0.17777777777777778],[1],[0],[0],[6.437634400092065],,,,,,,,,,,,,,2311_1715_CB4_15,001,2023-11-23_17h54.46.774,3_End,2023.2.3,59.95649555663321,2023-11-23 17h54.58.686492 +0000,
4,1,wastebasket,wastebasketcn,./stims/CritBystanders/clipboard.jpeg,./stims/CritBystanders/wastebasketcn.jpeg,RR,RR_5,,,,,,,,,0,3,3,3,,,,,31.28611990006175,,,,,,,,,31.270568400039338,0.9990767000708729,35.32009030005429,[-0.05555555555555555],[0.17777777777777778],[1],[0],[0],[4.0416485000168905],,,,,,,,,,,,,,2311_1715_CB4_15,001,2023-11-23_17h54.46.774,3_End,2023.2.3,59.95649555663321,2023-11-23 17h54.58.686492 +0000,
5,2,clipboard,clipboardcn,./stims/CritBystanders/comb.jpeg,./stims/CritBystanders/clipboardcn.jpeg,RS,RS_5,,,,,,,,,0,4,4,4,,,,,35.35275670001283,,,,,,,,,35.320617499994114,0.9990318999625742,43.22006050008349,[-0.05555555555555555],[0.17962962962962964],[1],[0],[0],[7.888674899935722],,,,,,,,,,,,,,2311_1715_CB4_15,001,2023-11-23_17h54.46.774,3_End,2023.2.3,59.95649555663321,2023-11-23 17h54.58.686492 +0000,
6,2,stapler,staplercn,./stims/CritBystanders/electriccord.jpeg,./stims/CritBystanders/staplercn.jpeg,SS,SS_1,,,,,,,,,0,5,5,5,,,,,43.252823000075296,,,,,,,,,43.22064860002138,0.9990627999650314,47.38671910006087,[-0.05555555555555555],[0.17962962962962964],[1],[0],[0],[4.153762900037691],,,,,,,,,,,,,,2311_1715_CB4_15,001,2023-11-23_17h54.46.774,3_End,2023.2.3,59.95649555663321,2023-11-23 17h54.58.686492 +0000,
7,2,cap,capcn,./stims/CritBystanders/toiletpaper.jpeg,./stims/CritBystanders/capcn.jpeg,RR,RR_2,,,,,,,,,0,6,6,6,,,,,47.402808600105345,,,,,,,,,47.38727669999935,0.9991215999471024,60.48673760006204,[-0.05555555555555555],[0.17962962962962964],[1],[0],[0],[13.091715699993074],,,,,,,,,,,,,,2311_1715_CB4_15,001,2023-11-23_17h54.46.774,3_End,2023.2.3,59.95649555663321,2023-11-23 17h54.58.686492 +0000,
8,2,coffeemug,coffeemugcn,./stims/CritBystanders/keys.jpeg,./stims/CritBystanders/coffeemugcn.jpeg,SR,SR_3,,,,,,,,,0,7,7,7,,,,,60.50282530009281,,,,,,,,,60.487297800020315,0.9991483999183401,64.26991180004552,[-0.05555555555555555],[0.17962962962962964],[1],[0],[0],[3.7750579999992624],,,,,,,,,,,,,,2311_1715_CB4_15,001,2023-11-23_17h54.46.774,3_End,2023.2.3,59.95649555663321,2023-11-23 17h54.58.686492 +0000,
9,3,chair,chaircn,./stims/CritBystanders/scissors.jpeg,./stims/CritBystanders/chaircn.jpeg,RR,RR_6,,,,,,,,,0,8,8,8,,,,,64.28618340007961,,,,,,,,,64.27049610007089,0.9992955999914557,68.82013050001115,[-0.05555555555555555],[0.17962962962962964],[1],[0],[0],[4.539447900024243],,,,,,,,,,,,,,2311_1715_CB4_15,001,2023-11-23_17h54.46.774,3_End,2023.2.3,59.95649555663321,2023-11-23 17h54.58.686492 +0000,
10,3,shoes,shoescn,./stims/CritBystanders/soccerball.jpeg,./stims/CritBystanders/shoescn.jpeg,SR,SR_7,,,,,,,,,0,9,9,9,,,,,68.85285610007122,,,,,,,,,68.82070560008287,0.9990462999558076,72.0202474000398,[-0.05555555555555555],[0.17962962962962964],[1],[0],[0],[3.1887779999524355],,,,,,,,,,,,,,2311_1715_CB4_15,001,2023-11-23_17h54.46.774,3_End,2023.2.3,59.95649555663321,2023-11-23 17h54.58.686492 +0000,
11,3,backpack,backpackcn,./stims/CritBystanders/crate.jpeg,./stims/CritBystanders/backpackcn.jpeg,SS,SS_8,,,,,,,,,0,10,10,10,,,,,72.03621560009196,,,,,,,,,72.0208222999936,1.0156407998874784,88.03629330010153,[],[],[],[],[],[],,,,,,,,,,,,,,2311_1715_CB4_15,001,2023-11-23_17h54.46.774,3_End,2023.2.3,59.95649555663321,2023-11-23 17h54.58.686492 +0000,
12,3,toiletpaper,toiletpapercn,./stims/CritBystanders/walkman.jpeg,./stims/CritBystanders/toiletpapercn.jpeg,RS,RS_2,,,,,,,,,0,11,11,11,,,,,88.05298390006647,,,,,,,,,88.0368222000543,1.0156666999682784,99.15370860008989,[-0.027777777777777776],[0.18055555555555555],[1],[0],[0],[11.109130299999379],,,,,,,,,,,,,,2311_1715_CB4_15,001,2023-11-23_17h54.46.774,3_End,2023.2.3,59.95649555663321,2023-11-23 17h54.58.686492 +0000,
13,4,electriccord,electriccordcn,./stims/CritBystanders/computer.jpeg,./stims/CritBystanders/electriccordcn.jpeg,RR,RR_1,,,,,,,,,0,12,12,12,,,,,99.18630850000773,,,,,,,,,99.15426970005501,1.015587400062941,105.72007740009576,[-0.013888888888888888],[0.18703703703703703],[1],[0],[0],[6.554592699976638],,,,,,,,,,,,,,2311_1715_CB4_15,001,2023-11-23_17h54.46.774,3_End,2023.2.3,59.95649555663321,2023-11-23 17h54.58.686492 +0000,
14,4,computer,computercn,./stims/CritBystanders/cards.jpeg,./stims/CritBystanders/computercn.jpeg,RS,RS_1,,,,,,,,,0,13,13,13,,,,,105.7362888000207,,,,,,,,,105.72065040003508,0.9991906998911873,108.95362650009338,[-0.013888888888888888],[0.18703703703703703],[1],[0],[0],[3.222784399986267],,,,,,,,,,,,,,2311_1715_CB4_15,001,2023-11-23_17h54.46.774,3_End,2023.2.3,59.95649555663321,2023-11-23 17h54.58.686492 +0000,
15,4,telephone,telephonecn,./stims/CritBystanders/calculator.jpeg,./stims/CritBystanders/telephonecn.jpeg,SS,SS_4,,,,,,,,,0,14,14,14,,,,,108.98628509999253,,,,,,,,,108.95416490000207,1.0156920000445098,114.65373000002,[-0.013888888888888888],[0.18518518518518517],[1],[0],[0],[5.689023500075564],,,,,,,,,,,,,,2311_1715_CB4_15,001,2023-11-23_17h54.46.774,3_End,2023.2.3,59.95649555663321,2023-11-23 17h54.58.686492 +0000,
16,4,umbrella,umbrellacn,./stims/CritBystanders/telephone.jpeg,./stims/CritBystanders/umbrellacn.jpeg,SR,SR_4,,,,,,,,,0,15,15,15,,,,,114.66964760003611,,,,,,,,,114.65433410007972,1.0155529000330716,123.6536392000271,[-0.013888888888888888],[0.18518518518518517],[1],[0],[0],[8.991703600040637],,,,,,,,,,,,,,2311_1715_CB4_15,001,2023-11-23_17h54.46.774,3_End,2023.2.3,59.95649555663321,2023-11-23 17h54.58.686492 +0000,
17,5,bucket,bucketcn,./stims/CritBystanders/fan.jpeg,./stims/CritBystanders/bucketcn.jpeg,RR,RR_3,,,,,,,,,0,16,16,16,,,,,123.68631020002067,,,,,,,,,123.65420170000289,0.9990248000249267,139.65335430006962,[],[],[],[],[],[],15.999067600001581,,,,,,,,,,,,,2311_1715_CB4_15,001,2023-11-23_17h54.46.774,3_End,2023.2.3,59.95649555663321,2023-11-23 17h54.58.686492 +0000,
18,5,watch,watchcn,./stims/CritBystanders/candle.jpeg,./stims/CritBystanders/watchcn.jpeg,RS,RS_8,,,,,,,,,0,17,17,17,,,,,139.6863764000591,,,,,,,,,139.65383460000157,0.9991469000233337,144.30348490003962,[-0.013888888888888888],[0.18518518518518517],[1],[0],[0],[4.638779000029899],,,,,,,,,,,,,,2311_1715_CB4_15,001,2023-11-23_17h54.46.774,3_End,2023.2.3,59.95649555663321,2023-11-23 17h54.58.686492 +0000,
19,5,keys,keyscn,./stims/CritBystanders/bucket.jpeg,./stims/CritBystanders/keyscn.jpeg,SS,SS_3,,,,,,,,,0,18,18,18,,,,,144.3197265000781,,,,,,,,,144.3040500000352,0.9992458999622613,156.87039940000977,[-0.013888888888888888],[0.18518518518518517],[1],[0],[0],[12.558781599975191],,,,,,,,,,,,,,2311_1715_CB4_15,001,2023-11-23_17h54.46.774,3_End,2023.2.3,59.95649555663321,2023-11-23 17h54.58.686492 +0000,
20,5,comb,combcn,./stims/CritBystanders/peacock.jpeg,./stims/CritBystanders/combcn.jpeg,SR,SR_5,,,,,,,,,0,19,19,19,,,,,156.88640499999747,,,,,,,,,156.8709618001012,0.9990221000043675,165.43710450001527,[0.003703703703703704],[0.17962962962962964],[1],[0],[0],[8.55845750006847],,,,,,,,,,,,,,2311_1715_CB4_15,001,2023-11-23_17h54.46.774,3_End,2023.2.3,59.95649555663321,2023-11-23 17h54.58.686492 +0000,
21,6,video,videocn,./stims/CritBystanders/iron.jpeg,./stims/CritBystanders/videocn.jpeg,RR,RR_7,,,,,,,,,0,20,20,20,,,,,165.45310909999534,,,,,,,,,165.4376804000931,1.0156790000619367,170.1203771000728,[0.003703703703703704],[0.17962962962962964],[1],[0],[0],[4.6743910000659525],,,,,,,,,,,,,,2311_1715_CB4_15,001,2023-11-23_17h54.46.774,3_End,2023.2.3,59.95649555663321,2023-11-23 17h54.58.686492 +0000,
22,6,chessboard,chessboardcn,./stims/CritBystanders/chair.jpeg,./stims/CritBystanders/chessboardcn.jpeg,SS,SS_6,,,,,,,,,0,21,21,21,,,,,170.1531642000191,,,,,,,,,170.12094410008285,0.9990742999361828,177.52043780009262,[0.006481481481481481],[0.17962962962962964],[1],[0],[0],[7.388348900014535],,,,,,,,,,,,,,2311_1715_CB4_15,001,2023-11-23_17h54.46.774,3_End,2023.2.3,59.95649555663321,2023-11-23 17h54.58.686492 +0000,
23,6,guitar,guitarcn,./stims/CritBystanders/umbrella.jpeg,./stims/CritBystanders/guitarcn.jpeg,RS,RS_4,,,,,,,,,0,22,22,22,,,,,177.53645840007812,,,,,,,,,177.52100670000073,1.015748400008306,182.08707790006883,[0.006481481481481481],[0.17962962962962964],[1],[0],[0],[4.558072100044228],,,,,,,,,,,,,,2311_1715_CB4_15,001,2023-11-23_17h54.46.774,3_End,2023.2.3,59.95649555663321,2023-11-23 17h54.58.686492 +0000,
24,6,walkman,walkmancn,./stims/CritBystanders/books.jpeg,./stims/CritBystanders/walkmancn.jpeg,SR,SR_2,,,,,,,,,0,23,23,23,,,,,182.10315050010104,,,,,,,,,182.08758910000324,0.999125299975276,189.77042100008111,[0.006481481481481481],[0.17962962962962964],[1],[0],[0],[7.675028300029226],,,,,,,,,,,,,,2311_1715_CB4_15,001,2023-11-23_17h54.46.774,3_End,2023.2.3,59.95649555663321,2023-11-23 17h54.58.686492 +0000,
25,7,candle,candlecn,./stims/CritBystanders/backpack.jpeg,./stims/CritBystanders/candlecn.jpeg,SR,SR_8,,,,,,,,,0,24,24,24,,,,,189.80321370007005,,,,,,,,,189.7709980000509,0.9990580000448972,202.5704424000578,[0.006481481481481481],[0.17962962962962964],[1],[0],[0],[12.78859539993573],,,,,,,,,,,,,,2311_1715_CB4_15,001,2023-11-23_17h54.46.774,3_End,2023.2.3,59.95649555663321,2023-11-23 17h54.58.686492 +0000,
26,7,calculator,calculatorcn,./stims/CritBystanders/guitar.jpeg,./stims/CritBystanders/calculatorcn.jpeg,RR,RR_4,,,,,,,,,0,25,25,25,,,,,202.60320010001305,,,,,,,,,202.57101509999484,0.9990874000359327,208.70395910006482,[0.006481481481481481],[0.17962962962962964],[1],[0],[0],[6.122128999908455],,,,,,,,,,,,,,2311_1715_CB4_15,001,2023-11-23_17h54.46.774,3_End,2023.2.3,59.95649555663321,2023-11-23 17h54.58.686492 +0000,
27,7,iron,ironcn,./stims/CritBystanders/shoes.jpeg,./stims/CritBystanders/ironcn.jpeg,RS,RS_7,,,,,,,,,0,26,26,26,,,,,208.71989880001638,,,,,,,,,208.7045356000308,1.0156230999855325,221.17050500004552,[0.006481481481481481],[0.17962962962962964],[1],[0],[0],[12.458439199952409],,,,,,,,,,,,,,2311_1715_CB4_15,001,2023-11-23_17h54.46.774,3_End,2023.2.3,59.95649555663321,2023-11-23 17h54.58.686492 +0000,
28,7,soccerball,soccerballcn,./stims/CritBystanders/video.jpeg,./stims/CritBystanders/soccerballcn.jpeg,SS,SS_7,,,,,,,,,0,27,27,27,,,,,221.20324080006685,,,,,,,,,221.17106610001065,0.9990495999809355,225.40406030009035,[0.006481481481481481],[0.17962962962962964],[1],[0],[0],[4.2225704999873415],,,,,,,,,,,,,,2311_1715_CB4_15,001,2023-11-23_17h54.46.774,3_End,2023.2.3,59.95649555663321,2023-11-23 17h54.58.686492 +0000,
29,8,fan,fancn,./stims/CritBystanders/coffeemug.jpeg,./stims/CritBystanders/fancn.jpeg,RS,RS_3,,,,,,,,,0,28,28,28,,,,,225.41995000001043,,,,,,,,,225.4046415000921,1.01550270000007,229.80392880004365,[0.006481481481481481],[0.17962962962962964],[1],[0],[0],[4.391521599958651],,,,,,,,,,,,,,2311_1715_CB4_15,001,2023-11-23_17h54.46.774,3_End,2023.2.3,59.95649555663321,2023-11-23 17h54.58.686492 +0000,
30,8,cards,cardscn,./stims/CritBystanders/stapler.jpeg,./stims/CritBystanders/cardscn.jpeg,SR,SR_1,,,,,,,,,0,29,29,29,,,,,229.83661890006624,,,,,,,,,229.80449510004837,1.015669000102207,235.5039161000168,[0.006481481481481481],[0.17962962962962964],[1],[0],[0],[5.688274400075898],,,,,,,,,,,,,,2311_1715_CB4_15,001,2023-11-23_17h54.46.774,3_End,2023.2.3,59.95649555663321,2023-11-23 17h54.58.686492 +0000,
31,8,peacock,peacockcn,./stims/CritBystanders/wastebasket.jpeg,./stims/CritBystanders/peacockcn.jpeg,SS,SS_5,,,,,,,,,0,30,30,30,,,,,235.53660190000664,,,,,,,,,235.50449530000333,0.999091999954544,239.30388010002207,[0.006481481481481481],[0.17962962962962964],[1],[0],[0],[3.7884081000229344],,,,,,,,,,,,,,2311_1715_CB4_15,001,2023-11-23_17h54.46.774,3_End,2023.2.3,59.95649555663321,2023-11-23 17h54.58.686492 +0000,
32,8,crate,cratecn,./stims/CritBystanders/watch.jpeg,./stims/CritBystanders/cratecn.jpeg,RR,RR_8,,,,,,,,,0,31,31,31,,,,,239.33666360005736,,,,,,,,,239.3044350000564,0.9990628999657929,244.90390989999287,[0.006481481481481481],[0.17962962962962964],[1],[0],[0],[5.5884134999942034],,,,,,,,,,,,,,2311_1715_CB4_15,001,2023-11-23_17h54.46.774,3_End,2023.2.3,59.95649555663321,2023-11-23 17h54.58.686492 +0000,
,,,,,,,,,,,,,,,,,,,,,,,,,,244.90433290007059,244.9199972000206,244.9199972000206,254.70397230004892,return,9.774818799924105,None,,,,,,,,,,,,,,,,,,,,,,,2311_1715_CB4_15,001,2023-11-23_17h54.46.774,3_End,2023.2.3,59.95649555663321,2023-11-23 17h54.58.686492 +0000,
,,,,,,,,1,1,pan,pancn,./stims/AcqBystanders/pan.jpeg,./stims/AcqBystanders/pancn.jpeg,SS,SS_2,,,,,0,0,0,0,254.75363340007607,,,,,,,,,,,,,,,,,,,254.7127652000636,0.9994089999236166,15.999465600005351,270.7037226000102,[],[],[],[],[],[],,,2311_1715_CB4_15,001,2023-11-23_17h54.46.774,3_End,2023.2.3,59.95649555663321,2023-11-23 17h54.58.686492 +0000,
,,,,,,,,2,1,lightbulb,lightbulbcn,./stims/AcqBystanders/lightbulb.jpeg,./stims/AcqBystanders/lightbulbcn.jpeg,SR,SR_3,,,,,0,1,1,1,270.82042290002573,,,,,,,,,,,,,,,,,,,270.7045311999973,0.9994411999359727,,277.92078230006155,[0.006481481481481481],[0.17962962962962964],[1],[0],[0],[7.1150763999903575],,,2311_1715_CB4_15,001,2023-11-23_17h54.46.774,3_End,2023.2.3,59.95649555663321,2023-11-23 17h54.58.686492 +0000,
,,,,,,,,3,1,shampoo,shampoocn,./stims/AcqBystanders/shampoo.jpeg,./stims/AcqBystanders/shampoocn.jpeg,RS,RS_4,,,,,0,2,2,2,277.95393620000686,,,,,,,,,,,,,,,,,,,277.92129870003555,0.9990237000165507,,283.8707347000018,[-0.027777777777777776],[0.1398148148148148],[1],[0],[0],[5.923351000063121],,,2311_1715_CB4_15,001,2023-11-23_17h54.46.774,3_End,2023.2.3,59.95649555663321,2023-11-23 17h54.58.686492 +0000,
,,,,,,,,4,1,mandms,mandmscn,./stims/AcqBystanders/mandms.jpeg,./stims/AcqBystanders/mandmscn.jpeg,RR,RR_2,,,,,0,3,3,3,283.9034255000297,,,,,,,,,,,,,,,,,,,283.8713263000827,1.015684499987401,,286.8873136000475,[-0.027777777777777776],[0.1398148148148148],[1],[0],[0],[3.001430300064385],,,2311_1715_CB4_15,001,2023-11-23_17h54.46.774,3_End,2023.2.3,59.95649555663321,2023-11-23 17h54.58.686492 +0000,
,,,,,,,,5,1,sheet,sheetcn,./stims/AcqBystanders/sheet.jpeg,./stims/AcqBystanders/sheetcn.jpeg,RS,RS_3,,,,,0,4,4,4,286.92009120003786,,,,,,,,,,,,,,,,,,,286.88788520009257,0.9991175000322983,,290.7541402000934,[-0.014814814814814815],[0.14074074074074075],[1],[0],[0],[3.8542889000382274],,,2311_1715_CB4_15,001,2023-11-23_17h54.46.774,3_End,2023.2.3,59.95649555663321,2023-11-23 17h54.58.686492 +0000,
,,,,,,,,6,1,bottle,bottlecn,./stims/AcqBystanders/bottle.jpeg,./stims/AcqBystanders/bottlecn.jpeg,SS,SS_1,,,,,0,5,5,5,290.770124200033,,,,,,,,,,,,,,,,,,,290.7547248000046,0.9990104000316933,,295.9207498000469,[-0.014814814814814815],[0.14074074074074075],[1],[0],[0],[5.158104000031017],,,2311_1715_CB4_15,001,2023-11-23_17h54.46.774,3_End,2023.2.3,59.95649555663321,2023-11-23 17h54.58.686492 +0000,
,,,,,,,,7,1,trunk,trunkcn,./stims/AcqBystanders/trunk.jpeg,./stims/AcqBystanders/trunkcn.jpeg,SR,SR_1,,,,,0,6,6,6,295.9368211000692,,,,,,,,,,,,,,,,,,,295.9213086999953,0.9990463999565691,,301.2705809000181,[-0.014814814814814815],[0.14074074074074075],[1],[0],[0],[5.341529600089416],,,2311_1715_CB4_15,001,2023-11-23_17h54.46.774,3_End,2023.2.3,59.95649555663321,2023-11-23 17h54.58.686492 +0000,
,,,,,,,,8,1,can,cancn,./stims/AcqBystanders/can.jpeg,./stims/AcqBystanders/cancn.jpeg,RR,RR_3,,,,,0,7,7,7,301.2867748000426,,,,,,,,,,,,,,,,,,,301.2714326001005,0.9990064000012353,,304.17058510007337,[-0.014814814814814815],[0.14074074074074075],[1],[0],[0],[2.8912320000818],,,2311_1715_CB4_15,001,2023-11-23_17h54.46.774,3_End,2023.2.3,59.95649555663321,2023-11-23 17h54.58.686492 +0000,
,,,,,,,,9,1,towel,towelcn,./stims/AcqBystanders/towel.jpeg,./stims/AcqBystanders/towelcn.jpeg,RS,RS_1,,,,,0,8,8,8,304.1868198000593,,,,,,,,,,,,,,,,,,,304.1711620000424,0.9992288999492303,,309.3374197999947,[-0.012962962962962963],[0.1388888888888889],[1],[0],[0],[5.160275700036436],,,2311_1715_CB4_15,001,2023-11-23_17h54.46.774,3_End,2023.2.3,59.95649555663321,2023-11-23 17h54.58.686492 +0000,
,,,,,,,,10,1,fireextinguisher,fireextinguishercn,./stims/AcqBystanders/fireextinguisher.jpeg,./stims/AcqBystanders/fireextinguishercn.jpeg,RR,RR_1,,,,,0,9,9,9,309.3701471000677,,,,,,,,,,,,,,,,,,,309.33798830001615,0.999042599927634,,314.50418760010507,[-0.010185185185185186],[0.13796296296296295],[1],[0],[0],[5.155155200045556],,,2311_1715_CB4_15,001,2023-11-23_17h54.46.774,3_End,2023.2.3,59.95649555663321,2023-11-23 17h54.58.686492 +0000,
,,,,,,,,11,1,passport,passportcn,./stims/AcqBystanders/passport.jpeg,./stims/AcqBystanders/passportcn.jpeg,SS,SS_3,,,,,0,10,10,10,314.5368230000604,,,,,,,,,,,,,,,,,,,314.50474860006943,1.015634399955161,,318.6375141000608,[0.10555555555555556],[0.13425925925925927],[1],[0],[0],[4.120593299972825],,,2311_1715_CB4_15,001,2023-11-23_17h54.46.774,3_End,2023.2.3,59.95649555663321,2023-11-23 17h54.58.686492 +0000,
,,,,,,,,12,1,headphones,headphonescn,./stims/AcqBystanders/headphones.jpeg,./stims/AcqBystanders/headphonescn.jpeg,SR,SR_2,,,,,0,11,11,11,318.6701654000208,,,,,,,,,,,,,,,,,,,318.63808230008,1.0156688999850303,,332.72084920003545,[-0.14814814814814814],[0.2175925925925926],[1],[0],[0],[14.071719500003383],,,2311_1715_CB4_15,001,2023-11-23_17h54.46.774,3_End,2023.2.3,59.95649555663321,2023-11-23 17h54.58.686492 +0000,
,,,,,,,,13,1,perfume,perfumecn,./stims/AcqBystanders/perfume.jpeg,./stims/AcqBystanders/perfumecn.jpeg,SR,SR_4,,,,,0,12,12,12,332.73688250000123,,,,,,,,,,,,,,,,,,,332.72145070007537,1.0157597999786958,,336.437479800079,[-0.15185185185185185],[0.22037037037037038],[1],[0],[0],[3.7077418999979272],,,2311_1715_CB4_15,001,2023-11-23_17h54.46.774,3_End,2023.2.3,59.95649555663321,2023-11-23 17h54.58.686492 +0000,
,,,,,,,,14,1,cup,cupcn,./stims/AcqBystanders/cup.jpeg,./stims/AcqBystanders/cupcn.jpeg,RS,RS_2,,,,,0,13,13,13,336.5706061000237,,,,,,,,,,,,,,,,,,,336.43807740008924,0.9990806999849156,,340.4042163999984,[-0.15555555555555556],[0.2212962962962963],[1],[0],[0],[3.8557742999400944],,,2311_1715_CB4_15,001,2023-11-23_17h54.46.774,3_End,2023.2.3,59.95649555663321,2023-11-23 17h54.58.686492 +0000,
,,,,,,,,,,,,,,,,,,,,,,,,,,,,,,,,,,,,,,,,,,,,,,,,,,,,,340.4046576000983,340.42023610009346,,,,,,,,
