﻿order_ext,blk_ext,bystander_ext,test_item_ext,bystander_loc_ext,test_item_loc_ext,trial_type_ext,itemNo_ext,order_cond_acq,blk_cond_acq,bystander_cond_acq,test_item_cond_acq,bystander_loc_cond_acq,test_item_loc_cond_acq,trial_type_cond_acq,itemNo_cond_acq,trials.thisRepN,trials.thisTrialN,trials.thisN,trials.thisIndex,trials_2.thisRepN,trials_2.thisTrialN,trials_2.thisN,trials_2.thisIndex,thisRow.t,notes,INSTRUCTION.started,instruct1.started,ok1.started,INSTRUCTION.stopped,ok1.keys,ok1.rt,ok1.duration,END_EXT.started,mouse_ext.started,END_EXT.stopped,mouse_ext.x,mouse_ext.y,mouse_ext.leftButton,mouse_ext.midButton,mouse_ext.rightButton,mouse_ext.time,mouse_ext.stopped,END_ACQ.started,mouse_cond.started,END_ACQ.stopped,mouse_cond.x,mouse_cond.y,mouse_cond.leftButton,mouse_cond.midButton,mouse_cond.rightButton,mouse_cond.time,mouse_cond.stopped,thanks.started,thanksMsg.started,participant,session,date,expName,psychopyVersion,frameRate,expStart,
,,,,,,,,,,,,,,,,,,,,,,,,,,0.013976000002003275,0.03055060000042431,0.03055060000042431,3.914442600002076,space,3.872528899999452,None,,,,,,,,,,,,,,,,,,,,,,,2411_1615_SB2_19,001,2023-11-24_16h49.50.242,3_End,2023.2.3,59.9963522219469,2023-11-24 16h50.00.629859 +0000,
1,1,cap,capcn,./stims/CritBystanders/cap.jpeg,./stims/CritBystanders/toiletpapercn.jpeg,SS,SS_2,,,,,,,,,0,0,0,0,,,,,3.9638947999992524,,,,,,,,,3.9278512000018964,0.9995199000004504,11.98128369999904,[0.27685185185185185],[0.4185185185185185],[1],[0],[0],[8.025794199998927],,,,,,,,,,,,,,2411_1615_SB2_19,001,2023-11-24_16h49.50.242,3_End,2023.2.3,59.9963522219469,2023-11-24 16h50.00.629859 +0000,
2,1,chessboard,chessboardcn,./stims/CritBystanders/chessboard.jpeg,./stims/CritBystanders/chaircn.jpeg,SR,SR_6,,,,,,,,,0,1,1,1,,,,,12.013932599998952,,,,,,,,,11.982214300001942,1.0152707999986887,22.697949100002006,[0.27685185185185185],[0.4185185185185185],[1],[0],[0],[10.703425100000459],,,,,,,,,,,,,,2411_1615_SB2_19,001,2023-11-24_16h49.50.242,3_End,2023.2.3,59.9963522219469,2023-11-24 16h50.00.629859 +0000,
3,1,wallet,walletcn,./stims/CritBystanders/wallet.jpeg,./stims/CritBystanders/chessboardcn.jpeg,RS,RS_6,,,,,,,,,0,2,2,2,,,,,22.730702400000155,,,,,,,,,22.69853839999996,0.9990620999997191,38.69775970000046,[],[],[],[],[],[],15.999137800001336,,,,,,,,,,,,,2411_1615_SB2_19,001,2023-11-24_16h49.50.242,3_End,2023.2.3,59.9963522219469,2023-11-24 16h50.00.629859 +0000,
4,1,clipboard,clipboardcn,./stims/CritBystanders/clipboard.jpeg,./stims/CritBystanders/combcn.jpeg,RR,RR_5,,,,,,,,,0,3,3,3,,,,,38.730773999999656,,,,,,,,,38.69823779999933,0.9992065000005823,53.9982940000009,[0.27685185185185185],[0.4185185185185185],[1],[0],[0],[15.286834699996689],,,,,,,,,,,,,,2411_1615_SB2_19,001,2023-11-24_16h49.50.242,3_End,2023.2.3,59.9963522219469,2023-11-24 16h50.00.629859 +0000,
5,2,comb,combcn,./stims/CritBystanders/comb.jpeg,./stims/CritBystanders/peacockcn.jpeg,RS,RS_5,,,,,,,,,0,4,4,4,,,,,54.03090570000131,,,,,,,,,53.998831699998846,1.0156333000013547,57.94823290000204,[0.27685185185185185],[0.4185185185185185],[1],[0],[0],[3.936588099997607],,,,,,,,,,,,,,2411_1615_SB2_19,001,2023-11-24_16h49.50.242,3_End,2023.2.3,59.9963522219469,2023-11-24 16h50.00.629859 +0000,
6,2,electriccord,electriccordcn,./stims/CritBystanders/electriccord.jpeg,./stims/CritBystanders/computercn.jpeg,SS,SS_1,,,,,,,,,0,5,5,5,,,,,57.98096280000027,,,,,,,,,57.94881240000177,0.9990012000016577,64.13154479999866,[0.27685185185185185],[0.4185185185185185],[1],[0],[0],[6.167301199999201],,,,,,,,,,,,,,2411_1615_SB2_19,001,2023-11-24_16h49.50.242,3_End,2023.2.3,59.9963522219469,2023-11-24 16h50.00.629859 +0000,
7,2,toiletpaper,toiletpapercn,./stims/CritBystanders/toiletpaper.jpeg,./stims/CritBystanders/walkmancn.jpeg,RR,RR_2,,,,,,,,,0,6,6,6,,,,,64.16432600000189,,,,,,,,,64.13210579999941,0.9991047000003164,69.94826130000001,[0.27685185185185185],[0.4185185185185185],[1],[0],[0],[5.8005059999995865],,,,,,,,,,,,,,2411_1615_SB2_19,001,2023-11-24_16h49.50.242,3_End,2023.2.3,59.9963522219469,2023-11-24 16h50.00.629859 +0000,
8,2,keys,keyscn,./stims/CritBystanders/keys.jpeg,./stims/CritBystanders/bucketcn.jpeg,SR,SR_3,,,,,,,,,0,7,7,7,,,,,69.98102360000121,,,,,,,,,69.94882660000076,0.999146699999983,78.94836520000172,[0.27685185185185185],[0.4185185185185185],[1],[0],[0],[8.984223499999644],,,,,,,,,,,,,,2411_1615_SB2_19,001,2023-11-24_16h49.50.242,3_End,2023.2.3,59.9963522219469,2023-11-24 16h50.00.629859 +0000,
9,3,scissors,scissorscn,./stims/CritBystanders/scissors.jpeg,./stims/CritBystanders/walletcn.jpeg,RR,RR_6,,,,,,,,,0,8,8,8,,,,,78.98111620000054,,,,,,,,,78.94893199999933,0.9990499999985332,85.41510370000105,[0.27685185185185185],[0.4185185185185185],[1],[0],[0],[6.452803700001823],,,,,,,,,,,,,,2411_1615_SB2_19,001,2023-11-24_16h49.50.242,3_End,2023.2.3,59.9963522219469,2023-11-24 16h50.00.629859 +0000,
10,3,soccerball,soccerballcn,./stims/CritBystanders/soccerball.jpeg,./stims/CritBystanders/videocn.jpeg,SR,SR_7,,,,,,,,,0,9,9,9,,,,,85.44777710000199,,,,,,,,,85.41566120000061,0.99904179999794,89.36529900000096,[0.27685185185185185],[0.4185185185185185],[1],[0],[0],[3.9365434999999707],,,,,,,,,,,,,,2411_1615_SB2_19,001,2023-11-24_16h49.50.242,3_End,2023.2.3,59.9963522219469,2023-11-24 16h50.00.629859 +0000,
11,3,crate,cratecn,./stims/CritBystanders/crate.jpeg,./stims/CritBystanders/watchcn.jpeg,SS,SS_8,,,,,,,,,0,10,10,10,,,,,89.3978328000012,,,,,,,,,89.36591770000086,1.0155034000017622,93.16522729999997,[0.27685185185185185],[0.4185185185185185],[1],[0],[0],[3.7883886999989045],,,,,,,,,,,,,,2411_1615_SB2_19,001,2023-11-24_16h49.50.242,3_End,2023.2.3,59.9963522219469,2023-11-24 16h50.00.629859 +0000,
12,3,walkman,walkmancn,./stims/CritBystanders/walkman.jpeg,./stims/CritBystanders/bookscn.jpeg,RS,RS_2,,,,,,,,,0,11,11,11,,,,,93.19785870000123,,,,,,,,,93.16578819999995,1.015663099999074,99.83182600000146,[0.27685185185185185],[0.4185185185185185],[1],[0],[0],[6.6551674000002095],,,,,,,,,,,,,,2411_1615_SB2_19,001,2023-11-24_16h49.50.242,3_End,2023.2.3,59.9963522219469,2023-11-24 16h50.00.629859 +0000,
13,4,computer,computercn,./stims/CritBystanders/computer.jpeg,./stims/CritBystanders/cardscn.jpeg,RR,RR_1,,,,,,,,,0,12,12,12,,,,,99.86459140000079,,,,,,,,,99.83238260000144,0.999104399998032,104.7985688000008,[0.27685185185185185],[0.4185185185185185],[1],[0],[0],[4.949977900003432],,,,,,,,,,,,,,2411_1615_SB2_19,001,2023-11-24_16h49.50.242,3_End,2023.2.3,59.9963522219469,2023-11-24 16h50.00.629859 +0000,
14,4,cards,cardscn,./stims/CritBystanders/cards.jpeg,./stims/CritBystanders/staplercn.jpeg,RS,RS_1,,,,,,,,,0,13,13,13,,,,,104.8312678000002,,,,,,,,,104.79912460000196,0.9990660000003118,111.64841969999907,[0.27685185185185185],[0.4185185185185185],[1],[0],[0],[6.835887400000502],,,,,,,,,,,,,,2411_1615_SB2_19,001,2023-11-24_16h49.50.242,3_End,2023.2.3,59.9963522219469,2023-11-24 16h50.00.629859 +0000,
15,4,calculator,calculatorcn,./stims/CritBystanders/calculator.jpeg,./stims/CritBystanders/guitarcn.jpeg,SS,SS_4,,,,,,,,,0,14,14,14,,,,,111.68135729999995,,,,,,,,,111.648984200001,0.9992576000004192,118.58194619999995,[0.27685185185185185],[0.4185185185185185],[1],[0],[0],[6.916215899997042],,,,,,,,,,,,,,2411_1615_SB2_19,001,2023-11-24_16h49.50.242,3_End,2023.2.3,59.9963522219469,2023-11-24 16h50.00.629859 +0000,
16,4,telephone,telephonecn,./stims/CritBystanders/telephone.jpeg,./stims/CritBystanders/calculatorcn.jpeg,SR,SR_4,,,,,,,,,0,15,15,15,,,,,118.61473409999962,,,,,,,,,118.58261560000028,0.999060099999042,124.74850460000016,[0.27685185185185185],[0.4185185185185185],[1],[0],[0],[6.152845000000525],,,,,,,,,,,,,,2411_1615_SB2_19,001,2023-11-24_16h49.50.242,3_End,2023.2.3,59.9963522219469,2023-11-24 16h50.00.629859 +0000,
17,5,fan,fancn,./stims/CritBystanders/fan.jpeg,./stims/CritBystanders/coffeemugcn.jpeg,RR,RR_3,,,,,,,,,0,16,16,16,,,,,124.78145389999918,,,,,,,,,124.7491270999999,0.9992369999999937,128.215370599999,[0.27685185185185185],[0.4185185185185185],[1],[0],[0],[3.451586600000155],,,,,,,,,,,,,,2411_1615_SB2_19,001,2023-11-24_16h49.50.242,3_End,2023.2.3,59.9963522219469,2023-11-24 16h50.00.629859 +0000,
18,5,candle,candlecn,./stims/CritBystanders/candle.jpeg,./stims/CritBystanders/backpackcn.jpeg,RS,RS_8,,,,,,,,,0,17,17,17,,,,,128.24811749999935,,,,,,,,,128.21594040000127,0.999065399999381,133.14907279999898,[0.27685185185185185],[0.4185185185185185],[1],[0],[0],[4.916236900000513],,,,,,,,,,,,,,2411_1615_SB2_19,001,2023-11-24_16h49.50.242,3_End,2023.2.3,59.9963522219469,2023-11-24 16h50.00.629859 +0000,
19,5,bucket,bucketcn,./stims/CritBystanders/bucket.jpeg,./stims/CritBystanders/fancn.jpeg,SS,SS_3,,,,,,,,,0,18,18,18,,,,,133.18148120000114,,,,,,,,,133.14965550000124,1.0154082000008202,143.0321842000012,[0.27685185185185185],[0.4185185185185185],[1],[0],[0],[9.870050199999241],,,,,,,,,,,,,,2411_1615_SB2_19,001,2023-11-24_16h49.50.242,3_End,2023.2.3,59.9963522219469,2023-11-24 16h50.00.629859 +0000,
20,5,peacock,peacockcn,./stims/CritBystanders/peacock.jpeg,./stims/CritBystanders/wastebasketcn.jpeg,SR,SR_5,,,,,,,,,0,19,19,19,,,,,143.06489130000045,,,,,,,,,143.03278630000204,0.9990044999976817,147.68226180000056,[0.27685185185185185],[0.4185185185185185],[1],[0],[0],[4.632851700000174],,,,,,,,,,,,,,2411_1615_SB2_19,001,2023-11-24_16h49.50.242,3_End,2023.2.3,59.9963522219469,2023-11-24 16h50.00.629859 +0000,
21,6,iron,ironcn,./stims/CritBystanders/iron.jpeg,./stims/CritBystanders/shoescn.jpeg,RR,RR_7,,,,,,,,,0,20,20,20,,,,,147.71492260000014,,,,,,,,,147.68284510000012,1.0156690000003437,151.66554520000136,[0.27685185185185185],[0.4185185185185185],[1],[0],[0],[3.971503799999482],,,,,,,,,,,,,,2411_1615_SB2_19,001,2023-11-24_16h49.50.242,3_End,2023.2.3,59.9963522219469,2023-11-24 16h50.00.629859 +0000,
22,6,chair,chaircn,./stims/CritBystanders/chair.jpeg,./stims/CritBystanders/scissorscn.jpeg,SS,SS_6,,,,,,,,,0,21,21,21,,,,,151.69830580000053,,,,,,,,,151.6660957999993,0.9990388000005623,162.5322946999986,[0.27685185185185185],[0.4185185185185185],[1],[0],[0],[10.849710599999526],,,,,,,,,,,,,,2411_1615_SB2_19,001,2023-11-24_16h49.50.242,3_End,2023.2.3,59.9963522219469,2023-11-24 16h50.00.629859 +0000,
23,6,umbrella,umbrellacn,./stims/CritBystanders/umbrella.jpeg,./stims/CritBystanders/telephonecn.jpeg,RS,RS_4,,,,,,,,,0,22,22,22,,,,,162.5650769999993,,,,,,,,,162.5328780000018,0.99908829999913,167.34896590000062,[0.27685185185185185],[0.4185185185185185],[1],[0],[0],[4.803311499999836],,,,,,,,,,,,,,2411_1615_SB2_19,001,2023-11-24_16h49.50.242,3_End,2023.2.3,59.9963522219469,2023-11-24 16h50.00.629859 +0000,
24,6,books,bookscn,./stims/CritBystanders/books.jpeg,./stims/CritBystanders/capcn.jpeg,SR,SR_2,,,,,,,,,0,23,23,23,,,,,167.38174430000072,,,,,,,,,167.34949079999933,0.9991294999999809,173.83217270000023,[0.27685185185185185],[0.4185185185185185],[1],[0],[0],[6.469717200001469],,,,,,,,,,,,,,2411_1615_SB2_19,001,2023-11-24_16h49.50.242,3_End,2023.2.3,59.9963522219469,2023-11-24 16h50.00.629859 +0000,
25,7,backpack,backpackcn,./stims/CritBystanders/backpack.jpeg,./stims/CritBystanders/cratecn.jpeg,SR,SR_8,,,,,,,,,0,24,24,24,,,,,173.86516290000145,,,,,,,,,173.83273009999903,0.9992789999996603,178.78239979999853,[0.27685185185185185],[0.4185185185185185],[1],[0],[0],[4.9366508000020985],,,,,,,,,,,,,,2411_1615_SB2_19,001,2023-11-24_16h49.50.242,3_End,2023.2.3,59.9963522219469,2023-11-24 16h50.00.629859 +0000,
26,7,guitar,guitarcn,./stims/CritBystanders/guitar.jpeg,./stims/CritBystanders/umbrellacn.jpeg,RR,RR_4,,,,,,,,,0,25,25,25,,,,,178.81518530000176,,,,,,,,,178.78311730000132,1.0156245999969542,182.28225949999978,[0.27685185185185185],[0.4185185185185185],[1],[0],[0],[3.4865180000015243],,,,,,,,,,,,,,2411_1615_SB2_19,001,2023-11-24_16h49.50.242,3_End,2023.2.3,59.9963522219469,2023-11-24 16h50.00.629859 +0000,
27,7,shoes,shoescn,./stims/CritBystanders/shoes.jpeg,./stims/CritBystanders/soccerballcn.jpeg,RS,RS_7,,,,,,,,,0,26,26,26,,,,,182.31519069999922,,,,,,,,,182.28282260000196,0.9992569999994885,186.21581009999863,[0.27685185185185185],[0.4185185185185185],[1],[0],[0],[3.9205784000005224],,,,,,,,,,,,,,2411_1615_SB2_19,001,2023-11-24_16h49.50.242,3_End,2023.2.3,59.9963522219469,2023-11-24 16h50.00.629859 +0000,
28,7,video,videocn,./stims/CritBystanders/video.jpeg,./stims/CritBystanders/ironcn.jpeg,SS,SS_7,,,,,,,,,0,27,27,27,,,,,186.2485263999988,,,,,,,,,186.21637220000048,0.9990663000025961,193.73254240000097,[0.2657407407407407],[0.46296296296296297],[1],[0],[0],[7.503128799999104],,,,,,,,,,,,,,2411_1615_SB2_19,001,2023-11-24_16h49.50.242,3_End,2023.2.3,59.9963522219469,2023-11-24 16h50.00.629859 +0000,
29,8,coffeemug,coffeemugcn,./stims/CritBystanders/coffeemug.jpeg,./stims/CritBystanders/keyscn.jpeg,RS,RS_3,,,,,,,,,0,28,28,28,,,,,193.7652573000014,,,,,,,,,193.73307710000154,0.9990934000015841,198.56587529999888,[0.2657407407407407],[0.46296296296296297],[1],[0],[0],[4.820077799999126],,,,,,,,,,,,,,2411_1615_SB2_19,001,2023-11-24_16h49.50.242,3_End,2023.2.3,59.9963522219469,2023-11-24 16h50.00.629859 +0000,
30,8,stapler,staplercn,./stims/CritBystanders/stapler.jpeg,./stims/CritBystanders/electriccordcn.jpeg,SR,SR_1,,,,,,,,,0,29,29,29,,,,,198.5986324000005,,,,,,,,,198.56642750000174,0.9991301000009116,203.69928830000208,[0.2657407407407407],[0.46296296296296297],[1],[0],[0],[5.121836700000131],,,,,,,,,,,,,,2411_1615_SB2_19,001,2023-11-24_16h49.50.242,3_End,2023.2.3,59.9963522219469,2023-11-24 16h50.00.629859 +0000,
31,8,wastebasket,wastebasketcn,./stims/CritBystanders/wastebasket.jpeg,./stims/CritBystanders/clipboardcn.jpeg,SS,SS_5,,,,,,,,,0,30,30,30,,,,,203.73198150000098,,,,,,,,,203.6998472000014,0.9990216000005603,208.26595060000182,[0.2657407407407407],[0.46296296296296297],[1],[0],[0],[4.553192999999737],,,,,,,,,,,,,,2411_1615_SB2_19,001,2023-11-24_16h49.50.242,3_End,2023.2.3,59.9963522219469,2023-11-24 16h50.00.629859 +0000,
32,8,watch,watchcn,./stims/CritBystanders/watch.jpeg,./stims/CritBystanders/candlecn.jpeg,RR,RR_8,,,,,,,,,0,31,31,31,,,,,208.29870120000123,,,,,,,,,208.2665038999985,0.9990934999987076,215.0160563999998,[0.32685185185185184],[0.5],[1],[0],[0],[6.736823300001561],,,,,,,,,,,,,,2411_1615_SB2_19,001,2023-11-24_16h49.50.242,3_End,2023.2.3,59.9963522219469,2023-11-24 16h50.00.629859 +0000,
,,,,,,,,,,,,,,,,,,,,,,,,,,215.01647869999942,215.03208649999942,215.03208649999942,222.23279840000032,space,7.199234299998352,None,,,,,,,,,,,,,,,,,,,,,,,2411_1615_SB2_19,001,2023-11-24_16h49.50.242,3_End,2023.2.3,59.9963522219469,2023-11-24 16h50.00.629859 +0000,
,,,,,,,,1,1,pan,pancn,./stims/AcqBystanders/pan.jpeg,./stims/AcqBystanders/pancn.jpeg,SS,SS_2,,,,,0,0,0,0,222.28251060000184,,,,,,,,,,,,,,,,,,,222.24140460000126,0.9993910000011965,228.81611659999908,[0.32685185185185184],[0.5],[1],[0],[0],[6.54515370000081],,,,2411_1615_SB2_19,001,2023-11-24_16h49.50.242,3_End,2023.2.3,59.9963522219469,2023-11-24 16h50.00.629859 +0000,
,,,,,,,,2,1,lightbulb,lightbulbcn,./stims/AcqBystanders/lightbulb.jpeg,./stims/AcqBystanders/lightbulbcn.jpeg,SR,SR_3,,,,,0,1,1,1,228.94926570000098,,,,,,,,,,,,,,,,,,,228.81694609999977,1.0154664000001503,236.1161843000009,[0.32685185185185184],[0.5],[1],[0],[0],[7.185342900000251],,,,2411_1615_SB2_19,001,2023-11-24_16h49.50.242,3_End,2023.2.3,59.9963522219469,2023-11-24 16h50.00.629859 +0000,
,,,,,,,,3,1,shampoo,shampoocn,./stims/AcqBystanders/shampoo.jpeg,./stims/AcqBystanders/shampoocn.jpeg,RS,RS_4,,,,,0,2,2,2,236.16594199999963,,,,,,,,,,,,,,,,,,,236.11675090000062,0.9991014999977779,240.66599270000006,[0.32685185185185184],[0.5],[1],[0],[0],[4.516752999999881],,,,2411_1615_SB2_19,001,2023-11-24_16h49.50.242,3_End,2023.2.3,59.9963522219469,2023-11-24 16h50.00.629859 +0000,
,,,,,,,,4,1,mandms,mandmscn,./stims/AcqBystanders/mandms.jpeg,./stims/AcqBystanders/mandmscn.jpeg,RR,RR_2,,,,,0,3,3,3,240.69896990000052,,,,,,,,,,,,,,,,,,,240.66655339999852,0.9992760000022827,246.44964850000179,[0.32685185185185184],[0.5],[1],[0],[0],[5.766667399999278],,,,2411_1615_SB2_19,001,2023-11-24_16h49.50.242,3_End,2023.2.3,59.9963522219469,2023-11-24 16h50.00.629859 +0000,
,,,,,,,,5,1,sheet,sheetcn,./stims/AcqBystanders/sheet.jpeg,./stims/AcqBystanders/sheetcn.jpeg,RS,RS_3,,,,,0,4,4,4,246.48233729999993,,,,,,,,,,,,,,,,,,,246.45021239999915,1.0156653000012739,257.11636010000075,[0.32685185185185184],[0.5],[1],[0],[0],[10.652156599997397],,,,2411_1615_SB2_19,001,2023-11-24_16h49.50.242,3_End,2023.2.3,59.9963522219469,2023-11-24 16h50.00.629859 +0000,
,,,,,,,,6,1,bottle,bottlecn,./stims/AcqBystanders/bottle.jpeg,./stims/AcqBystanders/bottlecn.jpeg,SS,SS_1,,,,,0,5,5,5,257.1490421000017,,,,,,,,,,,,,,,,,,,257.11693060000107,0.9990090999999666,262.68305110000074,[0.32685185185185184],[0.5],[1],[0],[0],[5.553173600001173],,,,2411_1615_SB2_19,001,2023-11-24_16h49.50.242,3_End,2023.2.3,59.9963522219469,2023-11-24 16h50.00.629859 +0000,
,,,,,,,,7,1,trunk,trunkcn,./stims/AcqBystanders/trunk.jpeg,./stims/AcqBystanders/trunkcn.jpeg,SR,SR_1,,,,,0,6,6,6,262.7157670000015,,,,,,,,,,,,,,,,,,,262.6836320000002,0.999010300001828,268.36643280000135,[0.32685185185185184],[0.5],[1],[0],[0],[5.66980070000136],,,,2411_1615_SB2_19,001,2023-11-24_16h49.50.242,3_End,2023.2.3,59.9963522219469,2023-11-24 16h50.00.629859 +0000,
,,,,,,,,8,1,can,cancn,./stims/AcqBystanders/can.jpeg,./stims/AcqBystanders/cancn.jpeg,RR,RR_3,,,,,0,7,7,7,268.3991582999988,,,,,,,,,,,,,,,,,,,268.3670173999999,0.9990290999994613,272.23324929999944,[0.3388888888888889],[0.5],[1],[0],[0],[3.852675400001317],,,,2411_1615_SB2_19,001,2023-11-24_16h49.50.242,3_End,2023.2.3,59.9963522219469,2023-11-24 16h50.00.629859 +0000,
,,,,,,,,9,1,towel,towelcn,./stims/AcqBystanders/towel.jpeg,./stims/AcqBystanders/towelcn.jpeg,RS,RS_1,,,,,0,8,8,8,272.2658431999989,,,,,,,,,,,,,,,,,,,272.23380779999934,1.0155964999976277,281.19967299999917,[0.33425925925925926],[0.49722222222222223],[1],[0],[0],[8.948963700000604],,,,2411_1615_SB2_19,001,2023-11-24_16h49.50.242,3_End,2023.2.3,59.9963522219469,2023-11-24 16h50.00.629859 +0000,
,,,,,,,,10,1,fireextinguisher,fireextinguishercn,./stims/AcqBystanders/fireextinguisher.jpeg,./stims/AcqBystanders/fireextinguishercn.jpeg,RR,RR_1,,,,,0,9,9,9,281.2325840000012,,,,,,,,,,,,,,,,,,,281.20021909999923,0.9992519000006723,286.19995420000123,[0.33425925925925926],[0.49722222222222223],[1],[0],[0],[4.986213100000896],,,,2411_1615_SB2_19,001,2023-11-24_16h49.50.242,3_End,2023.2.3,59.9963522219469,2023-11-24 16h50.00.629859 +0000,
,,,,,,,,11,1,passport,passportcn,./stims/AcqBystanders/passport.jpeg,./stims/AcqBystanders/passportcn.jpeg,SS,SS_3,,,,,0,10,10,10,286.23263289999886,,,,,,,,,,,,,,,,,,,286.20052510000096,1.0156726999994135,291.76656600000206,[0.33425925925925926],[0.49722222222222223],[1],[0],[0],[5.547600499998225],,,,2411_1615_SB2_19,001,2023-11-24_16h49.50.242,3_End,2023.2.3,59.9963522219469,2023-11-24 16h50.00.629859 +0000,
,,,,,,,,12,1,headphones,headphonescn,./stims/AcqBystanders/headphones.jpeg,./stims/AcqBystanders/headphonescn.jpeg,SR,SR_2,,,,,0,11,11,11,291.7993252000015,,,,,,,,,,,,,,,,,,,291.76707720000195,0.9991675999990548,307.76636340000186,[],[],[],[],[],[],15.999237199997879,,,2411_1615_SB2_19,001,2023-11-24_16h49.50.242,3_End,2023.2.3,59.9963522219469,2023-11-24 16h50.00.629859 +0000,
,,,,,,,,13,1,perfume,perfumecn,./stims/AcqBystanders/perfume.jpeg,./stims/AcqBystanders/perfumecn.jpeg,SR,SR_4,,,,,0,12,12,12,307.7994151000021,,,,,,,,,,,,,,,,,,,307.76685609999913,0.9992715999978827,320.850115199999,[0.33425925925925926],[0.49722222222222223],[1],[0],[0],[13.07010629999786],,,,2411_1615_SB2_19,001,2023-11-24_16h49.50.242,3_End,2023.2.3,59.9963522219469,2023-11-24 16h50.00.629859 +0000,
,,,,,,,,14,1,cup,cupcn,./stims/AcqBystanders/cup.jpeg,./stims/AcqBystanders/cupcn.jpeg,RS,RS_2,,,,,0,13,13,13,320.9667904000016,,,,,,,,,,,,,,,,,,,320.8507090999992,0.9990649999999732,329.76687460000176,[0.33425925925925926],[0.49722222222222223],[1],[0],[0],[8.807912000000215],,,,2411_1615_SB2_19,001,2023-11-24_16h49.50.242,3_End,2023.2.3,59.9963522219469,2023-11-24 16h50.00.629859 +0000,
,,,,,,,,,,,,,,,,,,,,,,,,,,,,,,,,,,,,,,,,,,,,,,,,,,,,,329.76728849999927,329.78291940000054,,,,,,,,
