﻿RATING_PRAC.thisRepN,RATING_PRAC.thisTrialN,RATING_PRAC.thisN,RATING_PRAC.thisIndex,randomise.thisRepN,randomise.thisTrialN,randomise.thisN,randomise.thisIndex,trials_2.thisRepN,trials_2.thisTrialN,trials_2.thisN,trials_2.thisIndex,trials_3.thisRepN,trials_3.thisTrialN,trials_3.thisN,trials_3.thisIndex,USrate.thisRepN,USrate.thisTrialN,USrate.thisN,USrate.thisIndex,thisRow.t,notes,INSTR.started,instruct1.started,ok1.started,INSTR.stopped,ok1.keys,ok1.rt,ok1.duration,RATING_INTRO.started,instruct1_3.started,ok1_3.started,RATING_INTRO.stopped,ok1_3.keys,ok1_3.rt,ok1_3.duration,FILL_EXP.started,expect_txt.started,exp_resp_fill.started,star_3.started,expect_rating.started,FILL_EXP.stopped,slider_3.response,slider_3.history,exp_resp_fill.keys,exp_resp_fill.rt,exp_resp_fill.duration,FILL_VAL.started,val_text.started,star.started,SAM_val.started,resp_fill_val.started,FILL_VAL.stopped,resp_fill_val.keys,resp_fill_val.rt,resp_fill_val.duration,FILL_ARSL.started,text_arsl.started,star_2.started,SAM_arsl.started,resp_fill_arsl.started,FILL_ARSL.stopped,resp_fill_arsl.keys,resp_fill_arsl.rt,resp_fill_arsl.duration,CRC_EXP.started,expect_txt_2.started,exp_resp_crc.started,image_4.started,expect_rating_2.started,CRC_EXP.stopped,exp_resp_crc.keys,exp_resp_crc.rt,exp_resp_crc.duration,slider.response,slider.history,CRC_VAL.started,val_text_2.started,image.started,SAM_val_2.started,val_resp_crc.started,CRC_VAL.stopped,val_resp_crc.keys,val_resp_crc.rt,val_resp_crc.duration,CRC_ARSL.started,text_arsl_2.started,image_2.started,SAM_arsl_2.started,arsl_resp_crc.started,CRC_ARSL.stopped,arsl_resp_crc.keys,arsl_resp_crc.rt,arsl_resp_crc.duration,SQ_EXP.started,expect_txt_3.started,exp_resp_sq.started,image_sqr.started,expect_rating_3.started,SQ_EXP.stopped,slider_4.response,slider_4.history,exp_resp_sq.keys,exp_resp_sq.rt,exp_resp_sq.duration,SQ_VAL.started,val_text_3.started,image_sqr_2.started,SAM_val_3.started,val_resp_sq.started,SQ_VAL.stopped,val_resp_sq.keys,val_resp_sq.rt,val_resp_sq.duration,SQ_ARSL.started,text_arsl_3.started,image_sqr_3.started,SAM_arsl_3.started,arsl_resp_sq.started,SQ_ARSL.stopped,arsl_resp_sq.keys,arsl_resp_sq.rt,arsl_resp_sq.duration,US_INTRO.started,instruct1_2.started,ok1_2.started,US_INTRO.stopped,ok1_2.keys,ok1_2.rt,ok1_2.duration,US.started,p_port.started,p_port.stopped,US.stopped,ITI_3s.started,iti_3.started,iti_3.stopped,ITI_3s.stopped,US_VAL.started,val_text_4.started,SAM_val_4.started,val_resp_US.started,US_VAL.stopped,val_resp_US.keys,val_resp_US.rt,val_resp_US.duration,US_ARSL.started,text_arsl_4.started,arsl_resp_US.started,SAM_arsl_4.started,US_ARSL.stopped,arsl_resp_US.keys,arsl_resp_US.rt,arsl_resp_US.duration,participant,session,date,expName,psychopyVersion,frameRate,expStart,
,,,,,,,,,,,,,,,,,,,,,,0.010082699998747557,0.02570229999764706,0.02570229999764706,782.4318944000006,space,782.4004898000021,None,,,,,,,,,,,,,,,,,,,,,,,,,,,,,,,,,,,,,,,,,,,,,,,,,,,,,,,,,,,,,,,,,,,,,,,,,,,,,,,,,,,,,,,,,,,,,,,,,,,,,,,,,,,,,,,,,,,,,,,,,,,,,,2411_1400_SB1_18,001,2023-11-24_13h40.43.266,PreAcq,2023.2.3,59.999592002723574,2023-11-24 14h05.54.511672 +0000,
,,,,,,,,,,,,,,,,,,,,,,,,,,,,,782.4319190999995,782.4479904,782.4479904,796.7321804999992,space,14.281957900002453,None,,,,,,,,,,,,,,,,,,,,,,,,,,,,,,,,,,,,,,,,,,,,,,,,,,,,,,,,,,,,,,,,,,,,,,,,,,,,,,,,,,,,,,,,,,,,,,,,,,,,,,,,,,,,,,,,,,,,,,,2411_1400_SB1_18,001,2023-11-24_13h40.43.266,PreAcq,2023.2.3,59.999592002723574,2023-11-24 14h05.54.511672 +0000,
0,0,0,0,0,0,0,0,0,0,0,0,,,,,,,,,816.7482438999978,,,,,,,,,,,,,,,,796.732828799999,796.7647575999981,796.7647575999981,798.2314420999974,799.231469899998,802.7509294999982,None,[],5,5.981742399999348,None,802.7514822999983,802.7648655999983,804.2648393999989,805.2648396000004,805.2648396000004,809.0986610999971,2,3.81713359999776,None,809.0990834999975,809.1148753999987,810.5982234000003,811.5982493999982,811.5982493999982,816.7321725999973,9,5.1242969000013545,None,816.7333209999997,816.7482438999978,816.7482438999978,818.2316133999993,819.2316165999982,822.1679014000001,5,5.414153800000349,None,None,[],822.1684292999998,822.1816206000003,823.6816250999982,824.6816746000004,824.6816746000004,826.5155196999985,2,1.8322971999987203,None,826.5159069999972,826.5316643999977,828.0150608000004,829.0150379000006,829.0150379000006,831.8488541000006,8,2.8268554999995104,None,,,,,,,,,,,,,,,,,,,,,,,,,,,,,,,,,,,,,,,,,,,,,,,,,,,,,,,,,,,,,2411_1400_SB1_18,001,2023-11-24_13h40.43.266,PreAcq,2023.2.3,59.999592002723574,2023-11-24 14h05.54.511672 +0000,
0,0,0,0,0,0,0,0,,,,,0,0,0,0,,,,,831.8650376999976,,,,,,,,,,,,,,,,,,,,,,,,,,,,,,,,,,,,,,,,,,,,,,,,,,,,,,,,,,,,,,,,,,,,,,,,,,831.8496839,831.8650376999976,831.8650376999976,833.3483887999973,834.3484169999974,835.2677100999972,None,[],5,3.384889100001601,None,835.2682434999988,835.2817584000004,836.7817503000006,837.7817924999981,837.7817924999981,840.9156570999985,2,3.123911799997586,None,840.916022399997,840.9317759000005,842.4151096999994,843.4151266999979,843.4151266999979,845.5655807000003,8,2.1469245000007504,None,,,,,,,,,,,,,,,,,,,,,,,,,,,,,,,,2411_1400_SB1_18,001,2023-11-24_13h40.43.266,PreAcq,2023.2.3,59.999592002723574,2023-11-24 14h05.54.511672 +0000,
0,0,0,0,0,0,0,0,,,,,,,,,,,,,,,,,,,,,,,,,,,,,,,,,,,,,,,,,,,,,,,,,,,,,,,,,,,,,,,,,,,,,,,,,,,,,,,,,,,,,,,,,,,,,,,,,,,,,,,,,,,,,,,,,,,,,,,,,,,,,,,,,,,,,,,,,,,,,,,,,,,2411_1400_SB1_18,001,2023-11-24_13h40.43.266,PreAcq,2023.2.3,59.999592002723574,2023-11-24 14h05.54.511672 +0000,
0,0,0,0,,,,,,,,,,,,,,,,,,,,,,,,,,,,,,,,,,,,,,,,,,,,,,,,,,,,,,,,,,,,,,,,,,,,,,,,,,,,,,,,,,,,,,,,,,,,,,,,,,,,,,,,,,,,,,,,,,,,,,,,,,,,,,,,,,,,,,,,,,,,,,,,,,,,,,,2411_1400_SB1_18,001,2023-11-24_13h40.43.266,PreAcq,2023.2.3,59.999592002723574,2023-11-24 14h05.54.511672 +0000,
,,,,,,,,,,,,,,,,,,,,,,845.5660394000006,845.5818058999976,845.5818058999976,876.2160327999991,space,30.62870330000078,None,,,,,,,,,,,,,,,,,,,,,,,,,,,,,,,,,,,,,,,,,,,,,,,,,,,,,,,,,,,,,,,,,,,,,,,,,,,,,,,,,,,,,,,,,,,,,,,,,,,,,,,,,,,,,,,,,,,,,,,,,,,,,,2411_1400_SB1_18,001,2023-11-24_13h40.43.266,PreAcq,2023.2.3,59.999592002723574,2023-11-24 14h05.54.511672 +0000,
,,,,,,,,,,,,,,,,,,,,,,,,,,,,,,,,,,,,,,,,,,,,,,,,,,,,,,,,,,,,,,,,,,,,,,,,,,,,,,,,,,,,,,,,,,,,,,,,,,,,,,,,,,,,,,,,,,,,,,,,,,,876.2160528999993,876.2320292000004,876.2320292000004,888.3826138999975,space,12.138542199998483,None,,,,,,,,,,,,,,,,,,,,,,,,,2411_1400_SB1_18,001,2023-11-24_13h40.43.266,PreAcq,2023.2.3,59.999592002723574,2023-11-24 14h05.54.511672 +0000,
,,,,,,,,,,,,,,,,0,0,0,0,888.3987909999996,,,,,,,,,,,,,,,,,,,,,,,,,,,,,,,,,,,,,,,,,,,,,,,,,,,,,,,,,,,,,,,,,,,,,,,,,,,,,,,,,,,,,,,,,,,,,,,,,,,,,,,,,,,,,,888.383088999999,2.9995338000007905,3.0995714999990014,891.4824536999986,891.4824661999992,891.4988436999993,894.498863599998,894.4824197999988,894.4824310999975,894.498863599998,896.9821907000005,896.9821907000005,899.2161674999988,2,2.228149900001881,None,899.2165652999975,899.2321808999986,901.7155561999971,901.7155561999971,904.1994534000005,8,2.4789228000008734,None,2411_1400_SB1_18,001,2023-11-24_13h40.43.266,PreAcq,2023.2.3,59.999592002723574,2023-11-24 14h05.54.511672 +0000,
,,,,,,,,,,,,,,,,,,,,,,904.1998408,904.2155781999973,904.2155781999973,,,,,,,,,,,,,,,,,,,,,,,,,,,,,,,,,,,,,,,,,,,,,,,,,,,,,,,,,,,,,,,,,,,,,,,,,,,,,,,,,,,,,,,,,,,,,,,,,,,,,,,,,,,,,,,,,,,,,,,,,,,,,,,,,,,,,,,,,
