﻿order_ext,blk_ext,bystander_ext,test_item_ext,bystander_loc_ext,test_item_loc_ext,trial_type_ext,itemNo_ext,order_cond_acq,blk_cond_acq,bystander_cond_acq,test_item_cond_acq,bystander_loc_cond_acq,test_item_loc_cond_acq,trial_type_cond_acq,itemNo_cond_acq,trials.thisRepN,trials.thisTrialN,trials.thisN,trials.thisIndex,trials_2.thisRepN,trials_2.thisTrialN,trials_2.thisN,trials_2.thisIndex,thisRow.t,notes,INSTRUCTION.started,instruct1.started,ok1.started,INSTRUCTION.stopped,ok1.keys,ok1.rt,ok1.duration,END_EXT.started,mouse_ext.started,END_EXT.stopped,mouse_ext.x,mouse_ext.y,mouse_ext.leftButton,mouse_ext.midButton,mouse_ext.rightButton,mouse_ext.time,END_ACQ.started,mouse_cond.started,END_ACQ.stopped,mouse_cond.x,mouse_cond.y,mouse_cond.leftButton,mouse_cond.midButton,mouse_cond.rightButton,mouse_cond.time,mouse_cond.stopped,thanks.started,thanksMsg.started,participant,session,date,expName,psychopyVersion,frameRate,expStart,
,,,,,,,,,,,,,,,,,,,,,,,,,,0.018938000001071487,0.03543780000109109,0.03543780000109109,60.73633300000074,u,60.68619360000048,None,,,,,,,,,,,,,,,,,,,,,,2411_1230_SB1_17,001,2023-11-24_13h17.36.533,3_End,2023.2.3,60.00614462928184,2023-11-24 13h17.57.617460 +0000,
1,1,cap,capcn,./stims/CritBystanders/cap.jpeg,./stims/CritBystanders/capcn.jpeg,SS,SS_2,,,,,,,,,0,0,0,0,,,,,60.80243650000011,,,,,,,,,60.75027410000075,0.9995075999995606,68.95296170000074,[-0.36018518518518516],[-0.49722222222222223],[1],[0],[0],[8.17314670000087],,,,,,,,,,,,,2411_1230_SB1_17,001,2023-11-24_13h17.36.533,3_End,2023.2.3,60.00614462928184,2023-11-24 13h17.57.617460 +0000,
2,1,chessboard,chessboardcn,./stims/CritBystanders/chessboard.jpeg,./stims/CritBystanders/chessboardcn.jpeg,SR,SR_6,,,,,,,,,0,1,1,1,,,,,68.98584810000102,,,,,,,,,68.95394240000132,1.0154966999998578,77.73644840000088,[-0.36018518518518516],[-0.49722222222222223],[1],[0],[0],[8.7703376999998],,,,,,,,,,,,,2411_1230_SB1_17,001,2023-11-24_13h17.36.533,3_End,2023.2.3,60.00614462928184,2023-11-24 13h17.57.617460 +0000,
3,1,wallet,walletcn,./stims/CritBystanders/wallet.jpeg,./stims/CritBystanders/walletcn.jpeg,RS,RS_6,,,,,,,,,0,2,2,2,,,,,77.76925290000145,,,,,,,,,77.73701840000103,0.9991472999990947,85.28657420000127,[-0.36018518518518516],[-0.49722222222222223],[1],[0],[0],[7.5338415000005625],,,,,,,,,,,,,2411_1230_SB1_17,001,2023-11-24_13h17.36.533,3_End,2023.2.3,60.00614462928184,2023-11-24 13h17.57.617460 +0000,
4,1,clipboard,clipboardcn,./stims/CritBystanders/clipboard.jpeg,./stims/CritBystanders/clipboardcn.jpeg,RR,RR_5,,,,,,,,,0,3,3,3,,,,,85.31931590000022,,,,,,,,,85.28720210000029,1.0156413999993674,94.8533720000014,[-0.36018518518518516],[-0.49722222222222223],[1],[0],[0],[9.549647900001219],,,,,,,,,,,,,2411_1230_SB1_17,001,2023-11-24_13h17.36.533,3_End,2023.2.3,60.00614462928184,2023-11-24 13h17.57.617460 +0000,
5,2,comb,combcn,./stims/CritBystanders/comb.jpeg,./stims/CritBystanders/combcn.jpeg,RS,RS_5,,,,,,,,,0,4,4,4,,,,,94.88605240000106,,,,,,,,,94.85398320000058,1.0156054999988555,99.38647470000069,[-0.36018518518518516],[-0.49722222222222223],[1],[0],[0],[4.516808800000945],,,,,,,,,,,,,2411_1230_SB1_17,001,2023-11-24_13h17.36.533,3_End,2023.2.3,60.00614462928184,2023-11-24 13h17.57.617460 +0000,
6,2,electriccord,electriccordcn,./stims/CritBystanders/electriccord.jpeg,./stims/CritBystanders/electriccordcn.jpeg,SS,SS_1,,,,,,,,,0,5,5,5,,,,,99.41941890000089,,,,,,,,,99.38706700000148,0.9992443000010098,112.73684100000173,[-0.36018518518518516],[-0.49722222222222223],[1],[0],[0],[13.333392200000162],,,,,,,,,,,,,2411_1230_SB1_17,001,2023-11-24_13h17.36.533,3_End,2023.2.3,60.00614462928184,2023-11-24 13h17.57.617460 +0000,
7,2,toiletpaper,toiletpapercn,./stims/CritBystanders/toiletpaper.jpeg,./stims/CritBystanders/toiletpapercn.jpeg,RR,RR_2,,,,,,,,,0,6,6,6,,,,,112.76950210000177,,,,,,,,,112.73743660000036,1.0156445000011445,117.08668050000051,[-0.36018518518518516],[-0.49722222222222223],[1],[0],[0],[4.333106100000805],,,,,,,,,,,,,2411_1230_SB1_17,001,2023-11-24_13h17.36.533,3_End,2023.2.3,60.00614462928184,2023-11-24 13h17.57.617460 +0000,
8,2,keys,keyscn,./stims/CritBystanders/keys.jpeg,./stims/CritBystanders/keyscn.jpeg,SR,SR_3,,,,,,,,,0,7,7,7,,,,,117.11953560000075,,,,,,,,,117.08721830000104,0.9992257000012614,127.10351040000023,[-0.36018518518518516],[-0.49722222222222223],[1],[0],[0],[9.999714900000981],,,,,,,,,,,,,2411_1230_SB1_17,001,2023-11-24_13h17.36.533,3_End,2023.2.3,60.00614462928184,2023-11-24 13h17.57.617460 +0000,
9,3,scissors,scissorscn,./stims/CritBystanders/scissors.jpeg,./stims/CritBystanders/scissorscn.jpeg,RR,RR_6,,,,,,,,,0,8,8,8,,,,,127.13628020000033,,,,,,,,,127.10413990000052,0.9990529999995488,133.05356380000012,[-0.36018518518518516],[-0.49722222222222223],[1],[0],[0],[5.932752000000619],,,,,,,,,,,,,2411_1230_SB1_17,001,2023-11-24_13h17.36.533,3_End,2023.2.3,60.00614462928184,2023-11-24 13h17.57.617460 +0000,
10,3,soccerball,soccerballcn,./stims/CritBystanders/soccerball.jpeg,./stims/CritBystanders/soccerballcn.jpeg,SR,SR_7,,,,,,,,,0,9,9,9,,,,,133.0863203000008,,,,,,,,,133.0541488000017,0.9990941000014573,136.2202715000003,[-0.36018518518518516],[-0.49722222222222223],[1],[0],[0],[3.153443100000004],,,,,,,,,,,,,2411_1230_SB1_17,001,2023-11-24_13h17.36.533,3_End,2023.2.3,60.00614462928184,2023-11-24 13h17.57.617460 +0000,
11,3,crate,cratecn,./stims/CritBystanders/crate.jpeg,./stims/CritBystanders/cratecn.jpeg,SS,SS_8,,,,,,,,,0,10,10,10,,,,,136.2530379000018,,,,,,,,,136.22081050000088,0.9990781000014977,149.27041500000087,[-0.36018518518518516],[-0.49722222222222223],[1],[0],[0],[13.036486799999693],,,,,,,,,,,,,2411_1230_SB1_17,001,2023-11-24_13h17.36.533,3_End,2023.2.3,60.00614462928184,2023-11-24 13h17.57.617460 +0000,
12,3,walkman,walkmancn,./stims/CritBystanders/walkman.jpeg,./stims/CritBystanders/walkmancn.jpeg,RS,RS_2,,,,,,,,,0,11,11,11,,,,,149.3031157000005,,,,,,,,,149.27105910000137,1.0156386999988172,160.42047100000127,[-0.36018518518518516],[-0.49722222222222223],[1],[0],[0],[11.132931699999972],,,,,,,,,,,,,2411_1230_SB1_17,001,2023-11-24_13h17.36.533,3_End,2023.2.3,60.00614462928184,2023-11-24 13h17.57.617460 +0000,
13,4,computer,computercn,./stims/CritBystanders/computer.jpeg,./stims/CritBystanders/computercn.jpeg,RR,RR_1,,,,,,,,,0,12,12,12,,,,,160.45323180000014,,,,,,,,,160.42109640000126,0.9990182999990793,169.78720650000105,[-0.36018518518518516],[-0.49722222222222223],[1],[0],[0],[9.350928800000474],,,,,,,,,,,,,2411_1230_SB1_17,001,2023-11-24_13h17.36.533,3_End,2023.2.3,60.00614462928184,2023-11-24 13h17.57.617460 +0000,
14,4,cards,cardscn,./stims/CritBystanders/cards.jpeg,./stims/CritBystanders/cardscn.jpeg,RS,RS_1,,,,,,,,,0,13,13,13,,,,,169.81994600000144,,,,,,,,,169.78781190000154,0.999093599999469,175.05406510000103,[-0.36018518518518516],[-0.49722222222222223],[1],[0],[0],[5.249903500000073],,,,,,,,,,,,,2411_1230_SB1_17,001,2023-11-24_13h17.36.533,3_End,2023.2.3,60.00614462928184,2023-11-24 13h17.57.617460 +0000,
15,4,calculator,calculatorcn,./stims/CritBystanders/calculator.jpeg,./stims/CritBystanders/calculatorcn.jpeg,SS,SS_4,,,,,,,,,0,14,14,14,,,,,175.08661590000156,,,,,,,,,175.05467750000025,1.0155454000014288,180.25401410000086,[-0.36018518518518516],[-0.49722222222222223],[1],[0],[0],[5.186254700000063],,,,,,,,,,,,,2411_1230_SB1_17,001,2023-11-24_13h17.36.533,3_End,2023.2.3,60.00614462928184,2023-11-24 13h17.57.617460 +0000,
16,4,telephone,telephonecn,./stims/CritBystanders/telephone.jpeg,./stims/CritBystanders/telephonecn.jpeg,SR,SR_4,,,,,,,,,0,15,15,15,,,,,180.2866642000008,,,,,,,,,180.2545695000008,1.0156581000010192,184.88712440000018,[-0.36018518518518516],[-0.49722222222222223],[1],[0],[0],[4.6196947999997064],,,,,,,,,,,,,2411_1230_SB1_17,001,2023-11-24_13h17.36.533,3_End,2023.2.3,60.00614462928184,2023-11-24 13h17.57.617460 +0000,
17,5,fan,fancn,./stims/CritBystanders/fan.jpeg,./stims/CritBystanders/fancn.jpeg,RR,RR_3,,,,,,,,,0,16,16,16,,,,,184.92007170000034,,,,,,,,,184.88775200000055,0.999217899998257,190.63734710000062,[-0.36018518518518516],[-0.49722222222222223],[1],[0],[0],[5.733229699999356],,,,,,,,,,,,,2411_1230_SB1_17,001,2023-11-24_13h17.36.533,3_End,2023.2.3,60.00614462928184,2023-11-24 13h17.57.617460 +0000,
18,5,candle,candlecn,./stims/CritBystanders/candle.jpeg,./stims/CritBystanders/candlecn.jpeg,RS,RS_8,,,,,,,,,0,17,17,17,,,,,190.6701120000016,,,,,,,,,190.63794250000137,0.9990822999989177,193.970736700001,[-0.36018518518518516],[-0.49722222222222223],[1],[0],[0],[3.3171204999998736],,,,,,,,,,,,,2411_1230_SB1_17,001,2023-11-24_13h17.36.533,3_End,2023.2.3,60.00614462928184,2023-11-24 13h17.57.617460 +0000,
19,5,bucket,bucketcn,./stims/CritBystanders/bucket.jpeg,./stims/CritBystanders/bucketcn.jpeg,SS,SS_3,,,,,,,,,0,18,18,18,,,,,194.0034022000018,,,,,,,,,193.97140470000159,1.0156590999995387,206.08751920000032,[-0.36018518518518516],[-0.49722222222222223],[1],[0],[0],[12.102999400000044],,,,,,,,,,,,,2411_1230_SB1_17,001,2023-11-24_13h17.36.533,3_End,2023.2.3,60.00614462928184,2023-11-24 13h17.57.617460 +0000,
20,5,peacock,peacockcn,./stims/CritBystanders/peacock.jpeg,./stims/CritBystanders/peacockcn.jpeg,SR,SR_5,,,,,,,,,0,19,19,19,,,,,206.120219800001,,,,,,,,,206.08814530000018,0.9990012999987812,212.20415560000038,[-0.36018518518518516],[-0.49722222222222223],[1],[0],[0],[6.102173799999946],,,,,,,,,,,,,2411_1230_SB1_17,001,2023-11-24_13h17.36.533,3_End,2023.2.3,60.00614462928184,2023-11-24 13h17.57.617460 +0000,
21,6,iron,ironcn,./stims/CritBystanders/iron.jpeg,./stims/CritBystanders/ironcn.jpeg,RR,RR_7,,,,,,,,,0,20,20,20,,,,,212.2369116000009,,,,,,,,,212.20474090000062,0.9990682999996352,218.3875876000002,[-0.36018518518518516],[-0.49722222222222223],[1],[0],[0],[6.166314500000226],,,,,,,,,,,,,2411_1230_SB1_17,001,2023-11-24_13h17.36.533,3_End,2023.2.3,60.00614462928184,2023-11-24 13h17.57.617460 +0000,
22,6,chair,chaircn,./stims/CritBystanders/chair.jpeg,./stims/CritBystanders/chaircn.jpeg,SS,SS_6,,,,,,,,,0,21,21,21,,,,,218.4202830000013,,,,,,,,,218.38817690000178,1.0156678000003012,221.904250900001,[-0.36018518518518516],[-0.49722222222222223],[1],[0],[0],[3.500092599999334],,,,,,,,,,,,,2411_1230_SB1_17,001,2023-11-24_13h17.36.533,3_End,2023.2.3,60.00614462928184,2023-11-24 13h17.57.617460 +0000,
23,6,umbrella,umbrellacn,./stims/CritBystanders/umbrella.jpeg,./stims/CritBystanders/umbrellacn.jpeg,RS,RS_4,,,,,,,,,0,22,22,22,,,,,221.9370114000012,,,,,,,,,221.9049077000018,1.0156750999994983,231.00438570000006,[-0.36018518518518516],[-0.49722222222222223],[1],[0],[0],[9.082756400001017],,,,,,,,,,,,,2411_1230_SB1_17,001,2023-11-24_13h17.36.533,3_End,2023.2.3,60.00614462928184,2023-11-24 13h17.57.617460 +0000,
24,6,books,bookscn,./stims/CritBystanders/books.jpeg,./stims/CritBystanders/bookscn.jpeg,SR,SR_2,,,,,,,,,0,23,23,23,,,,,231.03703900000073,,,,,,,,,231.0050106000017,1.015621700000338,246.3212865000005,[-0.36018518518518516],[-0.49722222222222223],[1],[0],[0],[15.300284900000406],,,,,,,,,,,,,2411_1230_SB1_17,001,2023-11-24_13h17.36.533,3_End,2023.2.3,60.00614462928184,2023-11-24 13h17.57.617460 +0000,
25,7,backpack,backpackcn,./stims/CritBystanders/backpack.jpeg,./stims/CritBystanders/backpackcn.jpeg,SR,SR_8,,,,,,,,,0,24,24,24,,,,,246.35383320000074,,,,,,,,,246.32188450000103,1.0155068000003666,250.3377623000015,[-0.36018518518518516],[-0.49722222222222223],[1],[0],[0],[3.9988733000009233],,,,,,,,,,,,,2411_1230_SB1_17,001,2023-11-24_13h17.36.533,3_End,2023.2.3,60.00614462928184,2023-11-24 13h17.57.617460 +0000,
26,7,guitar,guitarcn,./stims/CritBystanders/guitar.jpeg,./stims/CritBystanders/guitarcn.jpeg,RR,RR_4,,,,,,,,,0,25,25,25,,,,,250.37051930000052,,,,,,,,,250.33834340000067,0.9991102000003593,260.20452730000034,[-0.36018518518518516],[-0.49722222222222223],[1],[0],[0],[9.85235610000018],,,,,,,,,,,,,2411_1230_SB1_17,001,2023-11-24_13h17.36.533,3_End,2023.2.3,60.00614462928184,2023-11-24 13h17.57.617460 +0000,
27,7,shoes,shoescn,./stims/CritBystanders/shoes.jpeg,./stims/CritBystanders/shoescn.jpeg,RS,RS_7,,,,,,,,,0,26,26,26,,,,,260.2373006000016,,,,,,,,,260.20509740000125,0.9990846999990026,271.7379574000006,[-0.36018518518518516],[-0.49722222222222223],[1],[0],[0],[11.519864699999744],,,,,,,,,,,,,2411_1230_SB1_17,001,2023-11-24_13h17.36.533,3_End,2023.2.3,60.00614462928184,2023-11-24 13h17.57.617460 +0000,
28,7,video,videocn,./stims/CritBystanders/video.jpeg,./stims/CritBystanders/videocn.jpeg,SS,SS_7,,,,,,,,,0,27,27,27,,,,,271.7706810000018,,,,,,,,,271.73857260000113,0.9990832999992563,276.1879351000007,[-0.36018518518518516],[-0.49722222222222223],[1],[0],[0],[4.4360225000000355],,,,,,,,,,,,,2411_1230_SB1_17,001,2023-11-24_13h17.36.533,3_End,2023.2.3,60.00614462928184,2023-11-24 13h17.57.617460 +0000,
29,8,coffeemug,coffeemugcn,./stims/CritBystanders/coffeemug.jpeg,./stims/CritBystanders/coffeemugcn.jpeg,RS,RS_3,,,,,,,,,0,28,28,28,,,,,276.220723800001,,,,,,,,,276.18859370000064,0.9990099999995437,291.02142770000137,[-0.36018518518518516],[-0.49722222222222223],[1],[0],[0],[14.814774800001032],,,,,,,,,,,,,2411_1230_SB1_17,001,2023-11-24_13h17.36.533,3_End,2023.2.3,60.00614462928184,2023-11-24 13h17.57.617460 +0000,
30,8,stapler,staplercn,./stims/CritBystanders/stapler.jpeg,./stims/CritBystanders/staplercn.jpeg,SR,SR_1,,,,,,,,,0,29,29,29,,,,,291.0541563000006,,,,,,,,,291.0220194000012,0.999064499999804,300.7380404000014,[-0.36018518518518516],[-0.49722222222222223],[1],[0],[0],[9.700184200000876],,,,,,,,,,,,,2411_1230_SB1_17,001,2023-11-24_13h17.36.533,3_End,2023.2.3,60.00614462928184,2023-11-24 13h17.57.617460 +0000,
31,8,wastebasket,wastebasketcn,./stims/CritBystanders/wastebasket.jpeg,./stims/CritBystanders/wastebasketcn.jpeg,SS,SS_5,,,,,,,,,0,30,30,30,,,,,300.7709115000016,,,,,,,,,300.738636600001,0.9991912999994383,305.50475260000167,[-0.36018518518518516],[-0.49722222222222223],[1],[0],[0],[4.749708299999838],,,,,,,,,,,,,2411_1230_SB1_17,001,2023-11-24_13h17.36.533,3_End,2023.2.3,60.00614462928184,2023-11-24 13h17.57.617460 +0000,
32,8,watch,watchcn,./stims/CritBystanders/watch.jpeg,./stims/CritBystanders/watchcn.jpeg,RR,RR_8,,,,,,,,,0,31,31,31,,,,,305.53760760000114,,,,,,,,,305.50534490000064,0.9991654999994353,311.2880767000006,[-0.36018518518518516],[-0.49722222222222223],[1],[0],[0],[5.77042050000091],,,,,,,,,,,,,2411_1230_SB1_17,001,2023-11-24_13h17.36.533,3_End,2023.2.3,60.00614462928184,2023-11-24 13h17.57.617460 +0000,
,,,,,,,,,,,,,,,,,,,,,,,,,,311.28852370000095,311.3043354000001,311.3043354000001,323.3549485000003,h,12.033724099999745,None,,,,,,,,,,,,,,,,,,,,,,2411_1230_SB1_17,001,2023-11-24_13h17.36.533,3_End,2023.2.3,60.00614462928184,2023-11-24 13h17.57.617460 +0000,
,,,,,,,,1,1,pan,pancn,./stims/AcqBystanders/pan.jpeg,./stims/AcqBystanders/pancn.jpeg,SS,SS_2,,,,,0,0,0,0,323.40466170000036,,,,,,,,,,,,,,,,,,323.36366050000106,0.9995223000005353,332.12171750000016,[-0.36018518518518516],[-0.49722222222222223],[1],[0],[0],[8.733391699999629],,,,2411_1230_SB1_17,001,2023-11-24_13h17.36.533,3_End,2023.2.3,60.00614462928184,2023-11-24 13h17.57.617460 +0000,
,,,,,,,,2,1,lightbulb,lightbulbcn,./stims/AcqBystanders/lightbulb.jpeg,./stims/AcqBystanders/lightbulbcn.jpeg,SR,SR_3,,,,,0,1,1,1,332.2382009000012,,,,,,,,,,,,,,,,,,332.1226157000001,1.0154807000017172,344.18861630000174,[-0.36018518518518516],[-0.49722222222222223],[1],[0],[0],[11.960505900000499],,,,2411_1230_SB1_17,001,2023-11-24_13h17.36.533,3_End,2023.2.3,60.00614462928184,2023-11-24 13h17.57.617460 +0000,
,,,,,,,,3,1,shampoo,shampoocn,./stims/AcqBystanders/shampoo.jpeg,./stims/AcqBystanders/shampoocn.jpeg,RS,RS_4,,,,,0,2,2,2,344.23833040000136,,,,,,,,,,,,,,,,,,344.1892362000017,1.0156065999999555,351.17187750000085,[-0.36018518518518516],[-0.49722222222222223],[1],[0],[0],[6.95388180000009],,,,2411_1230_SB1_17,001,2023-11-24_13h17.36.533,3_End,2023.2.3,60.00614462928184,2023-11-24 13h17.57.617460 +0000,
,,,,,,,,4,1,mandms,mandmscn,./stims/AcqBystanders/mandms.jpeg,./stims/AcqBystanders/mandmscn.jpeg,RR,RR_2,,,,,0,3,3,3,351.2046063000016,,,,,,,,,,,,,,,,,,351.17248870000003,1.015706099999079,356.97219380000024,[-0.36018518518518516],[-0.49722222222222223],[1],[0],[0],[5.778570300000865],,,,2411_1230_SB1_17,001,2023-11-24_13h17.36.533,3_End,2023.2.3,60.00614462928184,2023-11-24 13h17.57.617460 +0000,
,,,,,,,,5,1,sheet,sheetcn,./stims/AcqBystanders/sheet.jpeg,./stims/AcqBystanders/sheetcn.jpeg,RS,RS_3,,,,,0,4,4,4,357.00467430000026,,,,,,,,,,,,,,,,,,356.9728602000014,1.0154567000008683,363.9386090000007,[-0.36018518518518516],[-0.49722222222222223],[1],[0],[0],[6.947792500001015],,,,2411_1230_SB1_17,001,2023-11-24_13h17.36.533,3_End,2023.2.3,60.00614462928184,2023-11-24 13h17.57.617460 +0000,
,,,,,,,,6,1,bottle,bottlecn,./stims/AcqBystanders/bottle.jpeg,./stims/AcqBystanders/bottlecn.jpeg,SS,SS_1,,,,,0,5,5,5,363.9713817000011,,,,,,,,,,,,,,,,,,363.93922740000016,0.9990619000000152,371.0720287000004,[-0.36018518518518516],[-0.49722222222222223],[1],[0],[0],[7.1194944999988365],,,,2411_1230_SB1_17,001,2023-11-24_13h17.36.533,3_End,2023.2.3,60.00614462928184,2023-11-24 13h17.57.617460 +0000,
,,,,,,,,7,1,trunk,trunkcn,./stims/AcqBystanders/trunk.jpeg,./stims/AcqBystanders/trunkcn.jpeg,SR,SR_1,,,,,0,6,6,6,371.10478670000157,,,,,,,,,,,,,,,,,,371.0726209000004,0.9990452000001824,383.78857960000096,[-0.36018518518518516],[-0.49722222222222223],[1],[0],[0],[12.703140300000086],,,,2411_1230_SB1_17,001,2023-11-24_13h17.36.533,3_End,2023.2.3,60.00614462928184,2023-11-24 13h17.57.617460 +0000,
,,,,,,,,8,1,can,cancn,./stims/AcqBystanders/can.jpeg,./stims/AcqBystanders/cancn.jpeg,RR,RR_3,,,,,0,7,7,7,383.82152530000167,,,,,,,,,,,,,,,,,,383.78920800000014,0.9992493000008835,398.3388982000015,[-0.36018518518518516],[-0.49722222222222223],[1],[0],[0],[14.533446400000685],,,,2411_1230_SB1_17,001,2023-11-24_13h17.36.533,3_End,2023.2.3,60.00614462928184,2023-11-24 13h17.57.617460 +0000,
,,,,,,,,9,1,towel,towelcn,./stims/AcqBystanders/towel.jpeg,./stims/AcqBystanders/towelcn.jpeg,RS,RS_1,,,,,0,8,8,8,398.37163040000087,,,,,,,,,,,,,,,,,,398.3395205000015,0.9990008000004309,414.3387141000003,[],[],[],[],[],[],15.999142000000575,,,2411_1230_SB1_17,001,2023-11-24_13h17.36.533,3_End,2023.2.3,60.00614462928184,2023-11-24 13h17.57.617460 +0000,
,,,,,,,,10,1,fireextinguisher,fireextinguishercn,./stims/AcqBystanders/fireextinguisher.jpeg,./stims/AcqBystanders/fireextinguishercn.jpeg,RR,RR_1,,,,,0,9,9,9,414.3717594000009,,,,,,,,,,,,,,,,,,414.33929100000023,0.9991402000014205,420.3890188000005,[-0.36018518518518516],[-0.49722222222222223],[1],[0],[0],[6.032661499999449],,,,2411_1230_SB1_17,001,2023-11-24_13h17.36.533,3_End,2023.2.3,60.00614462928184,2023-11-24 13h17.57.617460 +0000,
,,,,,,,,11,1,passport,passportcn,./stims/AcqBystanders/passport.jpeg,./stims/AcqBystanders/passportcn.jpeg,SS,SS_3,,,,,0,10,10,10,420.42177860000083,,,,,,,,,,,,,,,,,,420.3896054000015,0.9990866000007372,428.9889382000001,[-0.36018518518518516],[-0.49722222222222223],[1],[0],[0],[8.58428399999866],,,,2411_1230_SB1_17,001,2023-11-24_13h17.36.533,3_End,2023.2.3,60.00614462928184,2023-11-24 13h17.57.617460 +0000,
,,,,,,,,12,1,headphones,headphonescn,./stims/AcqBystanders/headphones.jpeg,./stims/AcqBystanders/headphonescn.jpeg,SR,SR_2,,,,,0,11,11,11,429.0218577000014,,,,,,,,,,,,,,,,,,428.98957340000015,0.9992602999991504,443.78930180000134,[-0.36018518518518516],[-0.49722222222222223],[1],[0],[0],[14.785862999999154],,,,2411_1230_SB1_17,001,2023-11-24_13h17.36.533,3_End,2023.2.3,60.00614462928184,2023-11-24 13h17.57.617460 +0000,
,,,,,,,,13,1,perfume,perfumecn,./stims/AcqBystanders/perfume.jpeg,./stims/AcqBystanders/perfumecn.jpeg,SR,SR_4,,,,,0,12,12,12,443.8219917000006,,,,,,,,,,,,,,,,,,443.7899182000001,1.0156017000008433,454.1226695000005,[-0.36018518518518516],[-0.49722222222222223],[1],[0],[0],[10.317513800000597],,,,2411_1230_SB1_17,001,2023-11-24_13h17.36.533,3_End,2023.2.3,60.00614462928184,2023-11-24 13h17.57.617460 +0000,
,,,,,,,,14,1,cup,cupcn,./stims/AcqBystanders/cup.jpeg,./stims/AcqBystanders/cupcn.jpeg,RS,RS_2,,,,,0,13,13,13,454.23907940000026,,,,,,,,,,,,,,,,,,454.12322960000165,0.999077300000863,458.27272430000085,[-0.36018518518518516],[-0.49722222222222223],[1],[0],[0],[4.041980099998909],,,,2411_1230_SB1_17,001,2023-11-24_13h17.36.533,3_End,2023.2.3,60.00614462928184,2023-11-24 13h17.57.617460 +0000,
,,,,,,,,,,,,,,,,,,,,,,,,,,,,,,,,,,,,,,,,,,,,,,,,,,,,458.273135200001,458.2887591000017,,,,,,,,
