﻿order_ext,blk_ext,bystander_ext,test_item_ext,bystander_loc_ext,test_item_loc_ext,trial_type_ext,itemNo_ext,order_cond_acq,blk_cond_acq,bystander_cond_acq,test_item_cond_acq,bystander_loc_cond_acq,test_item_loc_cond_acq,trial_type_cond_acq,itemNo_cond_acq,trials.thisRepN,trials.thisTrialN,trials.thisN,trials.thisIndex,trials_2.thisRepN,trials_2.thisTrialN,trials_2.thisN,trials_2.thisIndex,thisRow.t,notes,INSTRUCTION.started,instruct1.started,ok1.started,INSTRUCTION.stopped,ok1.keys,ok1.rt,ok1.duration,END_EXT.started,mouse_ext.started,END_EXT.stopped,mouse_ext.x,mouse_ext.y,mouse_ext.leftButton,mouse_ext.midButton,mouse_ext.rightButton,mouse_ext.time,mouse_ext.stopped,END_ACQ.started,mouse_cond.started,mouse_cond.stopped,END_ACQ.stopped,mouse_cond.x,mouse_cond.y,mouse_cond.leftButton,mouse_cond.midButton,mouse_cond.rightButton,mouse_cond.time,thanks.started,thanksMsg.started,participant,session,date,expName,psychopyVersion,frameRate,expStart,
,,,,,,,,,,,,,,,,,,,,,,,,,,0.00988629999847035,0.026437900000019,0.026437900000019,38.52726350000012,space,38.490938999999344,None,,,,,,,,,,,,,,,,,,,,,,,2411_1400_SB1_18,001,2023-11-24_14h50.01.373,3_End,2023.2.3,60.00146403551959,2023-11-24 14h50.11.614813 +0000,
1,1,cap,capcn,./stims/CritBystanders/cap.jpeg,./stims/CritBystanders/capcn.jpeg,SS,SS_2,,,,,,,,,0,0,0,0,,,,,38.576700400000846,,,,,,,,,38.5417277000015,0.9994923000012932,53.92744690000109,[0.39166666666666666],[0.3990740740740741],[1],[0],[0],[15.366259599999466],,,,,,,,,,,,,,2411_1400_SB1_18,001,2023-11-24_14h50.01.373,3_End,2023.2.3,60.00146403551959,2023-11-24 14h50.11.614813 +0000,
2,1,chessboard,chessboardcn,./stims/CritBystanders/chessboard.jpeg,./stims/CritBystanders/chessboardcn.jpeg,SR,SR_6,,,,,,,,,0,1,1,1,,,,,53.94349030000012,,,,,,,,,53.92842020000171,1.015295100001822,57.660957200001576,[0.39166666666666666],[0.3990740740740741],[1],[0],[0],[3.7264135999976133],,,,,,,,,,,,,,2411_1400_SB1_18,001,2023-11-24_14h50.01.373,3_End,2023.2.3,60.00146403551959,2023-11-24 14h50.11.614813 +0000,
3,1,wallet,walletcn,./stims/CritBystanders/wallet.jpeg,./stims/CritBystanders/walletcn.jpeg,RS,RS_6,,,,,,,,,0,2,2,2,,,,,57.67684089999966,,,,,,,,,57.66157949999979,1.0155957999995735,62.61077650000152,[0.39166666666666666],[0.3990740740740741],[1],[0],[0],[4.943196899999748],,,,,,,,,,,,,,2411_1400_SB1_18,001,2023-11-24_14h50.01.373,3_End,2023.2.3,60.00146403551959,2023-11-24 14h50.11.614813 +0000,
4,1,clipboard,clipboardcn,./stims/CritBystanders/clipboard.jpeg,./stims/CritBystanders/clipboardcn.jpeg,RR,RR_5,,,,,,,,,0,3,3,3,,,,,62.62691039999845,,,,,,,,,62.611351799998374,0.9991410000002361,78.61057939999955,[],[],[],[],[],[],15.999181399998633,,,,,,,,,,,,,2411_1400_SB1_18,001,2023-11-24_14h50.01.373,3_End,2023.2.3,60.00146403551959,2023-11-24 14h50.11.614813 +0000,
5,2,comb,combcn,./stims/CritBystanders/comb.jpeg,./stims/CritBystanders/combcn.jpeg,RS,RS_5,,,,,,,,,0,4,4,4,,,,,78.62700680000125,,,,,,,,,78.61107080000147,0.9992270999973698,82.57768260000012,[0.39166666666666666],[0.3990740740740741],[1],[0],[0],[3.960609999998269],,,,,,,,,,,,,,2411_1400_SB1_18,001,2023-11-24_14h50.01.373,3_End,2023.2.3,60.00146403551959,2023-11-24 14h50.11.614813 +0000,
6,2,electriccord,electriccordcn,./stims/CritBystanders/electriccord.jpeg,./stims/CritBystanders/electriccordcn.jpeg,SS,SS_1,,,,,,,,,0,5,5,5,,,,,82.59373119999873,,,,,,,,,82.57824619999883,1.01572970000052,86.51096519999919,[0.39166666666666666],[0.3990740740740741],[1],[0],[0],[3.9268014000008407],,,,,,,,,,,,,,2411_1400_SB1_18,001,2023-11-24_14h50.01.373,3_End,2023.2.3,60.00146403551959,2023-11-24 14h50.11.614813 +0000,
7,2,toiletpaper,toiletpapercn,./stims/CritBystanders/toiletpaper.jpeg,./stims/CritBystanders/toiletpapercn.jpeg,RR,RR_2,,,,,,,,,0,6,6,6,,,,,86.52704910000102,,,,,,,,,86.51154699999825,0.9990811999996367,90.19436159999896,[0.39166666666666666],[0.3990740740740741],[1],[0],[0],[3.676850399999239],,,,,,,,,,,,,,2411_1400_SB1_18,001,2023-11-24_14h50.01.373,3_End,2023.2.3,60.00146403551959,2023-11-24 14h50.11.614813 +0000,
8,2,keys,keyscn,./stims/CritBystanders/keys.jpeg,./stims/CritBystanders/keyscn.jpeg,SR,SR_3,,,,,,,,,0,7,7,7,,,,,90.21042730000045,,,,,,,,,90.19495470000038,0.9990581000020029,106.19416249999995,[],[],[],[],[],[],15.999119000000064,,,,,,,,,,,,,2411_1400_SB1_18,001,2023-11-24_14h50.01.373,3_End,2023.2.3,60.00146403551959,2023-11-24 14h50.11.614813 +0000,
9,3,scissors,scissorscn,./stims/CritBystanders/scissors.jpeg,./stims/CritBystanders/scissorscn.jpeg,RR,RR_6,,,,,,,,,0,8,8,8,,,,,106.21052570000029,,,,,,,,,106.19470459999866,0.9991928000017651,109.86102839999876,[0.39166666666666666],[0.43425925925925923],[1],[0],[0],[3.660235000003013],,,,,,,,,,,,,,2411_1400_SB1_18,001,2023-11-24_14h50.01.373,3_End,2023.2.3,60.00146403551959,2023-11-24 14h50.11.614813 +0000,
10,3,soccerball,soccerballcn,./stims/CritBystanders/soccerball.jpeg,./stims/CritBystanders/soccerballcn.jpeg,SR,SR_7,,,,,,,,,0,9,9,9,,,,,109.87724399999934,,,,,,,,,109.86162999999942,0.9991895999992266,113.02789019999909,[0.40555555555555556],[0.44351851851851853],[1],[0],[0],[3.1604149999984656],,,,,,,,,,,,,,2411_1400_SB1_18,001,2023-11-24_14h50.01.373,3_End,2023.2.3,60.00146403551959,2023-11-24 14h50.11.614813 +0000,
11,3,crate,cratecn,./stims/CritBystanders/crate.jpeg,./stims/CritBystanders/cratecn.jpeg,SS,SS_8,,,,,,,,,0,10,10,10,,,,,113.04392939999889,,,,,,,,,113.02846610000051,0.9990409000020009,120.0445776000015,[0.40555555555555556],[0.44351851851851853],[1],[0],[0],[7.010087300001032],,,,,,,,,,,,,,2411_1400_SB1_18,001,2023-11-24_14h50.01.373,3_End,2023.2.3,60.00146403551959,2023-11-24 14h50.11.614813 +0000,
12,3,walkman,walkmancn,./stims/CritBystanders/walkman.jpeg,./stims/CritBystanders/walkmancn.jpeg,RS,RS_2,,,,,,,,,0,11,11,11,,,,,120.06065410000156,,,,,,,,,120.04517639999904,0.9990155000014056,129.39461930000107,[0.40555555555555556],[0.44351851851851853],[1],[0],[0],[9.343968400000449],,,,,,,,,,,,,,2411_1400_SB1_18,001,2023-11-24_14h50.01.373,3_End,2023.2.3,60.00146403551959,2023-11-24 14h50.11.614813 +0000,
13,4,computer,computercn,./stims/CritBystanders/computer.jpeg,./stims/CritBystanders/computercn.jpeg,RR,RR_1,,,,,,,,,0,12,12,12,,,,,129.4107206000008,,,,,,,,,129.39514960000088,0.9991578999979538,133.44473930000095,[0.40555555555555556],[0.44351851851851853],[1],[0],[0],[4.044248400001379],,,,,,,,,,,,,,2411_1400_SB1_18,001,2023-11-24_14h50.01.373,3_End,2023.2.3,60.00146403551959,2023-11-24 14h50.11.614813 +0000,
14,4,cards,cardscn,./stims/CritBystanders/cards.jpeg,./stims/CritBystanders/cardscn.jpeg,RS,RS_1,,,,,,,,,0,13,13,13,,,,,133.46077220000006,,,,,,,,,133.44532700000127,1.0156991999974707,147.36151560000144,[0.40555555555555556],[0.44351851851851853],[1],[0],[0],[13.910333499999979],,,,,,,,,,,,,,2411_1400_SB1_18,001,2023-11-24_14h50.01.373,3_End,2023.2.3,60.00146403551959,2023-11-24 14h50.11.614813 +0000,
15,4,calculator,calculatorcn,./stims/CritBystanders/calculator.jpeg,./stims/CritBystanders/calculatorcn.jpeg,SS,SS_4,,,,,,,,,0,14,14,14,,,,,147.3775577000015,,,,,,,,,147.3620981999993,1.015692000000854,152.07827140000154,[0.40555555555555556],[0.44351851851851853],[1],[0],[0],[4.710122899999988],,,,,,,,,,,,,,2411_1400_SB1_18,001,2023-11-24_14h50.01.373,3_End,2023.2.3,60.00146403551959,2023-11-24 14h50.11.614813 +0000,
16,4,telephone,telephonecn,./stims/CritBystanders/telephone.jpeg,./stims/CritBystanders/telephonecn.jpeg,SR,SR_4,,,,,,,,,0,15,15,15,,,,,152.09425249999913,,,,,,,,,152.07887599999958,1.015592799998558,157.31153229999836,[0.40555555555555556],[0.44351851851851853],[1],[0],[0],[5.226678099999845],,,,,,,,,,,,,,2411_1400_SB1_18,001,2023-11-24_14h50.01.373,3_End,2023.2.3,60.00146403551959,2023-11-24 14h50.11.614813 +0000,
17,5,fan,fancn,./stims/CritBystanders/fan.jpeg,./stims/CritBystanders/fancn.jpeg,RR,RR_3,,,,,,,,,0,16,16,16,,,,,157.32756879999943,,,,,,,,,157.3121186999997,0.9990214000026754,173.31127610000112,[],[],[],[],[],[],15.999113000001671,,,,,,,,,,,,,2411_1400_SB1_18,001,2023-11-24_14h50.01.373,3_End,2023.2.3,60.00146403551959,2023-11-24 14h50.11.614813 +0000,
18,5,candle,candlecn,./stims/CritBystanders/candle.jpeg,./stims/CritBystanders/candlecn.jpeg,RS,RS_8,,,,,,,,,0,17,17,17,,,,,173.3277057999985,,,,,,,,,173.31177699999898,0.9991583000009996,179.02817460000006,[0.40555555555555556],[0.44351851851851853],[1],[0],[0],[5.710485100000369],,,,,,,,,,,,,,2411_1400_SB1_18,001,2023-11-24_14h50.01.373,3_End,2023.2.3,60.00146403551959,2023-11-24 14h50.11.614813 +0000,
19,5,bucket,bucketcn,./stims/CritBystanders/bucket.jpeg,./stims/CritBystanders/bucketcn.jpeg,SS,SS_3,,,,,,,,,0,18,18,18,,,,,179.04445860000124,,,,,,,,,179.0287626999998,0.9992156999978761,195.0281861000003,[],[],[],[],[],[],15.99936699999671,,,,,,,,,,,,,2411_1400_SB1_18,001,2023-11-24_14h50.01.373,3_End,2023.2.3,60.00146403551959,2023-11-24 14h50.11.614813 +0000,
20,5,peacock,peacockcn,./stims/CritBystanders/peacock.jpeg,./stims/CritBystanders/peacockcn.jpeg,SR,SR_5,,,,,,,,,0,19,19,19,,,,,195.04456120000032,,,,,,,,,195.02868619999936,0.9993069999982254,201.0118462999999,[0.40555555555555556],[0.44351851851851853],[1],[0],[0],[5.977086800001416],,,,,,,,,,,,,,2411_1400_SB1_18,001,2023-11-24_14h50.01.373,3_End,2023.2.3,60.00146403551959,2023-11-24 14h50.11.614813 +0000,
21,6,iron,ironcn,./stims/CritBystanders/iron.jpeg,./stims/CritBystanders/ironcn.jpeg,RR,RR_7,,,,,,,,,0,20,20,20,,,,,201.0279413999997,,,,,,,,,201.01242260000072,0.9990840999998909,204.44533629999933,[0.40555555555555556],[0.44351851851851853],[1],[0],[0],[3.42691609999747],,,,,,,,,,,,,,2411_1400_SB1_18,001,2023-11-24_14h50.01.373,3_End,2023.2.3,60.00146403551959,2023-11-24 14h50.11.614813 +0000,
22,6,chair,chaircn,./stims/CritBystanders/chair.jpeg,./stims/CritBystanders/chaircn.jpeg,SS,SS_6,,,,,,,,,0,21,21,21,,,,,204.46130529999937,,,,,,,,,204.44591669999863,1.0155769000011787,208.02853179999875,[0.40555555555555556],[0.44351851851851853],[1],[0],[0],[3.5771195999986958],,,,,,,,,,,,,,2411_1400_SB1_18,001,2023-11-24_14h50.01.373,3_End,2023.2.3,60.00146403551959,2023-11-24 14h50.11.614813 +0000,
23,6,umbrella,umbrellacn,./stims/CritBystanders/umbrella.jpeg,./stims/CritBystanders/umbrellacn.jpeg,RS,RS_4,,,,,,,,,0,22,22,22,,,,,208.04461739999897,,,,,,,,,208.02906240000084,0.9991334999976971,211.27838429999974,[0.40555555555555556],[0.44351851851851853],[1],[0],[0],[3.2434622000000672],,,,,,,,,,,,,,2411_1400_SB1_18,001,2023-11-24_14h50.01.373,3_End,2023.2.3,60.00146403551959,2023-11-24 14h50.11.614813 +0000,
24,6,books,bookscn,./stims/CritBystanders/books.jpeg,./stims/CritBystanders/bookscn.jpeg,SR,SR_2,,,,,,,,,0,23,23,23,,,,,211.2946559999982,,,,,,,,,211.27897590000066,0.9992706000011822,214.62871280000036,[0.40555555555555556],[0.44351851851851853],[1],[0],[0],[3.3443511000004946],,,,,,,,,,,,,,2411_1400_SB1_18,001,2023-11-24_14h50.01.373,3_End,2023.2.3,60.00146403551959,2023-11-24 14h50.11.614813 +0000,
25,7,backpack,backpackcn,./stims/CritBystanders/backpack.jpeg,./stims/CritBystanders/backpackcn.jpeg,SR,SR_8,,,,,,,,,0,24,24,24,,,,,214.6446775000004,,,,,,,,,214.6292914000005,1.015619500001776,216.9952101000017,[0.40555555555555556],[0.44351851851851853],[1],[0],[0],[2.359728300001734],,,,,,,,,,,,,,2411_1400_SB1_18,001,2023-11-24_14h50.01.373,3_End,2023.2.3,60.00146403551959,2023-11-24 14h50.11.614813 +0000,
26,7,guitar,guitarcn,./stims/CritBystanders/guitar.jpeg,./stims/CritBystanders/guitarcn.jpeg,RR,RR_4,,,,,,,,,0,25,25,25,,,,,217.0113702000017,,,,,,,,,216.9958282000007,0.9991243000004033,219.99525210000138,[0.40555555555555556],[0.44351851851851853],[1],[0],[0],[2.993355000002339],,,,,,,,,,,,,,2411_1400_SB1_18,001,2023-11-24_14h50.01.373,3_End,2023.2.3,60.00146403551959,2023-11-24 14h50.11.614813 +0000,
27,7,shoes,shoescn,./stims/CritBystanders/shoes.jpeg,./stims/CritBystanders/shoescn.jpeg,RS,RS_7,,,,,,,,,0,26,26,26,,,,,220.01138469999933,,,,,,,,,219.99582569999984,0.9991219000003184,235.99522480000087,[],[],[],[],[],[],15.999311200001102,,,,,,,,,,,,,2411_1400_SB1_18,001,2023-11-24_14h50.01.373,3_End,2023.2.3,60.00146403551959,2023-11-24 14h50.11.614813 +0000,
28,7,video,videocn,./stims/CritBystanders/video.jpeg,./stims/CritBystanders/videocn.jpeg,SS,SS_7,,,,,,,,,0,27,27,27,,,,,236.01151689999824,,,,,,,,,235.9957289999984,0.9992706000011822,239.59525700000086,[0.40555555555555556],[0.44351851851851853],[1],[0],[0],[3.593233899999177],,,,,,,,,,,,,,2411_1400_SB1_18,001,2023-11-24_14h50.01.373,3_End,2023.2.3,60.00146403551959,2023-11-24 14h50.11.614813 +0000,
29,8,coffeemug,coffeemugcn,./stims/CritBystanders/coffeemug.jpeg,./stims/CritBystanders/coffeemugcn.jpeg,RS,RS_3,,,,,,,,,0,28,28,28,,,,,239.61158480000086,,,,,,,,,239.59582750000118,0.9992663999983051,255.59527719999824,[],[],[],[],[],[],15.999374799997895,,,,,,,,,,,,,2411_1400_SB1_18,001,2023-11-24_14h50.01.373,3_End,2023.2.3,60.00146403551959,2023-11-24 14h50.11.614813 +0000,
30,8,stapler,staplercn,./stims/CritBystanders/stapler.jpeg,./stims/CritBystanders/staplercn.jpeg,SR,SR_1,,,,,,,,,0,29,29,29,,,,,255.61170520000087,,,,,,,,,255.59581339999932,0.9993857000008575,271.5953785999991,[],[],[],[],[],[],15.999489999998332,,,,,,,,,,,,,2411_1400_SB1_18,001,2023-11-24_14h50.01.373,3_End,2023.2.3,60.00146403551959,2023-11-24 14h50.11.614813 +0000,
31,8,wastebasket,wastebasketcn,./stims/CritBystanders/wastebasket.jpeg,./stims/CritBystanders/wastebasketcn.jpeg,SS,SS_5,,,,,,,,,0,30,30,30,,,,,271.61177849999876,,,,,,,,,271.5958623000006,0.9994597999975667,287.5954945000012,[],[],[],[],[],[],15.999601799998345,,,,,,,,,,,,,2411_1400_SB1_18,001,2023-11-24_14h50.01.373,3_End,2023.2.3,60.00146403551959,2023-11-24 14h50.11.614813 +0000,
32,8,watch,watchcn,./stims/CritBystanders/watch.jpeg,./stims/CritBystanders/watchcn.jpeg,RR,RR_8,,,,,,,,,0,31,31,31,,,,,287.6118955999991,,,,,,,,,287.5959920999994,0.9995912999984284,293.16254950000075,[0.40555555555555556],[0.44351851851851853],[1],[0],[0],[5.56076259999827],,,,,,,,,,,,,,2411_1400_SB1_18,001,2023-11-24_14h50.01.373,3_End,2023.2.3,60.00146403551959,2023-11-24 14h50.11.614813 +0000,
,,,,,,,,,,,,,,,,,,,,,,,,,,293.16300430000047,293.1785955999985,293.1785955999985,307.92923289999817,space,14.738065300000017,None,,,,,,,,,,,,,,,,,,,,,,,2411_1400_SB1_18,001,2023-11-24_14h50.01.373,3_End,2023.2.3,60.00146403551959,2023-11-24 14h50.11.614813 +0000,
,,,,,,,,1,1,pan,pancn,./stims/AcqBystanders/pan.jpeg,./stims/AcqBystanders/pancn.jpeg,SS,SS_2,,,,,0,0,0,0,307.96231980000084,,,,,,,,,,,,,,,,,,,307.93833000000086,0.9994995999986713,15.999637099997926,323.92909359999976,[],[],[],[],[],[],,,2411_1400_SB1_18,001,2023-11-24_14h50.01.373,3_End,2023.2.3,60.00146403551959,2023-11-24 14h50.11.614813 +0000,
,,,,,,,,2,1,lightbulb,lightbulbcn,./stims/AcqBystanders/lightbulb.jpeg,./stims/AcqBystanders/lightbulbcn.jpeg,SR,SR_3,,,,,0,1,1,1,324.04592950000006,,,,,,,,,,,,,,,,,,,323.92989699999816,0.9997160999992047,15.99975540000014,339.9292123999985,[],[],[],[],[],[],,,2411_1400_SB1_18,001,2023-11-24_14h50.01.373,3_End,2023.2.3,60.00146403551959,2023-11-24 14h50.11.614813 +0000,
,,,,,,,,3,1,shampoo,shampoocn,./stims/AcqBystanders/shampoo.jpeg,./stims/AcqBystanders/shampoocn.jpeg,RS,RS_4,,,,,0,2,2,2,339.9627686999993,,,,,,,,,,,,,,,,,,,339.9297069999993,0.9997521000004781,,344.51275969999915,[0.40370370370370373],[0.39814814814814814],[1],[0],[0],[4.562621900000522],,,2411_1400_SB1_18,001,2023-11-24_14h50.01.373,3_End,2023.2.3,60.00146403551959,2023-11-24 14h50.11.614813 +0000,
,,,,,,,,4,1,mandms,mandmscn,./stims/AcqBystanders/mandms.jpeg,./stims/AcqBystanders/mandmscn.jpeg,RR,RR_2,,,,,0,3,3,3,344.5289625000005,,,,,,,,,,,,,,,,,,,344.51334860000134,0.999197400000412,15.999355800002377,360.51273930000025,[],[],[],[],[],[],,,2411_1400_SB1_18,001,2023-11-24_14h50.01.373,3_End,2023.2.3,60.00146403551959,2023-11-24 14h50.11.614813 +0000,
,,,,,,,,5,1,sheet,sheetcn,./stims/AcqBystanders/sheet.jpeg,./stims/AcqBystanders/sheetcn.jpeg,RS,RS_3,,,,,0,4,4,4,360.529099899999,,,,,,,,,,,,,,,,,,,360.51323330000014,0.9993295000022044,,364.04620449999857,[0.40370370370370373],[0.39814814814814814],[1],[0],[0],[3.5260402000021713],,,2411_1400_SB1_18,001,2023-11-24_14h50.01.373,3_End,2023.2.3,60.00146403551959,2023-11-24 14h50.11.614813 +0000,
,,,,,,,,6,1,bottle,bottlecn,./stims/AcqBystanders/bottle.jpeg,./stims/AcqBystanders/bottlecn.jpeg,SS,SS_1,,,,,0,5,5,5,364.0624585000005,,,,,,,,,,,,,,,,,,,364.04676180000024,0.999246100000164,15.999321300001611,380.046173499999,[],[],[],[],[],[],,,2411_1400_SB1_18,001,2023-11-24_14h50.01.373,3_End,2023.2.3,60.00146403551959,2023-11-24 14h50.11.614813 +0000,
,,,,,,,,7,1,trunk,trunkcn,./stims/AcqBystanders/trunk.jpeg,./stims/AcqBystanders/trunkcn.jpeg,SR,SR_1,,,,,0,6,6,6,380.0625843000016,,,,,,,,,,,,,,,,,,,380.0467368999998,0.9994000000006054,15.999490400001378,396.0463654999985,[],[],[],[],[],[],,,2411_1400_SB1_18,001,2023-11-24_14h50.01.373,3_End,2023.2.3,60.00146403551959,2023-11-24 14h50.11.614813 +0000,
,,,,,,,,8,1,can,cancn,./stims/AcqBystanders/can.jpeg,./stims/AcqBystanders/cancn.jpeg,RR,RR_3,,,,,0,7,7,7,396.0627128999986,,,,,,,,,,,,,,,,,,,396.046854799999,0.9995095000012952,15.999606500001391,412.04650590000165,[],[],[],[],[],[],,,2411_1400_SB1_18,001,2023-11-24_14h50.01.373,3_End,2023.2.3,60.00146403551959,2023-11-24 14h50.11.614813 +0000,
,,,,,,,,9,1,towel,towelcn,./stims/AcqBystanders/towel.jpeg,./stims/AcqBystanders/towelcn.jpeg,RS,RS_1,,,,,0,8,8,8,412.06278830000156,,,,,,,,,,,,,,,,,,,412.046992399999,0.9996389000007184,15.999727800000983,428.04658220000056,[],[],[],[],[],[],,,2411_1400_SB1_18,001,2023-11-24_14h50.01.373,3_End,2023.2.3,60.00146403551959,2023-11-24 14h50.11.614813 +0000,
,,,,,,,,10,1,fireextinguisher,fireextinguishercn,./stims/AcqBystanders/fireextinguisher.jpeg,./stims/AcqBystanders/fireextinguishercn.jpeg,RR,RR_1,,,,,0,9,9,9,428.0629673000003,,,,,,,,,,,,,,,,,,,428.04709450000155,0.9997359000008146,15.999841799999558,444.0466403999999,[],[],[],[],[],[],,,2411_1400_SB1_18,001,2023-11-24_14h50.01.373,3_End,2023.2.3,60.00146403551959,2023-11-24 14h50.11.614813 +0000,
,,,,,,,,11,1,passport,passportcn,./stims/AcqBystanders/passport.jpeg,./stims/AcqBystanders/passportcn.jpeg,SS,SS_3,,,,,0,10,10,10,444.0630921000011,,,,,,,,,,,,,,,,,,,444.04712089999884,0.9998737999994773,,450.8970972999996,[0.43148148148148147],[0.4083333333333333],[1],[0],[0],[6.84248210000078],,,2411_1400_SB1_18,001,2023-11-24_14h50.01.373,3_End,2023.2.3,60.00146403551959,2023-11-24 14h50.11.614813 +0000,
,,,,,,,,12,1,headphones,headphonescn,./stims/AcqBystanders/headphones.jpeg,./stims/AcqBystanders/headphonescn.jpeg,SR,SR_2,,,,,0,11,11,11,450.9131281000009,,,,,,,,,,,,,,,,,,,450.89766750000126,1.0156600999980583,,454.2470366999987,[0.43148148148148147],[0.4083333333333333],[1],[0],[0],[3.3432661999977427],,,2411_1400_SB1_18,001,2023-11-24_14h50.01.373,3_End,2023.2.3,60.00146403551959,2023-11-24 14h50.11.614813 +0000,
,,,,,,,,13,1,perfume,perfumecn,./stims/AcqBystanders/perfume.jpeg,./stims/AcqBystanders/perfumecn.jpeg,SR,SR_4,,,,,0,12,12,12,454.26310640000156,,,,,,,,,,,,,,,,,,,454.24762479999845,0.9990603999976884,,457.9137195000003,[0.43148148148148147],[0.4083333333333333],[1],[0],[0],[3.6598417999994126],,,2411_1400_SB1_18,001,2023-11-24_14h50.01.373,3_End,2023.2.3,60.00146403551959,2023-11-24 14h50.11.614813 +0000,
,,,,,,,,14,1,cup,cupcn,./stims/AcqBystanders/cup.jpeg,./stims/AcqBystanders/cupcn.jpeg,RS,RS_2,,,,,0,13,13,13,458.01361030000044,,,,,,,,,,,,,,,,,,,457.9143015000009,0.9990695000014966,,461.3637501000012,[0.43148148148148147],[0.4083333333333333],[1],[0],[0],[3.357424199999514],,,2411_1400_SB1_18,001,2023-11-24_14h50.01.373,3_End,2023.2.3,60.00146403551959,2023-11-24 14h50.11.614813 +0000,
,,,,,,,,,,,,,,,,,,,,,,,,,,,,,,,,,,,,,,,,,,,,,,,,,,,,,461.36419060000117,461.3798519999982,,,,,,,,
