﻿order_ext,blk_ext,bystander_ext,test_item_ext,bystander_loc_ext,test_item_loc_ext,trial_type_ext,itemNo_ext,order_cond_acq,blk_cond_acq,bystander_cond_acq,test_item_cond_acq,bystander_loc_cond_acq,test_item_loc_cond_acq,trial_type_cond_acq,itemNo_cond_acq,trials.thisRepN,trials.thisTrialN,trials.thisN,trials.thisIndex,trials_2.thisRepN,trials_2.thisTrialN,trials_2.thisN,trials_2.thisIndex,thisRow.t,notes,INSTRUCTION.started,instruct1.started,ok1.started,INSTRUCTION.stopped,ok1.keys,ok1.rt,ok1.duration,END_EXT.started,mouse_ext.started,END_EXT.stopped,mouse_ext.x,mouse_ext.y,mouse_ext.leftButton,mouse_ext.midButton,mouse_ext.rightButton,mouse_ext.time,mouse_ext.stopped,END_ACQ.started,mouse_cond.started,END_ACQ.stopped,mouse_cond.x,mouse_cond.y,mouse_cond.leftButton,mouse_cond.midButton,mouse_cond.rightButton,mouse_cond.time,mouse_cond.stopped,thanks.started,thanksMsg.started,participant,session,date,expName,psychopyVersion,frameRate,expStart,
,,,,,,,,,,,,,,,,,,,,,,,,,,0.007117099999959464,0.023722599999018712,0.023722599999018712,2.3741960000006657,space,2.339821399998982,None,,,,,,,,,,,,,,,,,,,,,,,2511_1300_SB3_21,001,2023-11-25_14h01.23.700,3_End,2023.2.3,60.019938623242325,2023-11-25 14h01.41.206295 +0000,
1,1,walkman,walkmancn,./stims/CritBystanders/cap.jpeg,./stims/CritBystanders/walkmancn.jpeg,SS,SS_2,,,,,,,,,0,0,0,0,,,,,2.423667999999452,,,,,,,,,2.3875762000006944,0.999505699999645,7.707723699999406,[0.1037037037037037],[0.4527777777777778],[1],[0],[0],[5.293730299999879],,,,,,,,,,,,,,2511_1300_SB3_21,001,2023-11-25_14h01.23.700,3_End,2023.2.3,60.019938623242325,2023-11-25 14h01.41.206295 +0000,
2,1,scissors,scissorscn,./stims/CritBystanders/chessboard.jpeg,./stims/CritBystanders/scissorscn.jpeg,SR,SR_6,,,,,,,,,0,1,1,1,,,,,7.740421099999367,,,,,,,,,7.7086779000001115,1.015283000000636,22.924509799999214,[-0.025],[0.3509259259259259],[1],[0],[0],[15.194421399999555],,,,,,,,,,,,,,2511_1300_SB3_21,001,2023-11-25_14h01.23.700,3_End,2023.2.3,60.019938623242325,2023-11-25 14h01.41.206295 +0000,
3,1,chair,chaircn,./stims/CritBystanders/wallet.jpeg,./stims/CritBystanders/chaircn.jpeg,RS,RS_6,,,,,,,,,0,2,2,2,,,,,22.957166199999847,,,,,,,,,22.925081800000044,1.0156448999987333,27.42445190000035,[-0.025],[0.3509259259259259],[1],[0],[0],[4.4863457000010385],,,,,,,,,,,,,,2511_1300_SB3_21,001,2023-11-25_14h01.23.700,3_End,2023.2.3,60.019938623242325,2023-11-25 14h01.41.206295 +0000,
4,1,peacock,peacockcn,./stims/CritBystanders/clipboard.jpeg,./stims/CritBystanders/peacockcn.jpeg,RR,RR_5,,,,,,,,,0,3,3,3,,,,,27.457245100000364,,,,,,,,,27.424970800000665,0.9990829999987909,30.324515500000416,[-0.025],[0.3509259259259259],[1],[0],[0],[2.886588200000915],,,,,,,,,,,,,,2511_1300_SB3_21,001,2023-11-25_14h01.23.700,3_End,2023.2.3,60.019938623242325,2023-11-25 14h01.41.206295 +0000,
5,2,wastebasket,wastebasketcn,./stims/CritBystanders/comb.jpeg,./stims/CritBystanders/wastebasketcn.jpeg,RS,RS_5,,,,,,,,,0,4,4,4,,,,,30.357237899999745,,,,,,,,,30.325091700000485,0.9990618000010727,33.407906399999774,[-0.025],[0.3509259259259259],[1],[0],[0],[3.0697503999999753],,,,,,,,,,,,,,2511_1300_SB3_21,001,2023-11-25_14h01.23.700,3_End,2023.2.3,60.019938623242325,2023-11-25 14h01.41.206295 +0000,
6,2,card,cardcn,./stims/CritBystanders/electriccord.jpeg,./stims/CritBystanders/cardscn.jpeg,SS,SS_1,,,,,,,,,0,5,5,5,,,,,33.440583399999014,,,,,,,,,33.40847389999908,0.9990500999992946,40.341243799999575,[-0.025],[0.3509259259259259],[1],[0],[0],[6.91979419999916],,,,,,,,,,,,,,2511_1300_SB3_21,001,2023-11-25_14h01.23.700,3_End,2023.2.3,60.019938623242325,2023-11-25 14h01.41.206295 +0000,
7,2,books,bookscn,./stims/CritBystanders/toiletpaper.jpeg,./stims/CritBystanders/bookscn.jpeg,RR,RR_2,,,,,,,,,0,6,6,6,,,,,40.37395549999928,,,,,,,,,40.34181349999926,0.999028800000815,48.408069299999624,[-0.025],[0.3509259259259259],[1],[0],[0],[8.053904099999272],,,,,,,,,,,,,,2511_1300_SB3_21,001,2023-11-25_14h01.23.700,3_End,2023.2.3,60.019938623242325,2023-11-25 14h01.41.206295 +0000,
8,2,fan,fancn,./stims/CritBystanders/keys.jpeg,./stims/CritBystanders/fancn.jpeg,SR,SR_3,,,,,,,,,0,7,7,7,,,,,48.44074630000068,,,,,,,,,48.40864420000071,1.0156258000006346,51.52466319999985,[-0.025],[0.3509259259259259],[1],[0],[0],[3.102106799999092],,,,,,,,,,,,,,2511_1300_SB3_21,001,2023-11-25_14h01.23.700,3_End,2023.2.3,60.019938623242325,2023-11-25 14h01.41.206295 +0000,
9,3,chessboard,chessboardcn,./stims/CritBystanders/scissors.jpeg,./stims/CritBystanders/chessboardcn.jpeg,RR,RR_6,,,,,,,,,0,8,8,8,,,,,51.55743249999978,,,,,,,,,51.5252318999992,0.9990729999990435,54.4913519999991,[-0.025],[0.3509259259259259],[1],[0],[0],[2.9533625000003667],,,,,,,,,,,,,,2511_1300_SB3_21,001,2023-11-25_14h01.23.700,3_End,2023.2.3,60.019938623242325,2023-11-25 14h01.41.206295 +0000,
10,3,iron,ironcn,./stims/CritBystanders/soccerball.jpeg,./stims/CritBystanders/ironcn.jpeg,SR,SR_7,,,,,,,,,0,9,9,9,,,,,54.52411030000076,,,,,,,,,54.49191579999933,0.9990555000003951,57.758072900000116,[-0.025],[0.3509259259259259],[1],[0],[0],[3.252520399999412],,,,,,,,,,,,,,2511_1300_SB3_21,001,2023-11-25_14h01.23.700,3_End,2023.2.3,60.019938623242325,2023-11-25 14h01.41.206295 +0000,
11,3,candle,candlecn,./stims/CritBystanders/crate.jpeg,./stims/CritBystanders/candlecn.jpeg,SS,SS_8,,,,,,,,,0,10,10,10,,,,,57.79076680000071,,,,,,,,,57.75864340000044,0.9990155000014056,60.708051600000545,[-0.025],[0.3509259259259259],[1],[0],[0],[2.9366298999993887],,,,,,,,,,,,,,2511_1300_SB3_21,001,2023-11-25_14h01.23.700,3_End,2023.2.3,60.019938623242325,2023-11-25 14h01.41.206295 +0000,
12,3,cap,capcn,./stims/CritBystanders/walkman.jpeg,./stims/CritBystanders/capcn.jpeg,RS,RS_2,,,,,,,,,0,11,11,11,,,,,60.740812500000175,,,,,,,,,60.70859820000078,0.9991403000003629,72.59144100000049,[-0.025],[0.3509259259259259],[1],[0],[0],[11.870506499999465],,,,,,,,,,,,,,2511_1300_SB3_21,001,2023-11-25_14h01.23.700,3_End,2023.2.3,60.019938623242325,2023-11-25 14h01.41.206295 +0000,
13,4,stapler,staplercn,./stims/CritBystanders/computer.jpeg,./stims/CritBystanders/staplercn.jpeg,RR,RR_1,,,,,,,,,0,12,12,12,,,,,72.62427860000025,,,,,,,,,72.5920002999992,0.9991945999991003,88.59131650000018,[],[],[],[],[],[],15.99931369999831,,,,,,,,,,,,,2511_1300_SB3_21,001,2023-11-25_14h01.23.700,3_End,2023.2.3,60.019938623242325,2023-11-25 14h01.41.206295 +0000,
14,4,electriccord,electriccordcn,./stims/CritBystanders/cards.jpeg,./stims/CritBystanders/electriccordcn.jpeg,RS,RS_1,,,,,,,,,0,13,13,13,,,,,88.62441039999976,,,,,,,,,88.5918328000007,0.9993058999989444,95.6085794999999,[-0.025],[0.3509259259259259],[1],[0],[0],[7.000542199999472],,,,,,,,,,,,,,2511_1300_SB3_21,001,2023-11-25_14h01.23.700,3_End,2023.2.3,60.019938623242325,2023-11-25 14h01.41.206295 +0000,
15,4,umbrella,umbrellacn,./stims/CritBystanders/calculator.jpeg,./stims/CritBystanders/umbrellacn.jpeg,SS,SS_4,,,,,,,,,0,14,14,14,,,,,95.64111790000061,,,,,,,,,95.60914910000065,1.0154860999991797,108.60843879999993,[-0.025],[0.3509259259259259],[1],[0],[0],[12.982793699999092],,,,,,,,,,,,,,2511_1300_SB3_21,001,2023-11-25_14h01.23.700,3_End,2023.2.3,60.019938623242325,2023-11-25 14h01.41.206295 +0000,
16,4,guitar,guitarcn,./stims/CritBystanders/telephone.jpeg,./stims/CritBystanders/guitarcn.jpeg,SR,SR_4,,,,,,,,,0,15,15,15,,,,,108.64122529999986,,,,,,,,,108.60895600000003,0.9991098000009515,111.841993,[-0.025],[0.3509259259259259],[1],[0],[0],[3.221128499999395],,,,,,,,,,,,,,2511_1300_SB3_21,001,2023-11-25_14h01.23.700,3_End,2023.2.3,60.019938623242325,2023-11-25 14h01.41.206295 +0000,
17,5,keys,keyscn,./stims/CritBystanders/fan.jpeg,./stims/CritBystanders/keyscn.jpeg,RR,RR_3,,,,,,,,,0,16,16,16,,,,,111.87454880000041,,,,,,,,,111.84256710000045,1.015600999999151,116.05873900000006,[-0.025],[0.3509259259259259],[1],[0],[0],[4.20297759999994],,,,,,,,,,,,,,2511_1300_SB3_21,001,2023-11-25_14h01.23.700,3_End,2023.2.3,60.019938623242325,2023-11-25 14h01.41.206295 +0000,
18,5,crate,cratecn,./stims/CritBystanders/candle.jpeg,./stims/CritBystanders/cratecn.jpeg,RS,RS_8,,,,,,,,,0,17,17,17,,,,,116.09125339999991,,,,,,,,,116.05927920000067,1.0156352000012703,123.44194939999943,[-0.025],[0.3509259259259259],[1],[0],[0],[7.369267899999613],,,,,,,,,,,,,,2511_1300_SB3_21,001,2023-11-25_14h01.23.700,3_End,2023.2.3,60.019938623242325,2023-11-25 14h01.41.206295 +0000,
19,5,coffeemug,coffeemugcn,./stims/CritBystanders/bucket.jpeg,./stims/CritBystanders/coffeemugcn.jpeg,SS,SS_3,,,,,,,,,0,18,18,18,,,,,123.4746398999996,,,,,,,,,123.44252159999996,0.9990240999995876,139.29185920000054,[-0.025],[0.3509259259259259],[1],[0],[0],[15.836475899999641],,,,,,,,,,,,,,2511_1300_SB3_21,001,2023-11-25_14h01.23.700,3_End,2023.2.3,60.019938623242325,2023-11-25 14h01.41.206295 +0000,
20,5,clipboard,clipboardcn,./stims/CritBystanders/peacock.jpeg,./stims/CritBystanders/clipboardcn.jpeg,SR,SR_5,,,,,,,,,0,19,19,19,,,,,139.32477499999914,,,,,,,,,139.2924151999996,0.9992627999999968,155.2919034000006,[],[],[],[],[],[],15.999388199999885,,,,,,,,,,,,,2511_1300_SB3_21,001,2023-11-25_14h01.23.700,3_End,2023.2.3,60.019938623242325,2023-11-25 14h01.41.206295 +0000,
21,6,soccerball,soccerballcn,./stims/CritBystanders/iron.jpeg,./stims/CritBystanders/soccerballcn.jpeg,RR,RR_7,,,,,,,,,0,20,20,20,,,,,155.32492660000025,,,,,,,,,155.29238520000035,0.9993748999986565,171.29201450000073,[],[],[],[],[],[],15.999508399998376,,,,,,,,,,,,,2511_1300_SB3_21,001,2023-11-25_14h01.23.700,3_End,2023.2.3,60.019938623242325,2023-11-25 14h01.41.206295 +0000,
22,6,wallet,walletcn,./stims/CritBystanders/chair.jpeg,./stims/CritBystanders/walletcn.jpeg,SS,SS_6,,,,,,,,,0,21,21,21,,,,,171.325105599999,,,,,,,,,171.2924996999991,0.9995487999985926,175.74209150000024,[-0.025],[0.3509259259259259],[1],[0],[0],[4.436461400000553],,,,,,,,,,,,,,2511_1300_SB3_21,001,2023-11-25_14h01.23.700,3_End,2023.2.3,60.019938623242325,2023-11-25 14h01.41.206295 +0000,
23,6,calculator,calculatorcn,./stims/CritBystanders/umbrella.jpeg,./stims/CritBystanders/calculatorcn.jpeg,RS,RS_4,,,,,,,,,0,22,22,22,,,,,175.7750957999997,,,,,,,,,175.7426517999993,0.9993204999991576,182.5093495000001,[-0.025],[0.3509259259259259],[1],[0],[0],[6.753946500000893],,,,,,,,,,,,,,2511_1300_SB3_21,001,2023-11-25_14h01.23.700,3_End,2023.2.3,60.019938623242325,2023-11-25 14h01.41.206295 +0000,
24,6,toiletpaper,toiletpapercn,./stims/CritBystanders/books.jpeg,./stims/CritBystanders/toiletpapercn.jpeg,SR,SR_2,,,,,,,,,0,23,23,23,,,,,182.54183879999982,,,,,,,,,182.51007539999955,1.0153596000000107,186.1259071000004,[-0.025],[0.3509259259259259],[1],[0],[0],[3.603091700000732],,,,,,,,,,,,,,2511_1300_SB3_21,001,2023-11-25_14h01.23.700,3_End,2023.2.3,60.019938623242325,2023-11-25 14h01.41.206295 +0000,
25,7,watch,watchcn,./stims/CritBystanders/backpack.jpeg,./stims/CritBystanders/watchcn.jpeg,SR,SR_8,,,,,,,,,0,24,24,24,,,,,186.15851199999997,,,,,,,,,186.12648009999975,1.0156029000008857,189.90896620000058,[-0.025],[0.3509259259259259],[1],[0],[0],[3.769740099998671],,,,,,,,,,,,,,2511_1300_SB3_21,001,2023-11-25_14h01.23.700,3_End,2023.2.3,60.019938623242325,2023-11-25 14h01.41.206295 +0000,
26,7,telephone,telephonecn,./stims/CritBystanders/guitar.jpeg,./stims/CritBystanders/telephonecn.jpeg,RR,RR_4,,,,,,,,,0,25,25,25,,,,,189.94188360000044,,,,,,,,,189.9095469999993,0.9992769000000408,194.04252439999982,[-0.025],[0.3509259259259259],[1],[0],[0],[4.120114600000306],,,,,,,,,,,,,,2511_1300_SB3_21,001,2023-11-25_14h01.23.700,3_End,2023.2.3,60.019938623242325,2023-11-25 14h01.41.206295 +0000,
27,7,video,videocn,./stims/CritBystanders/shoes.jpeg,./stims/CritBystanders/videocn.jpeg,RS,RS_7,,,,,,,,,0,26,26,26,,,,,194.0752690999998,,,,,,,,,194.04309699999976,0.9990545000000566,197.05927809999957,[-0.025],[0.3509259259259259],[1],[0],[0],[3.003010099999301],,,,,,,,,,,,,,2511_1300_SB3_21,001,2023-11-25_14h01.23.700,3_End,2023.2.3,60.019938623242325,2023-11-25 14h01.41.206295 +0000,
28,7,shoes,shoescn,./stims/CritBystanders/video.jpeg,./stims/CritBystanders/shoescn.jpeg,SS,SS_7,,,,,,,,,0,27,27,27,,,,,197.09194170000046,,,,,,,,,197.05979210000078,0.9990122999988671,200.17589279999993,[-0.025],[0.3509259259259259],[1],[0],[0],[3.103613299999779],,,,,,,,,,,,,,2511_1300_SB3_21,001,2023-11-25_14h01.23.700,3_End,2023.2.3,60.019938623242325,2023-11-25 14h01.41.206295 +0000,
29,8,bucket,bucketcn,./stims/CritBystanders/coffeemug.jpeg,./stims/CritBystanders/bucketcn.jpeg,RS,RS_3,,,,,,,,,0,28,28,28,,,,,200.20865550000053,,,,,,,,,200.17645529999936,0.999098899999808,208.77594359999966,[-0.025],[0.3509259259259259],[1],[0],[0],[8.587048800000048],,,,,,,,,,,,,,2511_1300_SB3_21,001,2023-11-25_14h01.23.700,3_End,2023.2.3,60.019938623242325,2023-11-25 14h01.41.206295 +0000,
30,8,computer,computercn,./stims/CritBystanders/stapler.jpeg,./stims/CritBystanders/computercn.jpeg,SR,SR_1,,,,,,,,,0,29,29,29,,,,,208.808721899999,,,,,,,,,208.77648640000007,0.9992304000006698,224.77578089999952,[],[],[],[],[],[],15.999237399999402,,,,,,,,,,,,,2511_1300_SB3_21,001,2023-11-25_14h01.23.700,3_End,2023.2.3,60.019938623242325,2023-11-25 14h01.41.206295 +0000,
31,8,comb,combcn,./stims/CritBystanders/wastebasket.jpeg,./stims/CritBystanders/combcn.jpeg,SS,SS_5,,,,,,,,,0,30,30,30,,,,,224.80887749999965,,,,,,,,,224.7762688999992,0.9992593000006309,238.29291340000054,[-0.025],[0.3509259259259259],[1],[0],[0],[13.500034299999243],,,,,,,,,,,,,,2511_1300_SB3_21,001,2023-11-25_14h01.23.700,3_End,2023.2.3,60.019938623242325,2023-11-25 14h01.41.206295 +0000,
32,8,backpack,backpackcn,./stims/CritBystanders/watch.jpeg,./stims/CritBystanders/backpackcn.jpeg,RR,RR_8,,,,,,,,,0,31,31,31,,,,,238.32561200000055,,,,,,,,,238.29347269999926,0.9990653000004386,252.22643289999905,[-0.025],[0.3509259259259259],[1],[0],[0],[13.919611000001169],,,,,,,,,,,,,,2511_1300_SB3_21,001,2023-11-25_14h01.23.700,3_End,2023.2.3,60.019938623242325,2023-11-25 14h01.41.206295 +0000,
,,,,,,,,,,,,,,,,,,,,,,,,,,252.22686049999902,252.2423877000001,252.2423877000001,260.3430523999996,space,8.097785699999804,None,,,,,,,,,,,,,,,,,,,,,,,2511_1300_SB3_21,001,2023-11-25_14h01.23.700,3_End,2023.2.3,60.019938623242325,2023-11-25 14h01.41.206295 +0000,
,,,,,,,,1,1,pan,pancn,./stims/AcqBystanders/pan.jpeg,./stims/AcqBystanders/pancn.jpeg,SS,SS_2,,,,,0,0,0,0,260.39275540000017,,,,,,,,,,,,,,,,,,,260.3518339000002,0.9994389999992563,274.79296539999996,[-0.025],[0.3509259259259259],[1],[0],[0],[14.415987200000018],,,,2511_1300_SB3_21,001,2023-11-25_14h01.23.700,3_End,2023.2.3,60.019938623242325,2023-11-25 14h01.41.206295 +0000,
,,,,,,,,2,1,lightbulb,lightbulbcn,./stims/AcqBystanders/lightbulb.jpeg,./stims/AcqBystanders/lightbulbcn.jpeg,SR,SR_3,,,,,0,1,1,1,274.9097454999992,,,,,,,,,,,,,,,,,,,274.7938445,0.9991052000004856,290.79307060000065,[],[],[],[],[],[],15.999142200000279,,,2511_1300_SB3_21,001,2023-11-25_14h01.23.700,3_End,2023.2.3,60.019938623242325,2023-11-25 14h01.41.206295 +0000,
,,,,,,,,3,1,shampoo,shampoocn,./stims/AcqBystanders/shampoo.jpeg,./stims/AcqBystanders/shampoocn.jpeg,RS,RS_4,,,,,0,2,2,2,290.84326770000007,,,,,,,,,,,,,,,,,,,290.7935472999998,0.9991628999996465,306.2434231999996,[-0.025],[0.3509259259259259],[1],[0],[0],[15.422046099998624],,,,2511_1300_SB3_21,001,2023-11-25_14h01.23.700,3_End,2023.2.3,60.019938623242325,2023-11-25 14h01.41.206295 +0000,
,,,,,,,,4,1,mandms,mandmscn,./stims/AcqBystanders/mandms.jpeg,./stims/AcqBystanders/mandmscn.jpeg,RR,RR_2,,,,,0,3,3,3,306.27620600000046,,,,,,,,,,,,,,,,,,,306.2439577999994,0.9991281000002346,312.3102041000002,[-0.025],[0.3509259259259259],[1],[0],[0],[6.049636900001133],,,,2511_1300_SB3_21,001,2023-11-25_14h01.23.700,3_End,2023.2.3,60.019938623242325,2023-11-25 14h01.41.206295 +0000,
,,,,,,,,5,1,sheet,sheetcn,./stims/AcqBystanders/sheet.jpeg,./stims/AcqBystanders/sheetcn.jpeg,RS,RS_3,,,,,0,4,4,4,312.34290560000045,,,,,,,,,,,,,,,,,,,312.31077039999946,0.999092500000188,315.7435220999996,[-0.025],[0.3509259259259259],[1],[0],[0],[3.418503499999133],,,,2511_1300_SB3_21,001,2023-11-25_14h01.23.700,3_End,2023.2.3,60.019938623242325,2023-11-25 14h01.41.206295 +0000,
,,,,,,,,6,1,bottle,bottlecn,./stims/AcqBystanders/bottle.jpeg,./stims/AcqBystanders/bottlecn.jpeg,SS,SS_1,,,,,0,5,5,5,315.7762755999993,,,,,,,,,,,,,,,,,,,315.7440628000004,0.9990864999999758,330.3769713999991,[-0.025],[0.3509259259259259],[1],[0],[0],[14.615745600000082],,,,2511_1300_SB3_21,001,2023-11-25_14h01.23.700,3_End,2023.2.3,60.019938623242325,2023-11-25 14h01.41.206295 +0000,
,,,,,,,,7,1,trunk,trunkcn,./stims/AcqBystanders/trunk.jpeg,./stims/AcqBystanders/trunkcn.jpeg,SR,SR_1,,,,,0,6,6,6,330.4097450999998,,,,,,,,,,,,,,,,,,,330.37752419999924,0.99910330000057,346.37679600000047,[],[],[],[],[],[],15.999257999999827,,,2511_1300_SB3_21,001,2023-11-25_14h01.23.700,3_End,2023.2.3,60.019938623242325,2023-11-25 14h01.41.206295 +0000,
,,,,,,,,8,1,can,cancn,./stims/AcqBystanders/can.jpeg,./stims/AcqBystanders/cancn.jpeg,RR,RR_3,,,,,0,7,7,7,346.409881399999,,,,,,,,,,,,,,,,,,,346.3773387000001,0.9992698000005475,356.31062310000016,[-0.025],[0.3509259259259259],[1],[0],[0],[9.916563000000679],,,,2511_1300_SB3_21,001,2023-11-25_14h01.23.700,3_End,2023.2.3,60.019938623242325,2023-11-25 14h01.41.206295 +0000,
,,,,,,,,9,1,towel,towelcn,./stims/AcqBystanders/towel.jpeg,./stims/AcqBystanders/towelcn.jpeg,RS,RS_1,,,,,0,8,8,8,356.34329049999906,,,,,,,,,,,,,,,,,,,356.31119949999993,1.0156591000013577,366.7775593999995,[-0.025],[0.3509259259259259],[1],[0],[0],[10.45478919999914],,,,2511_1300_SB3_21,001,2023-11-25_14h01.23.700,3_End,2023.2.3,60.019938623242325,2023-11-25 14h01.41.206295 +0000,
,,,,,,,,10,1,fireextinguisher,fireextinguishercn,./stims/AcqBystanders/fireextinguisher.jpeg,./stims/AcqBystanders/fireextinguishercn.jpeg,RR,RR_1,,,,,0,9,9,9,366.8100854000004,,,,,,,,,,,,,,,,,,,366.77819269999964,1.0154727999997704,377.1108882999997,[0.04722222222222222],[0.4537037037037037],[1],[0],[0],[10.31898590000128],,,,2511_1300_SB3_21,001,2023-11-25_14h01.23.700,3_End,2023.2.3,60.019938623242325,2023-11-25 14h01.41.206295 +0000,
,,,,,,,,11,1,passport,passportcn,./stims/AcqBystanders/passport.jpeg,./stims/AcqBystanders/passportcn.jpeg,SS,SS_3,,,,,0,10,10,10,377.143506299999,,,,,,,,,,,,,,,,,,,377.11145960000067,1.01557959999991,393.127054999999,[],[],[],[],[],[],,,,2511_1300_SB3_21,001,2023-11-25_14h01.23.700,3_End,2023.2.3,60.019938623242325,2023-11-25 14h01.41.206295 +0000,
,,,,,,,,12,1,headphones,headphonescn,./stims/AcqBystanders/headphones.jpeg,./stims/AcqBystanders/headphonescn.jpeg,SR,SR_2,,,,,0,11,11,11,393.1602765000007,,,,,,,,,,,,,,,,,,,393.12770739999905,0.9991121999992174,400.11064310000074,[0.04722222222222222],[0.4537037037037037],[1],[0],[0],[6.971330599999419],,,,2511_1300_SB3_21,001,2023-11-25_14h01.23.700,3_End,2023.2.3,60.019938623242325,2023-11-25 14h01.41.206295 +0000,
,,,,,,,,13,1,perfume,perfumecn,./stims/AcqBystanders/perfume.jpeg,./stims/AcqBystanders/perfumecn.jpeg,SR,SR_4,,,,,0,12,12,12,400.14362769999934,,,,,,,,,,,,,,,,,,,400.1111686000004,0.9993600999987393,415.2777568999991,[0.04722222222222222],[0.4537037037037037],[1],[0],[0],[15.153537100000904],,,,2511_1300_SB3_21,001,2023-11-25_14h01.23.700,3_End,2023.2.3,60.019938623242325,2023-11-25 14h01.41.206295 +0000,
,,,,,,,,14,1,cup,cupcn,./stims/AcqBystanders/cup.jpeg,./stims/AcqBystanders/cupcn.jpeg,RS,RS_2,,,,,0,13,13,13,415.3942229000004,,,,,,,,,,,,,,,,,,,415.278499,0.9990116000008129,419.7943826999999,[0.04722222222222222],[0.4537037037037037],[1],[0],[0],[4.416552200000297],,,,2511_1300_SB3_21,001,2023-11-25_14h01.23.700,3_End,2023.2.3,60.019938623242325,2023-11-25 14h01.41.206295 +0000,
,,,,,,,,,,,,,,,,,,,,,,,,,,,,,,,,,,,,,,,,,,,,,,,,,,,,,419.79484090000005,419.81050979999964,,,,,,,,
