﻿order_ext,blk_ext,bystander_ext,test_item_ext,bystander_loc_ext,test_item_loc_ext,trial_type_ext,itemNo_ext,order_cond_acq,blk_cond_acq,bystander_cond_acq,test_item_cond_acq,bystander_loc_cond_acq,test_item_loc_cond_acq,trial_type_cond_acq,itemNo_cond_acq,trials.thisRepN,trials.thisTrialN,trials.thisN,trials.thisIndex,trials_2.thisRepN,trials_2.thisTrialN,trials_2.thisN,trials_2.thisIndex,thisRow.t,notes,INSTRUCTION.started,instruct1.started,ok1.started,INSTRUCTION.stopped,ok1.keys,ok1.rt,ok1.duration,END_EXT.started,mouse_ext.started,END_EXT.stopped,mouse_ext.x,mouse_ext.y,mouse_ext.leftButton,mouse_ext.midButton,mouse_ext.rightButton,mouse_ext.time,END_ACQ.started,mouse_cond.started,END_ACQ.stopped,mouse_cond.x,mouse_cond.y,mouse_cond.leftButton,mouse_cond.midButton,mouse_cond.rightButton,mouse_cond.time,mouse_cond.stopped,thanks.started,thanksMsg.started,participant,session,date,expName,psychopyVersion,frameRate,expStart,
,,,,,,,,,,,,,,,,,,,,,,,,,,0.042921300000216434,0.06538820000014312,0.06538820000014312,6.49924800000008,space,6.420074999999997,None,,,,,,,,,,,,,,,,,,,,,,2511_1030_SB2_20,001,2023-11-25_11h33.10.314,3_End,2023.2.3,59.998260050415176,2023-11-25 11h33.31.361174 +0000,
1,1,cap,capcn,./stims/CritBystanders/cap.jpeg,./stims/CritBystanders/toiletpapercn.jpeg,SS,SS_2,,,,,,,,,0,0,0,0,,,,,6.548732900000232,,,,,,,,,6.514449200000399,0.9995344999997542,13.649470000000292,[0.8222222222222222],[0.49074074074074076],[1],[0],[0],[7.111125699999775],,,,,,,,,,,,,2511_1030_SB2_20,001,2023-11-25_11h33.10.314,3_End,2023.2.3,59.998260050415176,2023-11-25 11h33.31.361174 +0000,
2,1,chessboard,chessboardcn,./stims/CritBystanders/chessboard.jpeg,./stims/CritBystanders/chaircn.jpeg,SR,SR_6,,,,,,,,,0,1,1,1,,,,,13.6654853,,,,,,,,,13.650510700000268,1.0152435999998488,29.665685300000405,[],[],[],[],[],[],,,,,,,,,,,,,2511_1030_SB2_20,001,2023-11-25_11h33.10.314,3_End,2023.2.3,59.998260050415176,2023-11-25 11h33.31.361174 +0000,
3,1,wallet,walletcn,./stims/CritBystanders/wallet.jpeg,./stims/CritBystanders/chessboardcn.jpeg,RS,RS_6,,,,,,,,,0,2,2,2,,,,,29.698910400000386,,,,,,,,,29.666204000000107,1.015356200000042,45.66578960000015,[],[],[],[],[],[],,,,,,,,,,,,,2511_1030_SB2_20,001,2023-11-25_11h33.10.314,3_End,2023.2.3,59.998260050415176,2023-11-25 11h33.31.361174 +0000,
4,1,clipboard,clipboardcn,./stims/CritBystanders/clipboard.jpeg,./stims/CritBystanders/combcn.jpeg,RR,RR_5,,,,,,,,,0,3,3,3,,,,,45.68241710000029,,,,,,,,,45.66630600000008,1.0154993000001014,49.84942860000001,[0.8222222222222222],[0.49074074074074076],[1],[0],[0],[4.1750913000000764],,,,,,,,,,,,,2511_1030_SB2_20,001,2023-11-25_11h33.10.314,3_End,2023.2.3,59.998260050415176,2023-11-25 11h33.31.361174 +0000,
5,2,comb,combcn,./stims/CritBystanders/comb.jpeg,./stims/CritBystanders/peacockcn.jpeg,RS,RS_5,,,,,,,,,0,4,4,4,,,,,49.8824281000002,,,,,,,,,49.84999730000027,0.999315900000056,53.1497588000002,[0.6333333333333333],[0.5],[1],[0],[0],[3.2882306000001336],,,,,,,,,,,,,2511_1030_SB2_20,001,2023-11-25_11h33.10.314,3_End,2023.2.3,59.998260050415176,2023-11-25 11h33.31.361174 +0000,
6,2,electriccord,electriccordcn,./stims/CritBystanders/electriccord.jpeg,./stims/CritBystanders/computercn.jpeg,SS,SS_1,,,,,,,,,0,5,5,5,,,,,53.16577750000033,,,,,,,,,53.15033120000044,0.9990524999998343,65.16643040000008,[0.6333333333333333],[0.5],[1],[0],[0],[12.009026400000039],,,,,,,,,,,,,2511_1030_SB2_20,001,2023-11-25_11h33.10.314,3_End,2023.2.3,59.998260050415176,2023-11-25 11h33.31.361174 +0000,
7,2,toiletpaper,toiletpapercn,./stims/CritBystanders/toiletpaper.jpeg,./stims/CritBystanders/walkmancn.jpeg,RR,RR_2,,,,,,,,,0,6,6,6,,,,,65.1992193000001,,,,,,,,,65.1671422000004,1.0156521999997494,79.98329110000032,[0.6333333333333333],[0.5],[1],[0],[0],[14.805280200000198],,,,,,,,,,,,,2511_1030_SB2_20,001,2023-11-25_11h33.10.314,3_End,2023.2.3,59.998260050415176,2023-11-25 11h33.31.361174 +0000,
8,2,keys,keyscn,./stims/CritBystanders/keys.jpeg,./stims/CritBystanders/bucketcn.jpeg,SR,SR_3,,,,,,,,,0,7,7,7,,,,,79.99937,,,,,,,,,79.98386590000018,0.9991033000001153,85.08330980000028,[0.6333333333333333],[0.5],[1],[0],[0],[5.092115500000091],,,,,,,,,,,,,2511_1030_SB2_20,001,2023-11-25_11h33.10.314,3_End,2023.2.3,59.998260050415176,2023-11-25 11h33.31.361174 +0000,
9,3,scissors,scissorscn,./stims/CritBystanders/scissors.jpeg,./stims/CritBystanders/walletcn.jpeg,RR,RR_6,,,,,,,,,0,8,8,8,,,,,85.11604970000008,,,,,,,,,85.08388680000007,0.9990829000003032,95.0498633000002,[0.6333333333333333],[0.5],[1],[0],[0],[9.954368500000328],,,,,,,,,,,,,2511_1030_SB2_20,001,2023-11-25_11h33.10.314,3_End,2023.2.3,59.998260050415176,2023-11-25 11h33.31.361174 +0000,
10,3,soccerball,soccerballcn,./stims/CritBystanders/soccerball.jpeg,./stims/CritBystanders/videocn.jpeg,SR,SR_7,,,,,,,,,0,9,9,9,,,,,95.06613809999999,,,,,,,,,95.05045670000027,0.9992399000002479,99.04992550000043,[0.6333333333333333],[0.5],[1],[0],[0],[3.9914882000002763],,,,,,,,,,,,,2511_1030_SB2_20,001,2023-11-25_11h33.10.314,3_End,2023.2.3,59.998260050415176,2023-11-25 11h33.31.361174 +0000,
11,3,crate,cratecn,./stims/CritBystanders/crate.jpeg,./stims/CritBystanders/watchcn.jpeg,SS,SS_8,,,,,,,,,0,10,10,10,,,,,99.08285930000011,,,,,,,,,99.05050080000001,0.9992868000003909,102.93357200000037,[0.6333333333333333],[0.5],[1],[0],[0],[3.871957299999849],,,,,,,,,,,,,2511_1030_SB2_20,001,2023-11-25_11h33.10.314,3_End,2023.2.3,59.998260050415176,2023-11-25 11h33.31.361174 +0000,
12,3,walkman,walkmancn,./stims/CritBystanders/walkman.jpeg,./stims/CritBystanders/bookscn.jpeg,RS,RS_2,,,,,,,,,0,11,11,11,,,,,102.9661973000002,,,,,,,,,102.93415750000031,1.0156259999998838,108.7834756000002,[0.6333333333333333],[0.5],[1],[0],[0],[5.838459800000237],,,,,,,,,,,,,2511_1030_SB2_20,001,2023-11-25_11h33.10.314,3_End,2023.2.3,59.998260050415176,2023-11-25 11h33.31.361174 +0000,
13,4,computer,computercn,./stims/CritBystanders/computer.jpeg,./stims/CritBystanders/cardscn.jpeg,RR,RR_1,,,,,,,,,0,12,12,12,,,,,108.79956860000038,,,,,,,,,108.78404650000039,0.9991202000001067,116.41691160000028,[0.6314814814814815],[0.5],[1],[0],[0],[7.6245921999998245],,,,,,,,,,,,,2511_1030_SB2_20,001,2023-11-25_11h33.10.314,3_End,2023.2.3,59.998260050415176,2023-11-25 11h33.31.361174 +0000,
14,4,cards,cardscn,./stims/CritBystanders/cards.jpeg,./stims/CritBystanders/staplercn.jpeg,RS,RS_1,,,,,,,,,0,13,13,13,,,,,116.44965290000027,,,,,,,,,116.41747990000022,0.9990968000001885,125.20034850000002,[0.6314814814814815],[0.5],[1],[0],[0],[8.766002299999855],,,,,,,,,,,,,2511_1030_SB2_20,001,2023-11-25_11h33.10.314,3_End,2023.2.3,59.998260050415176,2023-11-25 11h33.31.361174 +0000,
15,4,calculator,calculatorcn,./stims/CritBystanders/calculator.jpeg,./stims/CritBystanders/guitarcn.jpeg,SS,SS_4,,,,,,,,,0,14,14,14,,,,,125.21639410000034,,,,,,,,,125.20093940000015,0.9990204000000631,129.30027720000044,[0.6314814814814815],[0.5],[1],[0],[0],[4.090781899999911],,,,,,,,,,,,,2511_1030_SB2_20,001,2023-11-25_11h33.10.314,3_End,2023.2.3,59.998260050415176,2023-11-25 11h33.31.361174 +0000,
16,4,telephone,telephonecn,./stims/CritBystanders/telephone.jpeg,./stims/CritBystanders/calculatorcn.jpeg,SR,SR_4,,,,,,,,,0,15,15,15,,,,,129.33310280000023,,,,,,,,,129.30087560000038,0.9990774999996574,139.75048900000002,[0.6314814814814815],[0.5],[1],[0],[0],[10.438362000000325],,,,,,,,,,,,,2511_1030_SB2_20,001,2023-11-25_11h33.10.314,3_End,2023.2.3,59.998260050415176,2023-11-25 11h33.31.361174 +0000,
17,5,fan,fancn,./stims/CritBystanders/fan.jpeg,./stims/CritBystanders/coffeemugcn.jpeg,RR,RR_3,,,,,,,,,0,16,16,16,,,,,139.7831997000003,,,,,,,,,139.75108090000003,1.0156769999998687,144.46727750000036,[0.6314814814814815],[0.5],[1],[0],[0],[4.704182399999809],,,,,,,,,,,,,2511_1030_SB2_20,001,2023-11-25_11h33.10.314,3_End,2023.2.3,59.998260050415176,2023-11-25 11h33.31.361174 +0000,
18,5,candle,candlecn,./stims/CritBystanders/candle.jpeg,./stims/CritBystanders/backpackcn.jpeg,RS,RS_8,,,,,,,,,0,17,17,17,,,,,144.48323370000026,,,,,,,,,144.46787350000022,1.0155980999998064,151.68377720000035,[0.6314814814814815],[0.5],[1],[0],[0],[7.209222400000272],,,,,,,,,,,,,2511_1030_SB2_20,001,2023-11-25_11h33.10.314,3_End,2023.2.3,59.998260050415176,2023-11-25 11h33.31.361174 +0000,
19,5,bucket,bucketcn,./stims/CritBystanders/bucket.jpeg,./stims/CritBystanders/fancn.jpeg,SS,SS_3,,,,,,,,,0,18,18,18,,,,,151.7166570000004,,,,,,,,,151.68435420000014,0.9992014999997991,161.1172934000001,[0.6314814814814815],[0.5],[1],[0],[0],[9.421523899999556],,,,,,,,,,,,,2511_1030_SB2_20,001,2023-11-25_11h33.10.314,3_End,2023.2.3,59.998260050415176,2023-11-25 11h33.31.361174 +0000,
20,5,peacock,peacockcn,./stims/CritBystanders/peacock.jpeg,./stims/CritBystanders/wastebasketcn.jpeg,SR,SR_5,,,,,,,,,0,19,19,19,,,,,161.13336590000017,,,,,,,,,161.11782830000038,0.9991727999999966,165.05079010000009,[0.6314814814814815],[0.5],[1],[0],[0],[3.9250597999998718],,,,,,,,,,,,,2511_1030_SB2_20,001,2023-11-25_11h33.10.314,3_End,2023.2.3,59.998260050415176,2023-11-25 11h33.31.361174 +0000,
21,6,iron,ironcn,./stims/CritBystanders/iron.jpeg,./stims/CritBystanders/shoescn.jpeg,RR,RR_7,,,,,,,,,0,20,20,20,,,,,165.0667636000003,,,,,,,,,165.0513645000001,1.0156254000003173,168.8842106000002,[0.6314814814814815],[0.5],[1],[0],[0],[3.824686400000246],,,,,,,,,,,,,2511_1030_SB2_20,001,2023-11-25_11h33.10.314,3_End,2023.2.3,59.998260050415176,2023-11-25 11h33.31.361174 +0000,
22,6,chair,chaircn,./stims/CritBystanders/chair.jpeg,./stims/CritBystanders/scissorscn.jpeg,SS,SS_6,,,,,,,,,0,21,21,21,,,,,168.90012430000024,,,,,,,,,168.88479870000037,1.0155565999998544,174.0008853000004,[0.6203703703703703],[0.5],[1],[0],[0],[5.107318999999734],,,,,,,,,,,,,2511_1030_SB2_20,001,2023-11-25_11h33.10.314,3_End,2023.2.3,59.998260050415176,2023-11-25 11h33.31.361174 +0000,
23,6,umbrella,umbrellacn,./stims/CritBystanders/umbrella.jpeg,./stims/CritBystanders/telephonecn.jpeg,RS,RS_4,,,,,,,,,0,22,22,22,,,,,174.01681770000005,,,,,,,,,174.0014771000001,1.0155955999998696,178.43420380000043,[0.6203703703703703],[0.5],[1],[0],[0],[4.4247223999996095],,,,,,,,,,,,,2511_1030_SB2_20,001,2023-11-25_11h33.10.314,3_End,2023.2.3,59.998260050415176,2023-11-25 11h33.31.361174 +0000,
24,6,books,bookscn,./stims/CritBystanders/books.jpeg,./stims/CritBystanders/capcn.jpeg,SR,SR_2,,,,,,,,,0,23,23,23,,,,,178.45017290000033,,,,,,,,,178.43478520000008,0.9990031000002091,183.56747780000023,[0.6203703703703703],[0.5],[1],[0],[0],[5.12400179999986],,,,,,,,,,,,,2511_1030_SB2_20,001,2023-11-25_11h33.10.314,3_End,2023.2.3,59.998260050415176,2023-11-25 11h33.31.361174 +0000,
25,7,backpack,backpackcn,./stims/CritBystanders/backpack.jpeg,./stims/CritBystanders/cratecn.jpeg,SR,SR_8,,,,,,,,,0,24,24,24,,,,,183.58356850000018,,,,,,,,,183.56805570000006,0.9990696999998363,188.31753830000025,[0.6203703703703703],[0.5],[1],[0],[0],[4.74093189999985],,,,,,,,,,,,,2511_1030_SB2_20,001,2023-11-25_11h33.10.314,3_End,2023.2.3,59.998260050415176,2023-11-25 11h33.31.361174 +0000,
26,7,guitar,guitarcn,./stims/CritBystanders/guitar.jpeg,./stims/CritBystanders/umbrellacn.jpeg,RR,RR_4,,,,,,,,,0,25,25,25,,,,,188.33358560000033,,,,,,,,,188.31812320000017,0.9990616999998565,192.48420970000006,[0.6203703703703703],[0.5],[1],[0],[0],[4.158265800000208],,,,,,,,,,,,,2511_1030_SB2_20,001,2023-11-25_11h33.10.314,3_End,2023.2.3,59.998260050415176,2023-11-25 11h33.31.361174 +0000,
27,7,shoes,shoescn,./stims/CritBystanders/shoes.jpeg,./stims/CritBystanders/soccerballcn.jpeg,RS,RS_7,,,,,,,,,0,26,26,26,,,,,192.50028490000022,,,,,,,,,192.4847563000003,0.9990867000001344,200.91763960000026,[0.6203703703703703],[0.5],[1],[0],[0],[8.425188400000025],,,,,,,,,,,,,2511_1030_SB2_20,001,2023-11-25_11h33.10.314,3_End,2023.2.3,59.998260050415176,2023-11-25 11h33.31.361174 +0000,
28,7,video,videocn,./stims/CritBystanders/video.jpeg,./stims/CritBystanders/ironcn.jpeg,SS,SS_7,,,,,,,,,0,27,27,27,,,,,200.933677,,,,,,,,,200.9182168000002,0.9990209000002324,204.91760060000024,[0.6203703703703703],[0.5],[1],[0],[0],[3.991223700000319],,,,,,,,,,,,,2511_1030_SB2_20,001,2023-11-25_11h33.10.314,3_End,2023.2.3,59.998260050415176,2023-11-25 11h33.31.361174 +0000,
29,8,coffeemug,coffeemugcn,./stims/CritBystanders/coffeemug.jpeg,./stims/CritBystanders/keyscn.jpeg,RS,RS_3,,,,,,,,,0,28,28,28,,,,,204.93373280000014,,,,,,,,,204.91818230000035,0.9991319000000658,214.53422390000014,[0.6203703703703703],[0.5],[1],[0],[0],[9.607890300000236],,,,,,,,,,,,,2511_1030_SB2_20,001,2023-11-25_11h33.10.314,3_End,2023.2.3,59.998260050415176,2023-11-25 11h33.31.361174 +0000,
30,8,stapler,staplercn,./stims/CritBystanders/stapler.jpeg,./stims/CritBystanders/electriccordcn.jpeg,SR,SR_1,,,,,,,,,0,29,29,29,,,,,214.55046170000014,,,,,,,,,214.53475880000042,0.9992686999999023,219.8178386000004,[0.6203703703703703],[0.5],[1],[0],[0],[5.275349200000164],,,,,,,,,,,,,2511_1030_SB2_20,001,2023-11-25_11h33.10.314,3_End,2023.2.3,59.998260050415176,2023-11-25 11h33.31.361174 +0000,
31,8,wastebasket,wastebasketcn,./stims/CritBystanders/wastebasket.jpeg,./stims/CritBystanders/clipboardcn.jpeg,SS,SS_5,,,,,,,,,0,30,30,30,,,,,219.85050960000035,,,,,,,,,219.81843330000038,1.0156599000001734,225.1511587,[0.6203703703703703],[0.5],[1],[0],[0],[5.321844800000235],,,,,,,,,,,,,2511_1030_SB2_20,001,2023-11-25_11h33.10.314,3_End,2023.2.3,59.998260050415176,2023-11-25 11h33.31.361174 +0000,
32,8,watch,watchcn,./stims/CritBystanders/watch.jpeg,./stims/CritBystanders/candlecn.jpeg,RR,RR_8,,,,,,,,,0,31,31,31,,,,,225.16721510000025,,,,,,,,,225.15195170000015,0.9990716000002067,229.71788060000017,[0.6203703703703703],[0.5],[1],[0],[0],[4.558123099999648],,,,,,,,,,,,,2511_1030_SB2_20,001,2023-11-25_11h33.10.314,3_End,2023.2.3,59.998260050415176,2023-11-25 11h33.31.361174 +0000,
,,,,,,,,,,,,,,,,,,,,,,,,,,229.71831480000037,229.73395690000007,229.73395690000007,246.01792970000042,space,16.272462400000222,None,,,,,,,,,,,,,,,,,,,,,,2511_1030_SB2_20,001,2023-11-25_11h33.10.314,3_End,2023.2.3,59.998260050415176,2023-11-25 11h33.31.361174 +0000,
,,,,,,,,1,1,pan,pancn,./stims/AcqBystanders/pan.jpeg,./stims/AcqBystanders/pancn.jpeg,SS,SS_2,,,,,0,0,0,0,246.0677458,,,,,,,,,,,,,,,,,,246.02748340000016,0.9995177999999214,251.4680373000001,[0.7462962962962963],[0.5],[1],[0],[0],[5.419881899999837],,,,2511_1030_SB2_20,001,2023-11-25_11h33.10.314,3_End,2023.2.3,59.998260050415176,2023-11-25 11h33.31.361174 +0000,
,,,,,,,,2,1,lightbulb,lightbulbcn,./stims/AcqBystanders/lightbulb.jpeg,./stims/AcqBystanders/lightbulbcn.jpeg,SR,SR_3,,,,,0,1,1,1,251.5845961,,,,,,,,,,,,,,,,,,251.46892940000043,1.0154383999997663,255.98477020000018,[0.7462962962962963],[0.5],[1],[0],[0],[4.415163100000427],,,,2511_1030_SB2_20,001,2023-11-25_11h33.10.314,3_End,2023.2.3,59.998260050415176,2023-11-25 11h33.31.361174 +0000,
,,,,,,,,3,1,shampoo,shampoocn,./stims/AcqBystanders/shampoo.jpeg,./stims/AcqBystanders/shampoocn.jpeg,RS,RS_4,,,,,0,2,2,2,256.0180712000001,,,,,,,,,,,,,,,,,,255.9853524,0.9990483000001404,262.41826100000026,[0.7462962962962963],[0.5],[1],[0],[0],[6.408375200000137],,,,2511_1030_SB2_20,001,2023-11-25_11h33.10.314,3_End,2023.2.3,59.998260050415176,2023-11-25 11h33.31.361174 +0000,
,,,,,,,,4,1,mandms,mandmscn,./stims/AcqBystanders/mandms.jpeg,./stims/AcqBystanders/mandmscn.jpeg,RR,RR_2,,,,,0,3,3,3,262.45087620000004,,,,,,,,,,,,,,,,,,262.41883750000034,1.0156824000000597,271.5015325000004,[0.7462962962962963],[0.5],[1],[0],[0],[9.071488099999897],,,,2511_1030_SB2_20,001,2023-11-25_11h33.10.314,3_End,2023.2.3,59.998260050415176,2023-11-25 11h33.31.361174 +0000,
,,,,,,,,5,1,sheet,sheetcn,./stims/AcqBystanders/sheet.jpeg,./stims/AcqBystanders/sheetcn.jpeg,RS,RS_3,,,,,0,4,4,4,271.5176163000001,,,,,,,,,,,,,,,,,,271.50212230000034,0.9990984999999455,277.10177850000036,[0.7462962962962963],[0.5],[1],[0],[0],[5.5902343000002475],,,,2511_1030_SB2_20,001,2023-11-25_11h33.10.314,3_End,2023.2.3,59.998260050415176,2023-11-25 11h33.31.361174 +0000,
,,,,,,,,6,1,bottle,bottlecn,./stims/AcqBystanders/bottle.jpeg,./stims/AcqBystanders/bottlecn.jpeg,SS,SS_1,,,,,0,5,5,5,277.11767180000015,,,,,,,,,,,,,,,,,,277.10237840000036,1.0155156999999235,281.5182640000003,[0.7462962962962963],[0.5],[1],[0],[0],[4.407511399999748],,,,2511_1030_SB2_20,001,2023-11-25_11h33.10.314,3_End,2023.2.3,59.998260050415176,2023-11-25 11h33.31.361174 +0000,
,,,,,,,,7,1,trunk,trunkcn,./stims/AcqBystanders/trunk.jpeg,./stims/AcqBystanders/trunkcn.jpeg,SR,SR_1,,,,,0,6,6,6,281.5510416000002,,,,,,,,,,,,,,,,,,281.5187996000004,0.9991230000000542,287.4350528,[0.7462962962962963],[0.5],[1],[0],[0],[5.905142000000069],,,,2511_1030_SB2_20,001,2023-11-25_11h33.10.314,3_End,2023.2.3,59.998260050415176,2023-11-25 11h33.31.361174 +0000,
,,,,,,,,8,1,can,cancn,./stims/AcqBystanders/can.jpeg,./stims/AcqBystanders/cancn.jpeg,RR,RR_3,,,,,0,7,7,7,287.4677456000004,,,,,,,,,,,,,,,,,,287.4356464000002,1.0156780000002072,296.9515502000004,[0.7462962962962963],[0.5],[1],[0],[0],[9.504752100000132],,,,2511_1030_SB2_20,001,2023-11-25_11h33.10.314,3_End,2023.2.3,59.998260050415176,2023-11-25 11h33.31.361174 +0000,
,,,,,,,,9,1,towel,towelcn,./stims/AcqBystanders/towel.jpeg,./stims/AcqBystanders/towelcn.jpeg,RS,RS_1,,,,,0,8,8,8,296.98452780000025,,,,,,,,,,,,,,,,,,296.95213550000017,0.9992503000003126,302.40180680000003,[0.75],[0.5],[1],[0],[0],[5.438480400000117],,,,2511_1030_SB2_20,001,2023-11-25_11h33.10.314,3_End,2023.2.3,59.998260050415176,2023-11-25 11h33.31.361174 +0000,
,,,,,,,,10,1,fireextinguisher,fireextinguishercn,./stims/AcqBystanders/fireextinguisher.jpeg,./stims/AcqBystanders/fireextinguishercn.jpeg,RR,RR_1,,,,,0,9,9,9,302.4345500000004,,,,,,,,,,,,,,,,,,302.4023798000003,0.999061200000142,308.0851238,[0.75],[0.5],[1],[0],[0],[5.670973300000242],,,,2511_1030_SB2_20,001,2023-11-25_11h33.10.314,3_End,2023.2.3,59.998260050415176,2023-11-25 11h33.31.361174 +0000,
,,,,,,,,11,1,passport,passportcn,./stims/AcqBystanders/passport.jpeg,./stims/AcqBystanders/passportcn.jpeg,SS,SS_3,,,,,0,10,10,10,308.1179552000003,,,,,,,,,,,,,,,,,,308.08565510000017,0.9991429000001517,324.0850062000004,[],[],[],[],[],[],15.999297800000022,,,2511_1030_SB2_20,001,2023-11-25_11h33.10.314,3_End,2023.2.3,59.998260050415176,2023-11-25 11h33.31.361174 +0000,
,,,,,,,,12,1,headphones,headphonescn,./stims/AcqBystanders/headphones.jpeg,./stims/AcqBystanders/headphonescn.jpeg,SR,SR_2,,,,,0,11,11,11,324.1013975000001,,,,,,,,,,,,,,,,,,324.0854969000002,0.999296299999969,332.58539070000006,[0.75],[0.5],[1],[0],[0],[8.491709999999784],,,,2511_1030_SB2_20,001,2023-11-25_11h33.10.314,3_End,2023.2.3,59.998260050415176,2023-11-25 11h33.31.361174 +0000,
,,,,,,,,13,1,perfume,perfumecn,./stims/AcqBystanders/perfume.jpeg,./stims/AcqBystanders/perfumecn.jpeg,SR,SR_4,,,,,0,12,12,12,332.6181373000004,,,,,,,,,,,,,,,,,,332.58598120000033,0.9990679000002274,339.01874480000015,[0.75],[0.5],[1],[0],[0],[6.421476100000291],,,,2511_1030_SB2_20,001,2023-11-25_11h33.10.314,3_End,2023.2.3,59.998260050415176,2023-11-25 11h33.31.361174 +0000,
,,,,,,,,14,1,cup,cupcn,./stims/AcqBystanders/cup.jpeg,./stims/AcqBystanders/cupcn.jpeg,RS,RS_2,,,,,0,13,13,13,339.11868500000037,,,,,,,,,,,,,,,,,,339.01931590000004,0.9990831999998591,343.2021665000002,[0.75],[0.5],[1],[0],[0],[4.09311230000003],,,,2511_1030_SB2_20,001,2023-11-25_11h33.10.314,3_End,2023.2.3,59.998260050415176,2023-11-25 11h33.31.361174 +0000,
,,,,,,,,,,,,,,,,,,,,,,,,,,,,,,,,,,,,,,,,,,,,,,,,,,,,343.2026165000002,343.2182383000004,,,,,,,,
