﻿order_ext,blk_ext,bystander_ext,test_item_ext,bystander_loc_ext,test_item_loc_ext,trial_type_ext,itemNo_ext,order_cond_acq,blk_cond_acq,bystander_cond_acq,test_item_cond_acq,bystander_loc_cond_acq,test_item_loc_cond_acq,trial_type_cond_acq,itemNo_cond_acq,trials.thisRepN,trials.thisTrialN,trials.thisN,trials.thisIndex,trials_2.thisRepN,trials_2.thisTrialN,trials_2.thisN,trials_2.thisIndex,thisRow.t,notes,INSTRUCTION.started,instruct1.started,ok1.started,INSTRUCTION.stopped,ok1.keys,ok1.rt,ok1.duration,END_EXT.started,mouse_ext.started,END_EXT.stopped,mouse_ext.x,mouse_ext.y,mouse_ext.leftButton,mouse_ext.midButton,mouse_ext.rightButton,mouse_ext.time,mouse_ext.stopped,END_ACQ.started,mouse_cond.started,mouse_cond.stopped,END_ACQ.stopped,mouse_cond.x,mouse_cond.y,mouse_cond.leftButton,mouse_cond.midButton,mouse_cond.rightButton,mouse_cond.time,thanks.started,thanksMsg.started,participant,session,date,expName,psychopyVersion,frameRate,expStart,
,,,,,,,,,,,,,,,,,,,,,,,,,,0.01599309999983234,0.03256580000015674,0.03256580000015674,9.29992429999993,space,9.266207800000302,None,,,,,,,,,,,,,,,,,,,,,,,2611_1700_SB3_22,001,2023-11-26_17h34.57.928,3_End,2023.2.3,59.993868626536816,2023-11-26 17h35.08.455441 +0000,
1,1,walkman,walkmancn,./stims/CritBystanders/cap.jpeg,./stims/CritBystanders/walkmancn.jpeg,SS,SS_2,,,,,,,,,0,0,0,0,,,,,9.349279200000183,,,,,,,,,9.314416000000165,0.9993789999998626,15.816685400000097,[0.337037037037037],[-0.03796296296296296],[1],[0],[0],[6.475321100000201],,,,,,,,,,,,,,2611_1700_SB3_22,001,2023-11-26_17h34.57.928,3_End,2023.2.3,59.993868626536816,2023-11-26 17h35.08.455441 +0000,
2,1,scissors,scissorscn,./stims/CritBystanders/chessboard.jpeg,./stims/CritBystanders/scissorscn.jpeg,SR,SR_6,,,,,,,,,0,1,1,1,,,,,15.849340600000232,,,,,,,,,15.817639599999893,1.015314799999942,20.699966199999835,[0.337037037037037],[-0.03796296296296296],[1],[0],[0],[4.865536000000247],,,,,,,,,,,,,,2611_1700_SB3_22,001,2023-11-26_17h34.57.928,3_End,2023.2.3,59.993868626536816,2023-11-26 17h35.08.455441 +0000,
3,1,chair,chaircn,./stims/CritBystanders/wallet.jpeg,./stims/CritBystanders/chaircn.jpeg,RS,RS_6,,,,,,,,,0,2,2,2,,,,,20.73271019999993,,,,,,,,,20.70048799999995,0.9990904999999657,23.816643900000145,[0.337037037037037],[-0.03796296296296296],[1],[0],[0],[3.10039659999984],,,,,,,,,,,,,,2611_1700_SB3_22,001,2023-11-26_17h34.57.928,3_End,2023.2.3,59.993868626536816,2023-11-26 17h35.08.455441 +0000,
4,1,peacock,peacockcn,./stims/CritBystanders/clipboard.jpeg,./stims/CritBystanders/peacockcn.jpeg,RR,RR_5,,,,,,,,,0,3,3,3,,,,,23.849391600000217,,,,,,,,,23.81720230000019,0.9991064000000733,39.81645149999986,[],[],[],[],[],[],15.999213699999927,,,,,,,,,,,,,2611_1700_SB3_22,001,2023-11-26_17h34.57.928,3_End,2023.2.3,59.993868626536816,2023-11-26 17h35.08.455441 +0000,
5,2,wastebasket,wastebasketcn,./stims/CritBystanders/comb.jpeg,./stims/CritBystanders/wastebasketcn.jpeg,RS,RS_5,,,,,,,,,0,4,4,4,,,,,39.84951580000006,,,,,,,,,39.816941900000074,0.9992139000000861,43.133455499999855,[0.337037037037037],[-0.03796296296296296],[1],[0],[0],[3.3035877999996046],,,,,,,,,,,,,,2611_1700_SB3_22,001,2023-11-26_17h34.57.928,3_End,2023.2.3,59.993868626536816,2023-11-26 17h35.08.455441 +0000,
6,2,card,cardcn,./stims/CritBystanders/electriccord.jpeg,./stims/CritBystanders/cardscn.jpeg,SS,SS_1,,,,,,,,,0,5,5,5,,,,,43.166206800000054,,,,,,,,,43.133964000000105,0.9991219999997156,49.91681930000004,[0.337037037037037],[-0.03796296296296296],[1],[0],[0],[6.766911900000196],,,,,,,,,,,,,,2611_1700_SB3_22,001,2023-11-26_17h34.57.928,3_End,2023.2.3,59.993868626536816,2023-11-26 17h35.08.455441 +0000,
7,2,books,bookscn,./stims/CritBystanders/toiletpaper.jpeg,./stims/CritBystanders/bookscn.jpeg,RR,RR_2,,,,,,,,,0,6,6,6,,,,,49.949590400000034,,,,,,,,,49.917377600000236,0.9991349000001719,53.600249000000076,[0.337037037037037],[-0.03796296296296296],[1],[0],[0],[3.667568200000005],,,,,,,,,,,,,,2611_1700_SB3_22,001,2023-11-26_17h34.57.928,3_End,2023.2.3,59.993868626536816,2023-11-26 17h35.08.455441 +0000,
8,2,fan,fancn,./stims/CritBystanders/keys.jpeg,./stims/CritBystanders/fancn.jpeg,SR,SR_3,,,,,,,,,0,7,7,7,,,,,53.6329767000002,,,,,,,,,53.60076740000022,0.9990771000002496,61.88361440000017,[0.337037037037037],[-0.03796296296296296],[1],[0],[0],[8.269650199999887],,,,,,,,,,,,,,2611_1700_SB3_22,001,2023-11-26_17h34.57.928,3_End,2023.2.3,59.993868626536816,2023-11-26 17h35.08.455441 +0000,
9,3,chessboard,chessboardcn,./stims/CritBystanders/scissors.jpeg,./stims/CritBystanders/chessboardcn.jpeg,RR,RR_6,,,,,,,,,0,8,8,8,,,,,61.916353699999945,,,,,,,,,61.884175799999866,0.9990538000001834,76.98367139999982,[0.337037037037037],[-0.03796296296296296],[1],[0],[0],[15.084002199999759],,,,,,,,,,,,,,2611_1700_SB3_22,001,2023-11-26_17h34.57.928,3_End,2023.2.3,59.993868626536816,2023-11-26 17h35.08.455441 +0000,
10,3,iron,ironcn,./stims/CritBystanders/soccerball.jpeg,./stims/CritBystanders/ironcn.jpeg,SR,SR_7,,,,,,,,,0,9,9,9,,,,,77.01645980000012,,,,,,,,,76.98418330000004,0.9991767000001346,80.63373450000017,[0.337037037037037],[-0.03796296296296296],[1],[0],[0],[3.6372550000000956],,,,,,,,,,,,,,2611_1700_SB3_22,001,2023-11-26_17h34.57.928,3_End,2023.2.3,59.993868626536816,2023-11-26 17h35.08.455441 +0000,
11,3,candle,candlecn,./stims/CritBystanders/crate.jpeg,./stims/CritBystanders/candlecn.jpeg,SS,SS_8,,,,,,,,,0,10,10,10,,,,,80.6665065000002,,,,,,,,,80.63424850000001,0.9991856000001462,83.81704450000007,[0.337037037037037],[-0.03796296296296296],[1],[0],[0],[3.1718378000000484],,,,,,,,,,,,,,2611_1700_SB3_22,001,2023-11-26_17h34.57.928,3_End,2023.2.3,59.993868626536816,2023-11-26 17h35.08.455441 +0000,
12,3,cap,capcn,./stims/CritBystanders/walkman.jpeg,./stims/CritBystanders/capcn.jpeg,RS,RS_2,,,,,,,,,0,11,11,11,,,,,83.84985400000005,,,,,,,,,83.81757289999996,0.9991442000000461,88.40045069999996,[0.337037037037037],[-0.03796296296296296],[1],[0],[0],[4.5704954000002544],,,,,,,,,,,,,,2611_1700_SB3_22,001,2023-11-26_17h34.57.928,3_End,2023.2.3,59.993868626536816,2023-11-26 17h35.08.455441 +0000,
13,4,stapler,staplercn,./stims/CritBystanders/computer.jpeg,./stims/CritBystanders/staplercn.jpeg,RR,RR_1,,,,,,,,,0,12,12,12,,,,,88.43326639999987,,,,,,,,,88.40099150000015,0.9991959999997562,94.8171381000002,[0.337037037037037],[-0.03796296296296296],[1],[0],[0],[6.403129499999977],,,,,,,,,,,,,,2611_1700_SB3_22,001,2023-11-26_17h34.57.928,3_End,2023.2.3,59.993868626536816,2023-11-26 17h35.08.455441 +0000,
14,4,electriccord,electriccordcn,./stims/CritBystanders/cards.jpeg,./stims/CritBystanders/electriccordcn.jpeg,RS,RS_1,,,,,,,,,0,13,13,13,,,,,94.84991440000022,,,,,,,,,94.8176754000001,0.9991648000000168,107.0172590000002,[0.337037037037037],[-0.03796296296296296],[1],[0],[0],[12.186871500000052],,,,,,,,,,,,,,2611_1700_SB3_22,001,2023-11-26_17h34.57.928,3_End,2023.2.3,59.993868626536816,2023-11-26 17h35.08.455441 +0000,
15,4,umbrella,umbrellacn,./stims/CritBystanders/calculator.jpeg,./stims/CritBystanders/umbrellacn.jpeg,SS,SS_4,,,,,,,,,0,14,14,14,,,,,107.05002950000016,,,,,,,,,107.01778220000006,0.9991227000000436,119.76715180000019,[0.337037037037037],[-0.03796296296296296],[1],[0],[0],[12.738413499999751],,,,,,,,,,,,,,2611_1700_SB3_22,001,2023-11-26_17h34.57.928,3_End,2023.2.3,59.993868626536816,2023-11-26 17h35.08.455441 +0000,
16,4,guitar,guitarcn,./stims/CritBystanders/telephone.jpeg,./stims/CritBystanders/guitarcn.jpeg,SR,SR_4,,,,,,,,,0,15,15,15,,,,,119.80013450000024,,,,,,,,,119.76771310000004,0.9993082000000868,123.81745880000017,[0.337037037037037],[-0.03796296296296296],[1],[0],[0],[4.03312059999962],,,,,,,,,,,,,,2611_1700_SB3_22,001,2023-11-26_17h34.57.928,3_End,2023.2.3,59.993868626536816,2023-11-26 17h35.08.455441 +0000,
17,5,keys,keyscn,./stims/CritBystanders/fan.jpeg,./stims/CritBystanders/keyscn.jpeg,RR,RR_3,,,,,,,,,0,16,16,16,,,,,123.85015659999999,,,,,,,,,123.81802740000012,0.9990603000001101,139.81722209999998,[],[],[],[],[],[],15.999171500000102,,,,,,,,,,,,,2611_1700_SB3_22,001,2023-11-26_17h34.57.928,3_End,2023.2.3,59.993868626536816,2023-11-26 17h35.08.455441 +0000,
18,5,crate,cratecn,./stims/CritBystanders/candle.jpeg,./stims/CritBystanders/cratecn.jpeg,RS,RS_8,,,,,,,,,0,17,17,17,,,,,139.85028019999982,,,,,,,,,139.81770490000008,0.9991371000000981,146.01775439999983,[0.337037037037037],[-0.03796296296296296],[1],[0],[0],[6.187055500000042],,,,,,,,,,,,,,2611_1700_SB3_22,001,2023-11-26_17h34.57.928,3_End,2023.2.3,59.993868626536816,2023-11-26 17h35.08.455441 +0000,
19,5,coffeemug,coffeemugcn,./stims/CritBystanders/bucket.jpeg,./stims/CritBystanders/coffeemugcn.jpeg,SS,SS_3,,,,,,,,,0,18,18,18,,,,,146.05032789999996,,,,,,,,,146.01833140000008,1.0155820999998468,162.0338830999999,[],[],[],[],[],[],,,,,,,,,,,,,,2611_1700_SB3_22,001,2023-11-26_17h34.57.928,3_End,2023.2.3,59.993868626536816,2023-11-26 17h35.08.455441 +0000,
20,5,clipboard,clipboardcn,./stims/CritBystanders/peacock.jpeg,./stims/CritBystanders/clipboardcn.jpeg,SR,SR_5,,,,,,,,,0,19,19,19,,,,,162.06709709999996,,,,,,,,,162.03439370000024,0.9990935000000718,178.01749840000002,[],[],[],[],[],[],15.9991172,,,,,,,,,,,,,2611_1700_SB3_22,001,2023-11-26_17h34.57.928,3_End,2023.2.3,59.993868626536816,2023-11-26 17h35.08.455441 +0000,
21,6,soccerball,soccerballcn,./stims/CritBystanders/iron.jpeg,./stims/CritBystanders/soccerballcn.jpeg,RR,RR_7,,,,,,,,,0,20,20,20,,,,,178.05061669999986,,,,,,,,,178.01798559999997,0.9991383999999925,194.01764009999988,[],[],[],[],[],[],15.99927770000022,,,,,,,,,,,,,2611_1700_SB3_22,001,2023-11-26_17h34.57.928,3_End,2023.2.3,59.993868626536816,2023-11-26 17h35.08.455441 +0000,
22,6,wallet,walletcn,./stims/CritBystanders/chair.jpeg,./stims/CritBystanders/walletcn.jpeg,SS,SS_6,,,,,,,,,0,21,21,21,,,,,194.05074240000022,,,,,,,,,194.01811799999996,0.9992651000002297,209.9847023000002,[0.337037037037037],[-0.03796296296296296],[1],[0],[0],[15.95361320000029],,,,,,,,,,,,,,2611_1700_SB3_22,001,2023-11-26_17h34.57.928,3_End,2023.2.3,59.993868626536816,2023-11-26 17h35.08.455441 +0000,
23,6,calculator,calculatorcn,./stims/CritBystanders/umbrella.jpeg,./stims/CritBystanders/calculatorcn.jpeg,RS,RS_4,,,,,,,,,0,22,22,22,,,,,210.01748769999995,,,,,,,,,209.98522330000014,0.999181800000315,225.98460220000015,[],[],[],[],[],[],15.999289800000042,,,,,,,,,,,,,2611_1700_SB3_22,001,2023-11-26_17h34.57.928,3_End,2023.2.3,59.993868626536816,2023-11-26 17h35.08.455441 +0000,
24,6,toiletpaper,toiletpapercn,./stims/CritBystanders/books.jpeg,./stims/CritBystanders/toiletpapercn.jpeg,SR,SR_2,,,,,,,,,0,23,23,23,,,,,226.01759600000014,,,,,,,,,225.98510339999984,0.9992935000000216,230.0182903,[0.337037037037037],[-0.03796296296296296],[1],[0],[0],[4.017176699999709],,,,,,,,,,,,,,2611_1700_SB3_22,001,2023-11-26_17h34.57.928,3_End,2023.2.3,59.993868626536816,2023-11-26 17h35.08.455441 +0000,
25,7,watch,watchcn,./stims/CritBystanders/backpack.jpeg,./stims/CritBystanders/watchcn.jpeg,SR,SR_8,,,,,,,,,0,24,24,24,,,,,230.05100360000006,,,,,,,,,230.01880919999985,0.9990490000000136,235.56829490000018,[0.337037037037037],[-0.03796296296296296],[1],[0],[0],[5.536851200000001],,,,,,,,,,,,,,2611_1700_SB3_22,001,2023-11-26_17h34.57.928,3_End,2023.2.3,59.993868626536816,2023-11-26 17h35.08.455441 +0000,
26,7,telephone,telephonecn,./stims/CritBystanders/guitar.jpeg,./stims/CritBystanders/telephonecn.jpeg,RR,RR_4,,,,,,,,,0,25,25,25,,,,,235.60101170000007,,,,,,,,,235.5688650000002,0.9990640999999414,251.56806060000008,[],[],[],[],[],[],15.999181699999554,,,,,,,,,,,,,2611_1700_SB3_22,001,2023-11-26_17h34.57.928,3_End,2023.2.3,59.993868626536816,2023-11-26 17h35.08.455441 +0000,
27,7,video,videocn,./stims/CritBystanders/shoes.jpeg,./stims/CritBystanders/videocn.jpeg,RS,RS_7,,,,,,,,,0,26,26,26,,,,,251.60119309999982,,,,,,,,,251.5685343,0.9992378999995708,257.8184338000001,[0.337037037037037],[-0.03796296296296296],[1],[0],[0],[6.236836199999743],,,,,,,,,,,,,,2611_1700_SB3_22,001,2023-11-26_17h34.57.928,3_End,2023.2.3,59.993868626536816,2023-11-26 17h35.08.455441 +0000,
28,7,shoes,shoescn,./stims/CritBystanders/video.jpeg,./stims/CritBystanders/shoescn.jpeg,SS,SS_7,,,,,,,,,0,27,27,27,,,,,257.8512246999999,,,,,,,,,257.81900140000016,0.9991362999999183,273.81825879999997,[],[],[],[],[],[],15.999219900000298,,,,,,,,,,,,,2611_1700_SB3_22,001,2023-11-26_17h34.57.928,3_End,2023.2.3,59.993868626536816,2023-11-26 17h35.08.455441 +0000,
29,8,bucket,bucketcn,./stims/CritBystanders/coffeemug.jpeg,./stims/CritBystanders/bucketcn.jpeg,RS,RS_3,,,,,,,,,0,28,28,28,,,,,273.85131060000003,,,,,,,,,273.81872840000005,0.9992419000000154,289.81844739999997,[],[],[],[],[],[],15.999356900000294,,,,,,,,,,,,,2611_1700_SB3_22,001,2023-11-26_17h34.57.928,3_End,2023.2.3,59.993868626536816,2023-11-26 17h35.08.455441 +0000,
30,8,computer,computercn,./stims/CritBystanders/stapler.jpeg,./stims/CritBystanders/computercn.jpeg,SR,SR_1,,,,,,,,,0,29,29,29,,,,,289.8514872999999,,,,,,,,,289.8189602000002,0.9993454000000384,295.0019020999998,[0.337037037037037],[-0.03796296296296296],[1],[0],[0],[5.171366399999897],,,,,,,,,,,,,,2611_1700_SB3_22,001,2023-11-26_17h34.57.928,3_End,2023.2.3,59.993868626536816,2023-11-26 17h35.08.455441 +0000,
31,8,comb,combcn,./stims/CritBystanders/wastebasket.jpeg,./stims/CritBystanders/combcn.jpeg,SS,SS_5,,,,,,,,,0,30,30,30,,,,,295.0348226000001,,,,,,,,,295.00243420000015,0.9992711999998392,299.8855558999999,[0.337037037037037],[0.022222222222222223],[1],[0],[0],[4.8703916999998],,,,,,,,,,,,,,2611_1700_SB3_22,001,2023-11-26_17h34.57.928,3_End,2023.2.3,59.993868626536816,2023-11-26 17h35.08.455441 +0000,
32,8,backpack,backpackcn,./stims/CritBystanders/watch.jpeg,./stims/CritBystanders/backpackcn.jpeg,RR,RR_8,,,,,,,,,0,31,31,31,,,,,299.91820450000023,,,,,,,,,299.88611660000015,1.0156441999997696,308.1522278000002,[0.337037037037037],[0.022222222222222223],[1],[0],[0],[8.252665199999683],,,,,,,,,,,,,,2611_1700_SB3_22,001,2023-11-26_17h34.57.928,3_End,2023.2.3,59.993868626536816,2023-11-26 17h35.08.455441 +0000,
,,,,,,,,,,,,,,,,,,,,,,,,,,308.1526635,308.1682651000001,308.1682651000001,318.2189948,space,10.043496400000095,None,,,,,,,,,,,,,,,,,,,,,,,2611_1700_SB3_22,001,2023-11-26_17h34.57.928,3_End,2023.2.3,59.993868626536816,2023-11-26 17h35.08.455441 +0000,
,,,,,,,,1,1,pan,pancn,./stims/AcqBystanders/pan.jpeg,./stims/AcqBystanders/pancn.jpeg,SS,SS_2,,,,,0,0,0,0,318.2686063000001,,,,,,,,,,,,,,,,,,,318.2277170000002,0.999385600000096,15.999503199999708,334.21872669999993,[],[],[],[],[],[],,,2611_1700_SB3_22,001,2023-11-26_17h34.57.928,3_End,2023.2.3,59.993868626536816,2023-11-26 17h35.08.455441 +0000,
,,,,,,,,2,1,lightbulb,lightbulbcn,./stims/AcqBystanders/lightbulb.jpeg,./stims/AcqBystanders/lightbulbcn.jpeg,SR,SR_3,,,,,0,1,1,1,334.3355044,,,,,,,,,,,,,,,,,,,334.2195102999999,0.9995687999999063,15.999659399999928,350.21889820000024,[],[],[],[],[],[],,,2611_1700_SB3_22,001,2023-11-26_17h34.57.928,3_End,2023.2.3,59.993868626536816,2023-11-26 17h35.08.455441 +0000,
,,,,,,,,3,1,shampoo,shampoocn,./stims/AcqBystanders/shampoo.jpeg,./stims/AcqBystanders/shampoocn.jpeg,RS,RS_4,,,,,0,2,2,2,350.2689522999999,,,,,,,,,,,,,,,,,,,350.21939569999995,0.9996648999999707,,358.65286920000017,[0.337037037037037],[0.022222222222222223],[1],[0],[0],[8.402587999999923],,,2611_1700_SB3_22,001,2023-11-26_17h34.57.928,3_End,2023.2.3,59.993868626536816,2023-11-26 17h35.08.455441 +0000,
,,,,,,,,4,1,mandms,mandmscn,./stims/AcqBystanders/mandms.jpeg,./stims/AcqBystanders/mandmscn.jpeg,RR,RR_2,,,,,0,3,3,3,358.6853288000002,,,,,,,,,,,,,,,,,,,358.6534673000001,1.0154200999995737,,374.6688244000002,[],[],[],[],[],[],,,2611_1700_SB3_22,001,2023-11-26_17h34.57.928,3_End,2023.2.3,59.993868626536816,2023-11-26 17h35.08.455441 +0000,
,,,,,,,,5,1,sheet,sheetcn,./stims/AcqBystanders/sheet.jpeg,./stims/AcqBystanders/sheetcn.jpeg,RS,RS_3,,,,,0,4,4,4,374.7021150999999,,,,,,,,,,,,,,,,,,,374.6693313999999,1.0155875999998898,,380.6027752,[0.337037037037037],[0.022222222222222223],[1],[0],[0],[5.91500490000044],,,2611_1700_SB3_22,001,2023-11-26_17h34.57.928,3_End,2023.2.3,59.993868626536816,2023-11-26 17h35.08.455441 +0000,
,,,,,,,,6,1,bottle,bottlecn,./stims/AcqBystanders/bottle.jpeg,./stims/AcqBystanders/bottlecn.jpeg,SS,SS_1,,,,,0,5,5,5,380.63553630000024,,,,,,,,,,,,,,,,,,,380.60329009999987,0.9990838999997322,15.999230199999602,396.60263269999996,[],[],[],[],[],[],,,2611_1700_SB3_22,001,2023-11-26_17h34.57.928,3_End,2023.2.3,59.993868626536816,2023-11-26 17h35.08.455441 +0000,
,,,,,,,,7,1,trunk,trunkcn,./stims/AcqBystanders/trunk.jpeg,./stims/AcqBystanders/trunkcn.jpeg,SR,SR_1,,,,,0,6,6,6,396.63566390000005,,,,,,,,,,,,,,,,,,,396.60311839999986,0.9992728999995961,15.999343999999837,412.6026959999999,[],[],[],[],[],[],,,2611_1700_SB3_22,001,2023-11-26_17h34.57.928,3_End,2023.2.3,59.993868626536816,2023-11-26 17h35.08.455441 +0000,
,,,,,,,,8,1,can,cancn,./stims/AcqBystanders/can.jpeg,./stims/AcqBystanders/cancn.jpeg,RR,RR_3,,,,,0,7,7,7,412.6357366000002,,,,,,,,,,,,,,,,,,,412.6031810999998,0.9993070999998963,15.99946269999964,428.60281010000017,[],[],[],[],[],[],,,2611_1700_SB3_22,001,2023-11-26_17h34.57.928,3_End,2023.2.3,59.993868626536816,2023-11-26 17h35.08.455441 +0000,
,,,,,,,,9,1,towel,towelcn,./stims/AcqBystanders/towel.jpeg,./stims/AcqBystanders/towelcn.jpeg,RS,RS_1,,,,,0,8,8,8,428.6358825000002,,,,,,,,,,,,,,,,,,,428.60328960000015,0.9994449999999233,15.999582699999792,444.6030297000002,[],[],[],[],[],[],,,2611_1700_SB3_22,001,2023-11-26_17h34.57.928,3_End,2023.2.3,59.993868626536816,2023-11-26 17h35.08.455441 +0000,
,,,,,,,,10,1,fireextinguisher,fireextinguishercn,./stims/AcqBystanders/fireextinguisher.jpeg,./stims/AcqBystanders/fireextinguishercn.jpeg,RR,RR_1,,,,,0,9,9,9,444.6359956000001,,,,,,,,,,,,,,,,,,,444.60353050000003,0.9995712999998432,15.999727899999925,460.60311409999986,[],[],[],[],[],[],,,2611_1700_SB3_22,001,2023-11-26_17h34.57.928,3_End,2023.2.3,59.993868626536816,2023-11-26 17h35.08.455441 +0000,
,,,,,,,,11,1,passport,passportcn,./stims/AcqBystanders/passport.jpeg,./stims/AcqBystanders/passportcn.jpeg,SS,SS_3,,,,,0,10,10,10,460.6361121,,,,,,,,,,,,,,,,,,,460.6036892000002,0.9997229999999035,15.999814999999671,476.6031428000001,[],[],[],[],[],[],,,2611_1700_SB3_22,001,2023-11-26_17h34.57.928,3_End,2023.2.3,59.993868626536816,2023-11-26 17h35.08.455441 +0000,
,,,,,,,,12,1,headphones,headphonescn,./stims/AcqBystanders/headphones.jpeg,./stims/AcqBystanders/headphonescn.jpeg,SR,SR_2,,,,,0,11,11,11,476.63624329999993,,,,,,,,,,,,,,,,,,,476.6036310999998,0.999858199999835,,491.48672350000015,[0.337037037037037],[0.022222222222222223],[1],[0],[0],[14.870128099999874],,,2611_1700_SB3_22,001,2023-11-26_17h34.57.928,3_End,2023.2.3,59.993868626536816,2023-11-26 17h35.08.455441 +0000,
,,,,,,,,13,1,perfume,perfumecn,./stims/AcqBystanders/perfume.jpeg,./stims/AcqBystanders/perfumecn.jpeg,SR,SR_4,,,,,0,12,12,12,491.51971890000004,,,,,,,,,,,,,,,,,,,491.48726769999985,0.9993029999995997,,497.9536422000001,[0.337037037037037],[0.022222222222222223],[1],[0],[0],[6.449930600000243],,,2611_1700_SB3_22,001,2023-11-26_17h34.57.928,3_End,2023.2.3,59.993868626536816,2023-11-26 17h35.08.455441 +0000,
,,,,,,,,14,1,cup,cupcn,./stims/AcqBystanders/cup.jpeg,./stims/AcqBystanders/cupcn.jpeg,RS,RS_2,,,,,0,13,13,13,498.0703050000002,,,,,,,,,,,,,,,,,,,497.9541595999999,0.9991353000000345,15.99925200000007,513.9534613000001,[],[],[],[],[],[],,,2611_1700_SB3_22,001,2023-11-26_17h34.57.928,3_End,2023.2.3,59.993868626536816,2023-11-26 17h35.08.455441 +0000,
,,,,,,,,,,,,,,,,,,,,,,,,,,,,,,,,,,,,,,,,,,,,,,,,,,,,,513.9538618000001,513.9698640000001,,,,,,,,
