﻿order_ext,blk_ext,bystander_ext,test_item_ext,bystander_loc_ext,test_item_loc_ext,trial_type_ext,itemNo_ext,order_cond_acq,blk_cond_acq,bystander_cond_acq,test_item_cond_acq,bystander_loc_cond_acq,test_item_loc_cond_acq,trial_type_cond_acq,itemNo_cond_acq,trials.thisRepN,trials.thisTrialN,trials.thisN,trials.thisIndex,trials_2.thisRepN,trials_2.thisTrialN,trials_2.thisN,trials_2.thisIndex,thisRow.t,notes,INSTRUCTION.started,instruct1.started,ok1.started,INSTRUCTION.stopped,ok1.keys,ok1.rt,ok1.duration,END_EXT.started,mouse_ext.started,END_EXT.stopped,mouse_ext.x,mouse_ext.y,mouse_ext.leftButton,mouse_ext.midButton,mouse_ext.rightButton,mouse_ext.time,mouse_ext.stopped,END_ACQ.started,mouse_cond.started,mouse_cond.stopped,END_ACQ.stopped,mouse_cond.x,mouse_cond.y,mouse_cond.leftButton,mouse_cond.midButton,mouse_cond.rightButton,mouse_cond.time,thanks.started,thanksMsg.started,participant,session,date,expName,psychopyVersion,frameRate,expStart,
,,,,,,,,,,,,,,,,,,,,,,,,,,0.011574699994525872,0.028053199996065814,0.028053199996065814,11.095268699995358,space,11.06149309999455,None,,,,,,,,,,,,,,,,,,,,,,,2711_0900_SB3_23,001,2023-11-27_09h54.16.647,3_End,2023.2.3,60.009853616147346,2023-11-27 09h54.28.524698 +0000,
1,1,walkman,walkmancn,./stims/CritBystanders/cap.jpeg,./stims/CritBystanders/walkmancn.jpeg,SS,SS_2,,,,,,,,,0,0,0,0,,,,,11.144841699999233,,,,,,,,,11.110550500001409,0.9995395000005374,15.962135199995828,[0.32592592592592595],[0.4361111111111111],[1],[0],[0],[4.8336045000032755],,,,,,,,,,,,,,2711_0900_SB3_23,001,2023-11-27_09h54.16.647,3_End,2023.2.3,60.009853616147346,2023-11-27 09h54.28.524698 +0000,
2,1,scissors,scissorscn,./stims/CritBystanders/chessboard.jpeg,./stims/CritBystanders/scissorscn.jpeg,SR,SR_6,,,,,,,,,0,1,1,1,,,,,15.978178400000616,,,,,,,,,15.963081599998986,1.0152968999973382,21.295450599995092,[0.32592592592592595],[0.4361111111111111],[1],[0],[0],[5.326766600002884],,,,,,,,,,,,,,2711_0900_SB3_23,001,2023-11-27_09h54.16.647,3_End,2023.2.3,60.009853616147346,2023-11-27 09h54.28.524698 +0000,
3,1,chair,chaircn,./stims/CritBystanders/wallet.jpeg,./stims/CritBystanders/chaircn.jpeg,RS,RS_6,,,,,,,,,0,2,2,2,,,,,21.311508499995398,,,,,,,,,21.29600969999592,0.9990552999952342,24.59541039999749,[0.32592592592592595],[0.4361111111111111],[1],[0],[0],[3.2943510999975842],,,,,,,,,,,,,,2711_0900_SB3_23,001,2023-11-27_09h54.16.647,3_End,2023.2.3,60.009853616147346,2023-11-27 09h54.28.524698 +0000,
4,1,peacock,peacockcn,./stims/CritBystanders/clipboard.jpeg,./stims/CritBystanders/peacockcn.jpeg,RR,RR_5,,,,,,,,,0,3,3,3,,,,,24.611518400000932,,,,,,,,,24.595956899996963,0.9991555999949924,27.51224689999799,[0.32592592592592595],[0.4361111111111111],[1],[0],[0],[2.910638299996208],,,,,,,,,,,,,,2711_0900_SB3_23,001,2023-11-27_09h54.16.647,3_End,2023.2.3,60.009853616147346,2023-11-27 09h54.28.524698 +0000,
5,2,wastebasket,wastebasketcn,./stims/CritBystanders/comb.jpeg,./stims/CritBystanders/wastebasketcn.jpeg,RS,RS_5,,,,,,,,,0,4,4,4,,,,,27.528228199997102,,,,,,,,,27.51279789999535,1.015647899999749,30.545517499995185,[0.32592592592592595],[0.4361111111111111],[1],[0],[0],[3.0271240000001853],,,,,,,,,,,,,,2711_0900_SB3_23,001,2023-11-27_09h54.16.647,3_End,2023.2.3,60.009853616147346,2023-11-27 09h54.28.524698 +0000,
6,2,card,cardcn,./stims/CritBystanders/electriccord.jpeg,./stims/CritBystanders/cardscn.jpeg,SS,SS_1,,,,,,,,,0,5,5,5,,,,,30.561568400000397,,,,,,,,,30.54601559999719,0.9991248000005726,34.86198099999456,[0.32592592592592595],[0.4361111111111111],[1],[0],[0],[4.310491999996884],,,,,,,,,,,,,,2711_0900_SB3_23,001,2023-11-27_09h54.16.647,3_End,2023.2.3,60.009853616147346,2023-11-27 09h54.28.524698 +0000,
7,2,books,bookscn,./stims/CritBystanders/toiletpaper.jpeg,./stims/CritBystanders/bookscn.jpeg,RR,RR_2,,,,,,,,,0,6,6,6,,,,,34.878306599995994,,,,,,,,,34.862488899998425,0.999326099998143,40.712251500001,[0.32592592592592595],[0.4361111111111111],[1],[0],[0],[5.844684800002142],,,,,,,,,,,,,,2711_0900_SB3_23,001,2023-11-27_09h54.16.647,3_End,2023.2.3,60.009853616147346,2023-11-27 09h54.28.524698 +0000,
8,2,fan,fancn,./stims/CritBystanders/keys.jpeg,./stims/CritBystanders/fancn.jpeg,SR,SR_3,,,,,,,,,0,7,7,7,,,,,40.728332499995304,,,,,,,,,40.71281409999938,0.9990696999957436,45.378869100000884,[0.32592592592592595],[0.4361111111111111],[1],[0],[0],[4.6604512000049],,,,,,,,,,,,,,2711_0900_SB3_23,001,2023-11-27_09h54.16.647,3_End,2023.2.3,60.009853616147346,2023-11-27 09h54.28.524698 +0000,
9,3,chessboard,chessboardcn,./stims/CritBystanders/scissors.jpeg,./stims/CritBystanders/chessboardcn.jpeg,RR,RR_6,,,,,,,,,0,8,8,8,,,,,45.39503909999621,,,,,,,,,45.379422400001204,0.9992382999989786,61.378728700001375,[],[],[],[],[],[],15.999274200003128,,,,,,,,,,,,,2711_0900_SB3_23,001,2023-11-27_09h54.16.647,3_End,2023.2.3,60.009853616147346,2023-11-27 09h54.28.524698 +0000,
10,3,iron,ironcn,./stims/CritBystanders/soccerball.jpeg,./stims/CritBystanders/ironcn.jpeg,SR,SR_7,,,,,,,,,0,9,9,9,,,,,61.39515749999555,,,,,,,,,61.379190200001176,0.999286199999915,64.51244629999564,[0.32592592592592595],[0.4361111111111111],[1],[0],[0],[3.1276232000018354],,,,,,,,,,,,,,2711_0900_SB3_23,001,2023-11-27_09h54.16.647,3_End,2023.2.3,60.009853616147346,2023-11-27 09h54.28.524698 +0000,
11,3,candle,candlecn,./stims/CritBystanders/crate.jpeg,./stims/CritBystanders/candlecn.jpeg,SS,SS_8,,,,,,,,,0,10,10,10,,,,,64.52853779999714,,,,,,,,,64.51303899999766,0.9990605999992113,67.91242860000057,[0.32592592592592595],[0.4361111111111111],[1],[0],[0],[3.393510799993237],,,,,,,,,,,,,,2711_0900_SB3_23,001,2023-11-27_09h54.16.647,3_End,2023.2.3,60.009853616147346,2023-11-27 09h54.28.524698 +0000,
12,3,cap,capcn,./stims/CritBystanders/walkman.jpeg,./stims/CritBystanders/capcn.jpeg,RS,RS_2,,,,,,,,,0,11,11,11,,,,,67.92857830000139,,,,,,,,,67.91292209999665,0.9991924000059953,73.32914039999741,[0.32592592592592595],[0.4361111111111111],[1],[0],[0],[5.410834000002069],,,,,,,,,,,,,,2711_0900_SB3_23,001,2023-11-27_09h54.16.647,3_End,2023.2.3,60.009853616147346,2023-11-27 09h54.28.524698 +0000,
13,4,stapler,staplercn,./stims/CritBystanders/computer.jpeg,./stims/CritBystanders/staplercn.jpeg,RR,RR_1,,,,,,,,,0,12,12,12,,,,,73.3452685999946,,,,,,,,,73.32968869999604,0.999151999996684,81.96261109999614,[0.32592592592592595],[0.4361111111111111],[1],[0],[0],[8.627606200003356],,,,,,,,,,,,,,2711_0900_SB3_23,001,2023-11-27_09h54.16.647,3_End,2023.2.3,60.009853616147346,2023-11-27 09h54.28.524698 +0000,
14,4,electriccord,electriccordcn,./stims/CritBystanders/cards.jpeg,./stims/CritBystanders/electriccordcn.jpeg,RS,RS_1,,,,,,,,,0,13,13,13,,,,,81.97864950000076,,,,,,,,,81.9631922999979,0.9990176999999676,90.54596669999592,[0.32592592592592595],[0.4361111111111111],[1],[0],[0],[8.576993299997412],,,,,,,,,,,,,,2711_0900_SB3_23,001,2023-11-27_09h54.16.647,3_End,2023.2.3,60.009853616147346,2023-11-27 09h54.28.524698 +0000,
15,4,umbrella,umbrellacn,./stims/CritBystanders/calculator.jpeg,./stims/CritBystanders/umbrellacn.jpeg,SS,SS_4,,,,,,,,,0,14,14,14,,,,,90.56205139999656,,,,,,,,,90.54654550000123,0.9990657000016654,101.54587689999607,[0.32592592592592595],[0.4361111111111111],[1],[0],[0],[10.99356479999551],,,,,,,,,,,,,,2711_0900_SB3_23,001,2023-11-27_09h54.16.647,3_End,2023.2.3,60.009853616147346,2023-11-27 09h54.28.524698 +0000,
16,4,guitar,guitarcn,./stims/CritBystanders/telephone.jpeg,./stims/CritBystanders/guitarcn.jpeg,SR,SR_4,,,,,,,,,0,15,15,15,,,,,101.56217639999522,,,,,,,,,101.54638029999478,0.9993128999994951,108.22950909999781,[0.3296296296296296],[0.42407407407407405],[1],[0],[0],[6.677439300001424],,,,,,,,,,,,,,2711_0900_SB3_23,001,2023-11-27_09h54.16.647,3_End,2023.2.3,60.009853616147346,2023-11-27 09h54.28.524698 +0000,
17,5,keys,keyscn,./stims/CritBystanders/fan.jpeg,./stims/CritBystanders/keyscn.jpeg,RR,RR_3,,,,,,,,,0,16,16,16,,,,,108.24554920000082,,,,,,,,,108.23006319999695,0.9990373000036925,124.22927909999999,[],[],[],[],[],[],15.99915350000083,,,,,,,,,,,,,2711_0900_SB3_23,001,2023-11-27_09h54.16.647,3_End,2023.2.3,60.009853616147346,2023-11-27 09h54.28.524698 +0000,
18,5,crate,cratecn,./stims/CritBystanders/candle.jpeg,./stims/CritBystanders/cratecn.jpeg,RS,RS_8,,,,,,,,,0,17,17,17,,,,,124.24566960000084,,,,,,,,,124.22974469999463,0.9991664999979548,129.5629448999971,[0.3296296296296296],[0.42407407407407405],[1],[0],[0],[5.327712600002997],,,,,,,,,,,,,,2711_0900_SB3_23,001,2023-11-27_09h54.16.647,3_End,2023.2.3,60.009853616147346,2023-11-27 09h54.28.524698 +0000,
19,5,coffeemug,coffeemugcn,./stims/CritBystanders/bucket.jpeg,./stims/CritBystanders/coffeemugcn.jpeg,SS,SS_3,,,,,,,,,0,18,18,18,,,,,129.5790579999957,,,,,,,,,129.563502099998,0.9991093999997247,145.56278539999767,[],[],[],[],[],[],15.999236600000586,,,,,,,,,,,,,2711_0900_SB3_23,001,2023-11-27_09h54.16.647,3_End,2023.2.3,60.009853616147346,2023-11-27 09h54.28.524698 +0000,
20,5,clipboard,clipboardcn,./stims/CritBystanders/peacock.jpeg,./stims/CritBystanders/clipboardcn.jpeg,SR,SR_5,,,,,,,,,0,19,19,19,,,,,145.5791595999981,,,,,,,,,145.56327890000102,0.9992696999979671,161.56288259999565,[],[],[],[],[],[],15.999379399996542,,,,,,,,,,,,,2711_0900_SB3_23,001,2023-11-27_09h54.16.647,3_End,2023.2.3,60.009853616147346,2023-11-27 09h54.28.524698 +0000,
21,6,soccerball,soccerballcn,./stims/CritBystanders/iron.jpeg,./stims/CritBystanders/soccerballcn.jpeg,RR,RR_7,,,,,,,,,0,20,20,20,,,,,161.57928259999608,,,,,,,,,161.56335659999604,0.9994122999996762,165.18010649999633,[0.3296296296296296],[0.42407407407407405],[1],[0],[0],[3.6115638999981456],,,,,,,,,,,,,,2711_0900_SB3_23,001,2023-11-27_09h54.16.647,3_End,2023.2.3,60.009853616147346,2023-11-27 09h54.28.524698 +0000,
22,6,wallet,walletcn,./stims/CritBystanders/chair.jpeg,./stims/CritBystanders/walletcn.jpeg,SS,SS_6,,,,,,,,,0,21,21,21,,,,,165.19601339999645,,,,,,,,,165.18066389999876,1.0155819999999949,169.5299548999974,[0.3296296296296296],[0.42407407407407405],[1],[0],[0],[4.3437759000007645],,,,,,,,,,,,,,2711_0900_SB3_23,001,2023-11-27_09h54.16.647,3_End,2023.2.3,60.009853616147346,2023-11-27 09h54.28.524698 +0000,
23,6,calculator,calculatorcn,./stims/CritBystanders/umbrella.jpeg,./stims/CritBystanders/calculatorcn.jpeg,RS,RS_4,,,,,,,,,0,22,22,22,,,,,169.5460432999971,,,,,,,,,169.53050670000084,0.9990692999999737,181.6967222999956,[0.3296296296296296],[0.42407407407407405],[1],[0],[0],[12.160788200002571],,,,,,,,,,,,,,2711_0900_SB3_23,001,2023-11-27_09h54.16.647,3_End,2023.2.3,60.009853616147346,2023-11-27 09h54.28.524698 +0000,
24,6,toiletpaper,toiletpapercn,./stims/CritBystanders/books.jpeg,./stims/CritBystanders/toiletpapercn.jpeg,SR,SR_2,,,,,,,,,0,23,23,23,,,,,181.7128059999959,,,,,,,,,181.6972253999993,0.9991068000017549,185.3134404999946,[0.3296296296296296],[0.42407407407407405],[1],[0],[0],[3.6106962999983807],,,,,,,,,,,,,,2711_0900_SB3_23,001,2023-11-27_09h54.16.647,3_End,2023.2.3,60.009853616147346,2023-11-27 09h54.28.524698 +0000,
25,7,watch,watchcn,./stims/CritBystanders/backpack.jpeg,./stims/CritBystanders/watchcn.jpeg,SR,SR_8,,,,,,,,,0,24,24,24,,,,,185.32949720000033,,,,,,,,,185.31399129999772,0.9990542000014102,199.39667769999505,[0.3296296296296296],[0.42407407407407405],[1],[0],[0],[14.076883300003828],,,,,,,,,,,,,,2711_0900_SB3_23,001,2023-11-27_09h54.16.647,3_End,2023.2.3,60.009853616147346,2023-11-27 09h54.28.524698 +0000,
26,7,telephone,telephonecn,./stims/CritBystanders/guitar.jpeg,./stims/CritBystanders/telephonecn.jpeg,RR,RR_4,,,,,,,,,0,25,25,25,,,,,199.41297499999928,,,,,,,,,199.3972347999952,0.9992665000027046,206.71357659999921,[0.3296296296296296],[0.42407407407407405],[1],[0],[0],[7.310583799997403],,,,,,,,,,,,,,2711_0900_SB3_23,001,2023-11-27_09h54.16.647,3_End,2023.2.3,60.009853616147346,2023-11-27 09h54.28.524698 +0000,
27,7,video,videocn,./stims/CritBystanders/shoes.jpeg,./stims/CritBystanders/videocn.jpeg,RS,RS_7,,,,,,,,,0,26,26,26,,,,,206.72965889999614,,,,,,,,,206.71412869999767,0.999071800004458,210.33022139999957,[0.3296296296296296],[0.42407407407407405],[1],[0],[0],[3.6105363000024226],,,,,,,,,,,,,,2711_0900_SB3_23,001,2023-11-27_09h54.16.647,3_End,2023.2.3,60.009853616147346,2023-11-27 09h54.28.524698 +0000,
28,7,shoes,shoescn,./stims/CritBystanders/video.jpeg,./stims/CritBystanders/shoescn.jpeg,SS,SS_7,,,,,,,,,0,27,27,27,,,,,210.34638789999735,,,,,,,,,210.33077680000133,0.9991471999965142,215.34696129999793,[0.3296296296296296],[0.42407407407407405],[1],[0],[0],[5.0106884999986505],,,,,,,,,,,,,,2711_0900_SB3_23,001,2023-11-27_09h54.16.647,3_End,2023.2.3,60.009853616147346,2023-11-27 09h54.28.524698 +0000,
29,8,bucket,bucketcn,./stims/CritBystanders/coffeemug.jpeg,./stims/CritBystanders/bucketcn.jpeg,RS,RS_3,,,,,,,,,0,28,28,28,,,,,215.36304720000044,,,,,,,,,215.34751870000036,0.99912050000421,231.34676169999875,[],[],[],[],[],[],15.99919570000202,,,,,,,,,,,,,2711_0900_SB3_23,001,2023-11-27_09h54.16.647,3_End,2023.2.3,60.009853616147346,2023-11-27 09h54.28.524698 +0000,
30,8,computer,computercn,./stims/CritBystanders/stapler.jpeg,./stims/CritBystanders/computercn.jpeg,SR,SR_1,,,,,,,,,0,29,29,29,,,,,231.36317319999944,,,,,,,,,231.3472277999972,0.9992473000020254,247.34692689999792,[],[],[],[],[],[],15.999369800003478,,,,,,,,,,,,,2711_0900_SB3_23,001,2023-11-27_09h54.16.647,3_End,2023.2.3,60.009853616147346,2023-11-27 09h54.28.524698 +0000,
31,8,comb,combcn,./stims/CritBystanders/wastebasket.jpeg,./stims/CritBystanders/combcn.jpeg,SS,SS_5,,,,,,,,,0,30,30,30,,,,,247.3633250999992,,,,,,,,,247.34741850000137,0.9994081000040751,263.3471247999987,[],[],[],[],[],[],15.999473900003068,,,,,,,,,,,,,2711_0900_SB3_23,001,2023-11-27_09h54.16.647,3_End,2023.2.3,60.009853616147346,2023-11-27 09h54.28.524698 +0000,
32,8,backpack,backpackcn,./stims/CritBystanders/watch.jpeg,./stims/CritBystanders/backpackcn.jpeg,RR,RR_8,,,,,,,,,0,31,31,31,,,,,263.3634976999965,,,,,,,,,263.34763119999843,0.9995060000001104,267.0474088999981,[0.3296296296296296],[0.42407407407407405],[1],[0],[0],[3.6941255000056117],,,,,,,,,,,,,,2711_0900_SB3_23,001,2023-11-27_09h54.16.647,3_End,2023.2.3,60.009853616147346,2023-11-27 09h54.28.524698 +0000,
,,,,,,,,,,,,,,,,,,,,,,,,,,267.0478249000007,267.06347639999876,267.06347639999876,283.4475778999986,space,16.378060000002733,None,,,,,,,,,,,,,,,,,,,,,,,2711_0900_SB3_23,001,2023-11-27_09h54.16.647,3_End,2023.2.3,60.009853616147346,2023-11-27 09h54.28.524698 +0000,
,,,,,,,,1,1,pan,pancn,./stims/AcqBystanders/pan.jpeg,./stims/AcqBystanders/pancn.jpeg,SS,SS_2,,,,,0,0,0,0,283.48053359999903,,,,,,,,,,,,,,,,,,,283.4562717000008,0.999454799995874,15.999528200001805,299.447419899996,[],[],[],[],[],[],,,2711_0900_SB3_23,001,2023-11-27_09h54.16.647,3_End,2023.2.3,60.009853616147346,2023-11-27 09h54.28.524698 +0000,
,,,,,,,,2,1,lightbulb,lightbulbcn,./stims/AcqBystanders/lightbulb.jpeg,./stims/AcqBystanders/lightbulbcn.jpeg,SR,SR_3,,,,,0,1,1,1,299.56417049999436,,,,,,,,,,,,,,,,,,,299.44819740000094,0.999532800000452,,303.1977138000002,[0.30092592592592593],[0.28425925925925927],[1],[0],[0],[3.655753699997149],,,2711_0900_SB3_23,001,2023-11-27_09h54.16.647,3_End,2023.2.3,60.009853616147346,2023-11-27 09h54.28.524698 +0000,
,,,,,,,,3,1,shampoo,shampoocn,./stims/AcqBystanders/shampoo.jpeg,./stims/AcqBystanders/shampoocn.jpeg,RS,RS_4,,,,,0,2,2,2,303.2309754999951,,,,,,,,,,,,,,,,,,,303.19827339999756,0.9990423999988707,15.999257299998135,319.1976949999953,[],[],[],[],[],[],,,2711_0900_SB3_23,001,2023-11-27_09h54.16.647,3_End,2023.2.3,60.009853616147346,2023-11-27 09h54.28.524698 +0000,
,,,,,,,,4,1,mandms,mandmscn,./stims/AcqBystanders/mandms.jpeg,./stims/AcqBystanders/mandmscn.jpeg,RR,RR_2,,,,,0,3,3,3,319.21389319999435,,,,,,,,,,,,,,,,,,,319.1982113999984,0.9992541000028723,15.999307600002794,335.1976050000012,[],[],[],[],[],[],,,2711_0900_SB3_23,001,2023-11-27_09h54.16.647,3_End,2023.2.3,60.009853616147346,2023-11-27 09h54.28.524698 +0000,
,,,,,,,,5,1,sheet,sheetcn,./stims/AcqBystanders/sheet.jpeg,./stims/AcqBystanders/sheetcn.jpeg,RS,RS_3,,,,,0,4,4,4,335.21400359999825,,,,,,,,,,,,,,,,,,,335.1981985999955,0.9992973000044003,,339.5312866999957,[0.30092592592592593],[0.28425925925925927],[1],[0],[0],[4.326552400001674],,,2711_0900_SB3_23,001,2023-11-27_09h54.16.647,3_End,2023.2.3,60.009853616147346,2023-11-27 09h54.28.524698 +0000,
,,,,,,,,6,1,bottle,bottlecn,./stims/AcqBystanders/bottle.jpeg,./stims/AcqBystanders/bottlecn.jpeg,SS,SS_1,,,,,0,5,5,5,339.54736989999947,,,,,,,,,,,,,,,,,,,339.53183759999956,0.999107700001332,,352.44813109999814,[0.30092592592592593],[0.28425925925925927],[1],[0],[0],[12.910577800001192],,,2711_0900_SB3_23,001,2023-11-27_09h54.16.647,3_End,2023.2.3,60.009853616147346,2023-11-27 09h54.28.524698 +0000,
,,,,,,,,7,1,trunk,trunkcn,./stims/AcqBystanders/trunk.jpeg,./stims/AcqBystanders/trunkcn.jpeg,SR,SR_1,,,,,0,6,6,6,352.4641483000014,,,,,,,,,,,,,,,,,,,352.4487006999989,1.015662899997551,,368.4643995000006,[],[],[],[],[],[],,,2711_0900_SB3_23,001,2023-11-27_09h54.16.647,3_End,2023.2.3,60.009853616147346,2023-11-27 09h54.28.524698 +0000,
,,,,,,,,8,1,can,cancn,./stims/AcqBystanders/can.jpeg,./stims/AcqBystanders/cancn.jpeg,RR,RR_3,,,,,0,7,7,7,368.4809554999956,,,,,,,,,,,,,,,,,,,368.46491579999565,0.9991348000039579,15.999259600001096,384.44801039999584,[],[],[],[],[],[],,,2711_0900_SB3_23,001,2023-11-27_09h54.16.647,3_End,2023.2.3,60.009853616147346,2023-11-27 09h54.28.524698 +0000,
,,,,,,,,9,1,towel,towelcn,./stims/AcqBystanders/towel.jpeg,./stims/AcqBystanders/towelcn.jpeg,RS,RS_1,,,,,0,8,8,8,384.4643910999948,,,,,,,,,,,,,,,,,,,384.44878769999923,0.9992532999967807,15.999382800000603,400.44810159999906,[],[],[],[],[],[],,,2711_0900_SB3_23,001,2023-11-27_09h54.16.647,3_End,2023.2.3,60.009853616147346,2023-11-27 09h54.28.524698 +0000,
,,,,,,,,10,1,fireextinguisher,fireextinguishercn,./stims/AcqBystanders/fireextinguisher.jpeg,./stims/AcqBystanders/fireextinguishercn.jpeg,RR,RR_1,,,,,0,9,9,9,400.4645543000006,,,,,,,,,,,,,,,,,,,400.4485663999949,0.9993981000006897,15.999529400003667,416.4482652000006,[],[],[],[],[],[],,,2711_0900_SB3_23,001,2023-11-27_09h54.16.647,3_End,2023.2.3,60.009853616147346,2023-11-27 09h54.28.524698 +0000,
,,,,,,,,11,1,passport,passportcn,./stims/AcqBystanders/passport.jpeg,./stims/AcqBystanders/passportcn.jpeg,SS,SS_3,,,,,0,10,10,10,416.46466409999994,,,,,,,,,,,,,,,,,,,416.44877679999627,0.9995189999972354,15.99962979999691,432.4484106999953,[],[],[],[],[],[],,,2711_0900_SB3_23,001,2023-11-27_09h54.16.647,3_End,2023.2.3,60.009853616147346,2023-11-27 09h54.28.524698 +0000,
,,,,,,,,12,1,headphones,headphonescn,./stims/AcqBystanders/headphones.jpeg,./stims/AcqBystanders/headphonescn.jpeg,SR,SR_2,,,,,0,11,11,11,432.4647995999985,,,,,,,,,,,,,,,,,,,432.44887619999645,0.9996738999980153,15.999794499999552,448.44852959999844,[],[],[],[],[],[],,,2711_0900_SB3_23,001,2023-11-27_09h54.16.647,3_End,2023.2.3,60.009853616147346,2023-11-27 09h54.28.524698 +0000,
,,,,,,,,13,1,perfume,perfumecn,./stims/AcqBystanders/perfume.jpeg,./stims/AcqBystanders/perfumecn.jpeg,SR,SR_4,,,,,0,12,12,12,448.4649212000004,,,,,,,,,,,,,,,,,,,448.44899720000103,0.9997700000021723,,456.44868969999516,[0.30092592592592593],[0.28425925925925927],[1],[0],[0],[7.993767899999511],,,2711_0900_SB3_23,001,2023-11-27_09h54.16.647,3_End,2023.2.3,60.009853616147346,2023-11-27 09h54.28.524698 +0000,
,,,,,,,,14,1,cup,cupcn,./stims/AcqBystanders/cup.jpeg,./stims/AcqBystanders/cupcn.jpeg,RS,RS_2,,,,,0,13,13,13,456.54876969999896,,,,,,,,,,,,,,,,,,,456.44924699999683,0.9992953000037232,,461.165651299998,[0.30092592592592593],[0.28425925925925927],[1],[0],[0],[4.629338099999586],,,2711_0900_SB3_23,001,2023-11-27_09h54.16.647,3_End,2023.2.3,60.009853616147346,2023-11-27 09h54.28.524698 +0000,
,,,,,,,,,,,,,,,,,,,,,,,,,,,,,,,,,,,,,,,,,,,,,,,,,,,,,461.1660845000006,461.18168660000083,,,,,,,,
