﻿order_ext,blk_ext,bystander_ext,test_item_ext,bystander_loc_ext,test_item_loc_ext,trial_type_ext,itemNo_ext,order_cond_acq,blk_cond_acq,bystander_cond_acq,test_item_cond_acq,bystander_loc_cond_acq,test_item_loc_cond_acq,trial_type_cond_acq,itemNo_cond_acq,trials.thisRepN,trials.thisTrialN,trials.thisN,trials.thisIndex,trials_2.thisRepN,trials_2.thisTrialN,trials_2.thisN,trials_2.thisIndex,thisRow.t,notes,INSTRUCTION.started,instruct1.started,ok1.started,INSTRUCTION.stopped,ok1.keys,ok1.rt,ok1.duration,END_EXT.started,mouse_ext.started,mouse_ext.stopped,END_EXT.stopped,mouse_ext.x,mouse_ext.y,mouse_ext.leftButton,mouse_ext.midButton,mouse_ext.rightButton,mouse_ext.time,END_ACQ.started,mouse_cond.started,mouse_cond.stopped,END_ACQ.stopped,mouse_cond.x,mouse_cond.y,mouse_cond.leftButton,mouse_cond.midButton,mouse_cond.rightButton,mouse_cond.time,thanks.started,thanksMsg.started,participant,session,date,expName,psychopyVersion,frameRate,expStart,
,,,,,,,,,,,,,,,,,,,,,,,,,,0.004417900010594167,0.020975000006728806,0.020975000006728806,3.8884284000087064,space,3.8556947999895783,None,,,,,,,,,,,,,,,,,,,,,,,2711_1700_CB1_26,001,2023-11-27_17h46.34.056,3_End,2023.2.3,60.015724120676076,2023-11-27 17h46.44.171270 +0000,
1,1,cap,capcn,./stims/CritBystanders/cap.jpeg,./stims/CritBystanders/capcn.jpeg,SS,SS_2,,,,,,,,,0,0,0,0,,,,,3.9376416000013705,,,,,,,,,3.9021276000130456,0.9993021999980556,15.999385999995866,19.888029400011874,[],[],[],[],[],[],,,,,,,,,,,,,2711_1700_CB1_26,001,2023-11-27_17h46.34.056,3_End,2023.2.3,60.015724120676076,2023-11-27 17h46.44.171270 +0000,
2,1,chessboard,chessboardcn,./stims/CritBystanders/chessboard.jpeg,./stims/CritBystanders/chessboardcn.jpeg,SR,SR_6,,,,,,,,,0,1,1,1,,,,,19.904467600004864,,,,,,,,,19.888884900006815,0.9994168999983231,,27.288312500008033,[0.887962962962963],[0.32407407407407407],[1],[0],[0],[7.394128299987642],,,,,,,,,,,,,2711_1700_CB1_26,001,2023-11-27_17h46.34.056,3_End,2023.2.3,60.015724120676076,2023-11-27 17h46.44.171270 +0000,
3,1,wallet,walletcn,./stims/CritBystanders/wallet.jpeg,./stims/CritBystanders/walletcn.jpeg,RS,RS_6,,,,,,,,,0,2,2,2,,,,,27.304520500008948,,,,,,,,,27.288932600000408,0.9990992000093684,15.999258000010741,43.28828340000473,[],[],[],[],[],[],,,,,,,,,,,,,2711_1700_CB1_26,001,2023-11-27_17h46.34.056,3_End,2023.2.3,60.015724120676076,2023-11-27 17h46.44.171270 +0000,
4,1,clipboard,clipboardcn,./stims/CritBystanders/clipboard.jpeg,./stims/CritBystanders/clipboardcn.jpeg,RR,RR_5,,,,,,,,,0,3,3,3,,,,,43.304719000007026,,,,,,,,,43.28877380001359,0.9992650000058347,15.999375900006271,59.288361600003554,[],[],[],[],[],[],,,,,,,,,,,,,2711_1700_CB1_26,001,2023-11-27_17h46.34.056,3_End,2023.2.3,60.015724120676076,2023-11-27 17h46.44.171270 +0000,
5,2,comb,combcn,./stims/CritBystanders/comb.jpeg,./stims/CritBystanders/combcn.jpeg,RS,RS_5,,,,,,,,,0,4,4,4,,,,,59.30476950001321,,,,,,,,,59.28884230001131,0.9993821000098251,15.99955520000367,75.28856180000002,[],[],[],[],[],[],,,,,,,,,,,,,2711_1700_CB1_26,001,2023-11-27_17h46.34.056,3_End,2023.2.3,60.015724120676076,2023-11-27 17h46.44.171270 +0000,
6,2,electriccord,electriccordcn,./stims/CritBystanders/electriccord.jpeg,./stims/CritBystanders/electriccordcn.jpeg,SS,SS_1,,,,,,,,,0,5,5,5,,,,,75.30491850001272,,,,,,,,,75.28905080001277,0.9995318000001134,15.999642200011294,91.28860950001399,[],[],[],[],[],[],,,,,,,,,,,,,2711_1700_CB1_26,001,2023-11-27_17h46.34.056,3_End,2023.2.3,60.015724120676076,2023-11-27 17h46.44.171270 +0000,
7,2,toiletpaper,toiletpapercn,./stims/CritBystanders/toiletpaper.jpeg,./stims/CritBystanders/toiletpapercn.jpeg,RR,RR_2,,,,,,,,,0,6,6,6,,,,,91.30504510000173,,,,,,,,,91.28919770001085,0.9996404999983497,15.99980950000463,107.28885920000903,[],[],[],[],[],[],,,,,,,,,,,,,2711_1700_CB1_26,001,2023-11-27_17h46.34.056,3_End,2023.2.3,60.015724120676076,2023-11-27 17h46.44.171270 +0000,
8,2,keys,keyscn,./stims/CritBystanders/keys.jpeg,./stims/CritBystanders/keyscn.jpeg,SR,SR_3,,,,,,,,,0,7,7,7,,,,,107.30515300000843,,,,,,,,,107.28936170000816,0.99976420000894,15.999879399998463,123.28884000000835,[],[],[],[],[],[],,,,,,,,,,,,,2711_1700_CB1_26,001,2023-11-27_17h46.34.056,3_End,2023.2.3,60.015724120676076,2023-11-27 17h46.44.171270 +0000,
9,3,scissors,scissorscn,./stims/CritBystanders/scissors.jpeg,./stims/CritBystanders/scissorscn.jpeg,RR,RR_6,,,,,,,,,0,8,8,8,,,,,123.30532920001133,,,,,,,,,123.28931380000722,0.9998817000014242,,127.95570070001122,[0.887962962962963],[0.32407407407407407],[1],[0],[0],[4.660889300008421],,,,,,,,,,,,,2711_1700_CB1_26,001,2023-11-27_17h46.34.056,3_End,2023.2.3,60.015724120676076,2023-11-27 17h46.44.171270 +0000,
10,3,soccerball,soccerballcn,./stims/CritBystanders/soccerball.jpeg,./stims/CritBystanders/soccerballcn.jpeg,SR,SR_7,,,,,,,,,0,9,9,9,,,,,127.97198740000022,,,,,,,,,127.95621960000426,0.9992977999936556,,138.65601030000835,[0.887962962962963],[0.32407407407407407],[1],[0],[0],[10.69452160000219],,,,,,,,,,,,,2711_1700_CB1_26,001,2023-11-27_17h46.34.056,3_End,2023.2.3,60.015724120676076,2023-11-27 17h46.44.171270 +0000,
11,3,crate,cratecn,./stims/CritBystanders/crate.jpeg,./stims/CritBystanders/cratecn.jpeg,SS,SS_8,,,,,,,,,0,10,10,10,,,,,138.67205570000806,,,,,,,,,138.65658140000596,0.9990607000072487,15.999183000007179,154.65576870000223,[],[],[],[],[],[],,,,,,,,,,,,,2711_1700_CB1_26,001,2023-11-27_17h46.34.056,3_End,2023.2.3,60.015724120676076,2023-11-27 17h46.44.171270 +0000,
12,3,walkman,walkmancn,./stims/CritBystanders/walkman.jpeg,./stims/CritBystanders/walkmancn.jpeg,RS,RS_2,,,,,,,,,0,11,11,11,,,,,154.67220740001358,,,,,,,,,154.6562483000016,0.9991902000037953,,160.68952060000447,[0.887962962962963],[0.32407407407407407],[1],[0],[0],[6.028166699994472],,,,,,,,,,,,,2711_1700_CB1_26,001,2023-11-27_17h46.34.056,3_End,2023.2.3,60.015724120676076,2023-11-27 17h46.44.171270 +0000,
13,4,computer,computercn,./stims/CritBystanders/computer.jpeg,./stims/CritBystanders/computercn.jpeg,RR,RR_1,,,,,,,,,0,12,12,12,,,,,160.7055618000013,,,,,,,,,160.69009740000183,0.9990372000029311,,168.38970290000725,[0.887962962962963],[0.32407407407407407],[1],[0],[0],[7.6947003999957815],,,,,,,,,,,,,2711_1700_CB1_26,001,2023-11-27_17h46.34.056,3_End,2023.2.3,60.015724120676076,2023-11-27 17h46.44.171270 +0000,
14,4,cards,cardscn,./stims/CritBystanders/cards.jpeg,./stims/CritBystanders/cardscn.jpeg,RS,RS_1,,,,,,,,,0,13,13,13,,,,,168.40562180000416,,,,,,,,,168.39027720000013,1.0155910000030417,,176.0063075000071,[0.887962962962963],[0.32407407407407407],[1],[0],[0],[7.61077079999086],,,,,,,,,,,,,2711_1700_CB1_26,001,2023-11-27_17h46.34.056,3_End,2023.2.3,60.015724120676076,2023-11-27 17h46.44.171270 +0000,
15,4,calculator,calculatorcn,./stims/CritBystanders/calculator.jpeg,./stims/CritBystanders/calculatorcn.jpeg,SS,SS_4,,,,,,,,,0,14,14,14,,,,,176.022369000013,,,,,,,,,176.0068731000065,0.9990747000119882,15.999170200011577,192.00612200000614,[],[],[],[],[],[],,,,,,,,,,,,,2711_1700_CB1_26,001,2023-11-27_17h46.34.056,3_End,2023.2.3,60.015724120676076,2023-11-27 17h46.44.171270 +0000,
16,4,telephone,telephonecn,./stims/CritBystanders/telephone.jpeg,./stims/CritBystanders/telephonecn.jpeg,SR,SR_4,,,,,,,,,0,15,15,15,,,,,192.0225158000103,,,,,,,,,192.00660570000764,0.99921350000659,,198.2231424000056,[0.887962962962963],[0.32407407407407407],[1],[0],[0],[6.211232499990729],,,,,,,,,,,,,2711_1700_CB1_26,001,2023-11-27_17h46.34.056,3_End,2023.2.3,60.015724120676076,2023-11-27 17h46.44.171270 +0000,
17,5,fan,fancn,./stims/CritBystanders/fan.jpeg,./stims/CritBystanders/fancn.jpeg,RR,RR_3,,,,,,,,,0,16,16,16,,,,,198.2392167000071,,,,,,,,,198.22370210000372,0.999073099999805,15.999196000004304,214.2229165000026,[],[],[],[],[],[],,,,,,,,,,,,,2711_1700_CB1_26,001,2023-11-27_17h46.34.056,3_End,2023.2.3,60.015724120676076,2023-11-27 17h46.44.171270 +0000,
18,5,candle,candlecn,./stims/CritBystanders/candle.jpeg,./stims/CritBystanders/candlecn.jpeg,RS,RS_8,,,,,,,,,0,17,17,17,,,,,214.23933970001235,,,,,,,,,214.2234368000063,0.9991981000057422,15.99934100000246,230.22308880000492,[],[],[],[],[],[],,,,,,,,,,,,,2711_1700_CB1_26,001,2023-11-27_17h46.34.056,3_End,2023.2.3,60.015724120676076,2023-11-27 17h46.44.171270 +0000,
19,5,bucket,bucketcn,./stims/CritBystanders/bucket.jpeg,./stims/CritBystanders/bucketcn.jpeg,SS,SS_3,,,,,,,,,0,18,18,18,,,,,230.23946940001042,,,,,,,,,230.22358050000912,0.9993042999994941,,238.09009940001124,[0.887962962962963],[0.32407407407407407],[1],[0],[0],[7.861573899994255],,,,,,,,,,,,,2711_1700_CB1_26,001,2023-11-27_17h46.34.056,3_End,2023.2.3,60.015724120676076,2023-11-27 17h46.44.171270 +0000,
20,5,peacock,peacockcn,./stims/CritBystanders/peacock.jpeg,./stims/CritBystanders/peacockcn.jpeg,SR,SR_5,,,,,,,,,0,19,19,19,,,,,238.10620340000605,,,,,,,,,238.09061650000513,0.999135700010811,,242.1234465000016,[0.887962962962963],[0.32407407407407407],[1],[0],[0],[4.027182400008314],,,,,,,,,,,,,2711_1700_CB1_26,001,2023-11-27_17h46.34.056,3_End,2023.2.3,60.015724120676076,2023-11-27 17h46.44.171270 +0000,
21,6,iron,ironcn,./stims/CritBystanders/iron.jpeg,./stims/CritBystanders/ironcn.jpeg,RR,RR_7,,,,,,,,,0,20,20,20,,,,,242.13956090000283,,,,,,,,,242.1239634000085,0.9991479999880539,,250.17355280001357,[0.887962962962963],[0.32407407407407407],[1],[0],[0],[8.04392560000997],,,,,,,,,,,,,2711_1700_CB1_26,001,2023-11-27_17h46.34.056,3_End,2023.2.3,60.015724120676076,2023-11-27 17h46.44.171270 +0000,
22,6,chair,chaircn,./stims/CritBystanders/chair.jpeg,./stims/CritBystanders/chaircn.jpeg,SS,SS_6,,,,,,,,,0,21,21,21,,,,,250.18964570001117,,,,,,,,,250.1741253000073,0.9990612000110559,,254.24035070001264,[0.887962962962963],[0.32407407407407407],[1],[0],[0],[4.061286399999517],,,,,,,,,,,,,2711_1700_CB1_26,001,2023-11-27_17h46.34.056,3_End,2023.2.3,60.015724120676076,2023-11-27 17h46.44.171270 +0000,
23,6,umbrella,umbrellacn,./stims/CritBystanders/umbrella.jpeg,./stims/CritBystanders/umbrellacn.jpeg,RS,RS_4,,,,,,,,,0,22,22,22,,,,,254.25632510001014,,,,,,,,,254.240936400005,1.015601399994921,,270.25651050001034,[],[],[],[],[],[],,,,,,,,,,,,,2711_1700_CB1_26,001,2023-11-27_17h46.34.056,3_End,2023.2.3,60.015724120676076,2023-11-27 17h46.44.171270 +0000,
24,6,books,bookscn,./stims/CritBystanders/books.jpeg,./stims/CritBystanders/bookscn.jpeg,SR,SR_2,,,,,,,,,0,23,23,23,,,,,270.27312310000707,,,,,,,,,270.2569887000136,0.9991059000021778,,279.123817300002,[0.8842592592592593],[0.3537037037037037],[1],[0],[0],[8.861928499987698],,,,,,,,,,,,,2711_1700_CB1_26,001,2023-11-27_17h46.34.056,3_End,2023.2.3,60.015724120676076,2023-11-27 17h46.44.171270 +0000,
25,7,backpack,backpackcn,./stims/CritBystanders/backpack.jpeg,./stims/CritBystanders/backpackcn.jpeg,SR,SR_8,,,,,,,,,0,24,24,24,,,,,279.13986300000397,,,,,,,,,279.12439370001084,0.9990183000045363,,283.1073477000027,[0.8703703703703703],[0.3685185185185185],[1],[0],[0],[3.9773580999899423],,,,,,,,,,,,,2711_1700_CB1_26,001,2023-11-27_17h46.34.056,3_End,2023.2.3,60.015724120676076,2023-11-27 17h46.44.171270 +0000,
26,7,guitar,guitarcn,./stims/CritBystanders/guitar.jpeg,./stims/CritBystanders/guitarcn.jpeg,RR,RR_4,,,,,,,,,0,25,25,25,,,,,283.1232553000009,,,,,,,,,283.1079224000132,1.0155586000037147,,299.12340690000565,[],[],[],[],[],[],,,,,,,,,,,,,2711_1700_CB1_26,001,2023-11-27_17h46.34.056,3_End,2023.2.3,60.015724120676076,2023-11-27 17h46.44.171270 +0000,
27,7,shoes,shoescn,./stims/CritBystanders/shoes.jpeg,./stims/CritBystanders/shoescn.jpeg,RS,RS_7,,,,,,,,,0,26,26,26,,,,,299.14002510000137,,,,,,,,,299.12393810000503,1.0156338999950094,,306.874020800009,[0.8703703703703703],[0.3685185185185185],[1],[0],[0],[7.744800699991174],,,,,,,,,,,,,2711_1700_CB1_26,001,2023-11-27_17h46.34.056,3_End,2023.2.3,60.015724120676076,2023-11-27 17h46.44.171270 +0000,
28,7,video,videocn,./stims/CritBystanders/video.jpeg,./stims/CritBystanders/videocn.jpeg,SS,SS_7,,,,,,,,,0,27,27,27,,,,,306.8900854000094,,,,,,,,,306.8745906000113,0.999015800000052,,313.1910196000099,[0.8703703703703703],[0.3685185185185185],[1],[0],[0],[6.310877000010805],,,,,,,,,,,,,2711_1700_CB1_26,001,2023-11-27_17h46.34.056,3_End,2023.2.3,60.015724120676076,2023-11-27 17h46.44.171270 +0000,
29,8,coffeemug,coffeemugcn,./stims/CritBystanders/coffeemug.jpeg,./stims/CritBystanders/coffeemugcn.jpeg,RS,RS_3,,,,,,,,,0,28,28,28,,,,,313.20680650000577,,,,,,,,,313.19161280000117,1.0155291000119178,,329.20697830000427,[],[],[],[],[],[],,,,,,,,,,,,,2711_1700_CB1_26,001,2023-11-27_17h46.34.056,3_End,2023.2.3,60.015724120676076,2023-11-27 17h46.44.171270 +0000,
30,8,stapler,staplercn,./stims/CritBystanders/stapler.jpeg,./stims/CritBystanders/staplercn.jpeg,SR,SR_1,,,,,,,,,0,29,29,29,,,,,329.2236467000039,,,,,,,,,329.2074566000083,1.015559800012852,,345.20713100000285,[],[],[],[],[],[],,,,,,,,,,,,,2711_1700_CB1_26,001,2023-11-27_17h46.34.056,3_End,2023.2.3,60.015724120676076,2023-11-27 17h46.44.171270 +0000,
31,8,wastebasket,wastebasketcn,./stims/CritBystanders/wastebasket.jpeg,./stims/CritBystanders/wastebasketcn.jpeg,SS,SS_5,,,,,,,,,0,30,30,30,,,,,345.2237193000037,,,,,,,,,345.2076492000051,1.0156939000007696,,350.8241214000009,[0.8703703703703703],[0.3685185185185185],[1],[0],[0],[5.611102299997583],,,,,,,,,,,,,2711_1700_CB1_26,001,2023-11-27_17h46.34.056,3_End,2023.2.3,60.015724120676076,2023-11-27 17h46.44.171270 +0000,
32,8,watch,watchcn,./stims/CritBystanders/watch.jpeg,./stims/CritBystanders/watchcn.jpeg,RR,RR_8,,,,,,,,,0,31,31,31,,,,,350.84045000000333,,,,,,,,,350.82465590001084,0.9993664999929024,15.999494399991818,366.82422410001163,[],[],[],[],[],[],,,,,,,,,,,,,2711_1700_CB1_26,001,2023-11-27_17h46.34.056,3_End,2023.2.3,60.015724120676076,2023-11-27 17h46.44.171270 +0000,
,,,,,,,,,,,,,,,,,,,,,,,,,,366.8246027000132,366.84054840001045,366.84054840001045,377.574678200006,space,10.731398500007344,None,,,,,,,,,,,,,,,,,,,,,,,2711_1700_CB1_26,001,2023-11-27_17h46.34.056,3_End,2023.2.3,60.015724120676076,2023-11-27 17h46.44.171270 +0000,
,,,,,,,,1,1,pan,pancn,./stims/AcqBystanders/pan.jpeg,./stims/AcqBystanders/pancn.jpeg,SS,SS_2,,,,,0,0,0,0,377.60765640001046,,,,,,,,,,,,,,,,,,,377.58350840001367,0.9993351000011899,15.999471700008144,393.574371300012,[],[],[],[],[],[],,,2711_1700_CB1_26,001,2023-11-27_17h46.34.056,3_End,2023.2.3,60.015724120676076,2023-11-27 17h46.44.171270 +0000,
,,,,,,,,2,1,lightbulb,lightbulbcn,./stims/AcqBystanders/lightbulb.jpeg,./stims/AcqBystanders/lightbulbcn.jpeg,SR,SR_3,,,,,0,1,1,1,393.691118200004,,,,,,,,,,,,,,,,,,,393.57520540000405,0.9995075000042561,15.999613500011037,409.57452860000194,[],[],[],[],[],[],,,2711_1700_CB1_26,001,2023-11-27_17h46.34.056,3_End,2023.2.3,60.015724120676076,2023-11-27 17h46.44.171270 +0000,
,,,,,,,,3,1,shampoo,shampoocn,./stims/AcqBystanders/shampoo.jpeg,./stims/AcqBystanders/shampoocn.jpeg,RS,RS_4,,,,,0,2,2,2,409.60794790000364,,,,,,,,,,,,,,,,,,,409.5750481000141,0.9996067000029143,15.999729800008936,425.57468370000424,[],[],[],[],[],[],,,2711_1700_CB1_26,001,2023-11-27_17h46.34.056,3_End,2023.2.3,60.015724120676076,2023-11-27 17h46.44.171270 +0000,
,,,,,,,,4,1,mandms,mandmscn,./stims/AcqBystanders/mandms.jpeg,./stims/AcqBystanders/mandmscn.jpeg,RR,RR_2,,,,,0,3,3,3,425.59100930001296,,,,,,,,,,,,,,,,,,,425.5751631000021,0.9996541000000434,,431.3081976000103,[0.8703703703703703],[0.3685185185185185],[1],[0],[0],[5.724141500002588],,,2711_1700_CB1_26,001,2023-11-27_17h46.34.056,3_End,2023.2.3,60.015724120676076,2023-11-27 17h46.44.171270 +0000,
,,,,,,,,5,1,sheet,sheetcn,./stims/AcqBystanders/sheet.jpeg,./stims/AcqBystanders/sheetcn.jpeg,RS,RS_3,,,,,0,4,4,4,431.32439000000886,,,,,,,,,,,,,,,,,,,431.3087794000021,0.9991698000085307,,440.524866000007,[0.8703703703703703],[0.3685185185185185],[1],[0],[0],[9.20952699999907],,,2711_1700_CB1_26,001,2023-11-27_17h46.34.056,3_End,2023.2.3,60.015724120676076,2023-11-27 17h46.44.171270 +0000,
,,,,,,,,6,1,bottle,bottlecn,./stims/AcqBystanders/bottle.jpeg,./stims/AcqBystanders/bottlecn.jpeg,SS,SS_1,,,,,0,5,5,5,440.54118590000144,,,,,,,,,,,,,,,,,,,440.5254101000028,0.9992823000065982,15.999439700011862,456.5249291000073,[],[],[],[],[],[],,,2711_1700_CB1_26,001,2023-11-27_17h46.34.056,3_End,2023.2.3,60.015724120676076,2023-11-27 17h46.44.171270 +0000,
,,,,,,,,7,1,trunk,trunkcn,./stims/AcqBystanders/trunk.jpeg,./stims/AcqBystanders/trunkcn.jpeg,SR,SR_1,,,,,0,6,6,6,456.54132160000154,,,,,,,,,,,,,,,,,,,456.52542130000074,0.9994477000000188,15.99955740000587,472.52499550000357,[],[],[],[],[],[],,,2711_1700_CB1_26,001,2023-11-27_17h46.34.056,3_End,2023.2.3,60.015724120676076,2023-11-27 17h46.44.171270 +0000,
,,,,,,,,8,1,can,cancn,./stims/AcqBystanders/can.jpeg,./stims/AcqBystanders/cancn.jpeg,RR,RR_3,,,,,0,7,7,7,472.54143000001204,,,,,,,,,,,,,,,,,,,472.52548260000185,0.9995753000112018,15.999674300008337,488.5251251000009,[],[],[],[],[],[],,,2711_1700_CB1_26,001,2023-11-27_17h46.34.056,3_End,2023.2.3,60.015724120676076,2023-11-27 17h46.44.171270 +0000,
,,,,,,,,9,1,towel,towelcn,./stims/AcqBystanders/towel.jpeg,./stims/AcqBystanders/towelcn.jpeg,RS,RS_1,,,,,0,8,8,8,488.54152850000537,,,,,,,,,,,,,,,,,,,488.5256076000078,0.9996915000083391,15.999771400005557,504.525263500007,[],[],[],[],[],[],,,2711_1700_CB1_26,001,2023-11-27_17h46.34.056,3_End,2023.2.3,60.015724120676076,2023-11-27 17h46.44.171270 +0000,
,,,,,,,,10,1,fireextinguisher,fireextinguishercn,./stims/AcqBystanders/fireextinguisher.jpeg,./stims/AcqBystanders/fireextinguishercn.jpeg,RR,RR_1,,,,,0,9,9,9,504.5416666000092,,,,,,,,,,,,,,,,,,,504.5257707000128,0.9997970000113128,15.999961800000165,520.5254172000132,[],[],[],[],[],[],,,2711_1700_CB1_26,001,2023-11-27_17h46.34.056,3_End,2023.2.3,60.015724120676076,2023-11-27 17h46.44.171270 +0000,
,,,,,,,,11,1,passport,passportcn,./stims/AcqBystanders/passport.jpeg,./stims/AcqBystanders/passportcn.jpeg,SS,SS_3,,,,,0,10,10,10,520.541799700004,,,,,,,,,,,,,,,,,,,520.5259076000075,0.999931900005322,,527.2255965000077,[0.8703703703703703],[0.3685185185185185],[1],[0],[0],[6.692659499996807],,,2711_1700_CB1_26,001,2023-11-27_17h46.34.056,3_End,2023.2.3,60.015724120676076,2023-11-27 17h46.44.171270 +0000,
,,,,,,,,12,1,headphones,headphonescn,./stims/AcqBystanders/headphones.jpeg,./stims/AcqBystanders/headphonescn.jpeg,SR,SR_2,,,,,0,11,11,11,527.2418521000072,,,,,,,,,,,,,,,,,,,527.2261725000135,0.9992443999944953,15.999390500001027,543.2255926000071,[],[],[],[],[],[],,,2711_1700_CB1_26,001,2023-11-27_17h46.34.056,3_End,2023.2.3,60.015724120676076,2023-11-27 17h46.44.171270 +0000,
,,,,,,,,13,1,perfume,perfumecn,./stims/AcqBystanders/perfume.jpeg,./stims/AcqBystanders/perfumecn.jpeg,SR,SR_4,,,,,0,12,12,12,543.2419712000119,,,,,,,,,,,,,,,,,,,543.226073400001,0.9993613999977242,15.999491599999601,559.2256852000137,[],[],[],[],[],[],,,2711_1700_CB1_26,001,2023-11-27_17h46.34.056,3_End,2023.2.3,60.015724120676076,2023-11-27 17h46.44.171270 +0000,
,,,,,,,,14,1,cup,cupcn,./stims/AcqBystanders/cup.jpeg,./stims/AcqBystanders/cupcn.jpeg,RS,RS_2,,,,,0,13,13,13,559.3257965000084,,,,,,,,,,,,,,,,,,,559.2261709000013,0.9995236999966437,15.999622299990733,575.2258035000123,[],[],[],[],[],[],,,2711_1700_CB1_26,001,2023-11-27_17h46.34.056,3_End,2023.2.3,60.015724120676076,2023-11-27 17h46.44.171270 +0000,
,,,,,,,,,,,,,,,,,,,,,,,,,,,,,,,,,,,,,,,,,,,,,,,,,,,,,575.2261902000027,575.2422230000084,,,,,,,,
