﻿order_ext,blk_ext,bystander_ext,test_item_ext,bystander_loc_ext,test_item_loc_ext,trial_type_ext,itemNo_ext,order_cond_acq,blk_cond_acq,bystander_cond_acq,test_item_cond_acq,bystander_loc_cond_acq,test_item_loc_cond_acq,trial_type_cond_acq,itemNo_cond_acq,trials.thisRepN,trials.thisTrialN,trials.thisN,trials.thisIndex,trials_2.thisRepN,trials_2.thisTrialN,trials_2.thisN,trials_2.thisIndex,thisRow.t,notes,INSTRUCTION.started,instruct1.started,ok1.started,INSTRUCTION.stopped,ok1.keys,ok1.rt,ok1.duration,END_EXT.started,mouse_ext.started,END_EXT.stopped,mouse_ext.x,mouse_ext.y,mouse_ext.leftButton,mouse_ext.midButton,mouse_ext.rightButton,mouse_ext.time,mouse_ext.stopped,END_ACQ.started,mouse_cond.started,mouse_cond.stopped,END_ACQ.stopped,mouse_cond.x,mouse_cond.y,mouse_cond.leftButton,mouse_cond.midButton,mouse_cond.rightButton,mouse_cond.time,thanks.started,thanksMsg.started,participant,session,date,expName,psychopyVersion,frameRate,expStart,
,,,,,,,,,,,,,,,,,,,,,,,,,,0.017907300003571436,0.034449700004188344,0.034449700004188344,16.31837860000087,space,16.26816759999201,None,,,,,,,,,,,,,,,,,,,,,,,2711_1100_SB4_24,001,2023-11-27_11h44.44.557,3_End,2023.2.3,60.002832130793465,2023-11-27 11h44.57.814496 +0000,
1,1,walkman,walkmancn,./stims/CritBystanders/cap.jpeg,./stims/CritBystanders/bookscn.jpeg,SS,SS_2,,,,,,,,,0,0,0,0,,,,,16.367906900006346,,,,,,,,,16.332414800010156,0.9995675999962259,28.985329100003582,[-0.5703703703703704],[-0.1111111111111111],[1],[0],[0],[12.627102700003888],,,,,,,,,,,,,,2711_1100_SB4_24,001,2023-11-27_11h44.44.557,3_End,2023.2.3,60.002832130793465,2023-11-27 11h44.57.814496 +0000,
2,1,wallet,walletcn,./stims/CritBystanders/chessboard.jpeg,./stims/CritBystanders/walletcn.jpeg,SR,SR_6,,,,,,,,,0,1,1,1,,,,,29.018008200000622,,,,,,,,,28.986227800007327,1.0153724000119837,45.001503500010585,[],[],[],[],[],[],,,,,,,,,,,,,,2711_1100_SB4_24,001,2023-11-27_11h44.44.557,3_End,2023.2.3,60.002832130793465,2023-11-27 11h44.57.814496 +0000,
3,1,scissors,scissorscn,./stims/CritBystanders/wallet.jpeg,./stims/CritBystanders/scissorscn.jpeg,RS,RS_6,,,,,,,,,0,2,2,2,,,,,45.03480470000068,,,,,,,,,45.00198480000836,1.015435500012245,50.218783700009226,[-0.5638888888888889],[-0.10740740740740741],[1],[0],[0],[5.201563700000406],,,,,,,,,,,,,,2711_1100_SB4_24,001,2023-11-27_11h44.44.557,3_End,2023.2.3,60.002832130793465,2023-11-27 11h44.57.814496 +0000,
4,1,wastebasket,wastebasketcn,./stims/CritBystanders/clipboard.jpeg,./stims/CritBystanders/wastebasketcn.jpeg,RR,RR_5,,,,,,,,,0,3,3,3,,,,,50.251486500012106,,,,,,,,,50.219298100011656,0.9991178000054788,55.05214280000655,[-0.5638888888888889],[-0.10092592592592593],[1],[0],[0],[4.8199760999996215],,,,,,,,,,,,,,2711_1100_SB4_24,001,2023-11-27_11h44.44.557,3_End,2023.2.3,60.002832130793465,2023-11-27 11h44.57.814496 +0000,
5,2,clipboard,clipboardcn,./stims/CritBystanders/comb.jpeg,./stims/CritBystanders/clipboardcn.jpeg,RS,RS_5,,,,,,,,,0,4,4,4,,,,,55.084846700003254,,,,,,,,,55.05272920000425,0.9990252999996301,71.05193470000813,[],[],[],[],[],[],15.9991505999933,,,,,,,,,,,,,2711_1100_SB4_24,001,2023-11-27_11h44.44.557,3_End,2023.2.3,60.002832130793465,2023-11-27 11h44.57.814496 +0000,
6,2,stapler,staplercn,./stims/CritBystanders/electriccord.jpeg,./stims/CritBystanders/staplercn.jpeg,SS,SS_1,,,,,,,,,0,5,5,5,,,,,71.08498880000843,,,,,,,,,71.05248199999915,0.9991484999918612,87.05210400000215,[],[],[],[],[],[],15.999304199998733,,,,,,,,,,,,,2711_1100_SB4_24,001,2023-11-27_11h44.44.557,3_End,2023.2.3,60.002832130793465,2023-11-27 11h44.57.814496 +0000,
7,2,cap,capcn,./stims/CritBystanders/toiletpaper.jpeg,./stims/CritBystanders/capcn.jpeg,RR,RR_2,,,,,,,,,0,6,6,6,,,,,87.08514300000388,,,,,,,,,87.05261800000153,0.999369500001194,103.05214480000723,[],[],[],[],[],[],15.99939739999536,,,,,,,,,,,,,2711_1100_SB4_24,001,2023-11-27_11h44.44.557,3_End,2023.2.3,60.002832130793465,2023-11-27 11h44.57.814496 +0000,
8,2,coffeemug,coffeemugcn,./stims/CritBystanders/keys.jpeg,./stims/CritBystanders/coffeemugcn.jpeg,SR,SR_3,,,,,,,,,0,7,7,7,,,,,103.0852661000099,,,,,,,,,103.05265100000543,0.9994085999933304,119.05236860000878,[],[],[],[],[],[],15.999551000000793,,,,,,,,,,,,,2711_1100_SB4_24,001,2023-11-27_11h44.44.557,3_End,2023.2.3,60.002832130793465,2023-11-27 11h44.57.814496 +0000,
9,3,chair,chaircn,./stims/CritBystanders/scissors.jpeg,./stims/CritBystanders/chaircn.jpeg,RR,RR_6,,,,,,,,,0,8,8,8,,,,,119.08537260000594,,,,,,,,,119.05286150000757,0.9995190999907209,135.05246110000007,[],[],[],[],[],[],15.999691199991503,,,,,,,,,,,,,2711_1100_SB4_24,001,2023-11-27_11h44.44.557,3_End,2023.2.3,60.002832130793465,2023-11-27 11h44.57.814496 +0000,
10,3,shoes,shoescn,./stims/CritBystanders/soccerball.jpeg,./stims/CritBystanders/shoescn.jpeg,SR,SR_7,,,,,,,,,0,9,9,9,,,,,135.08550640000612,,,,,,,,,135.05293070001062,0.9996847000002163,139.23596550000366,[-0.5638888888888889],[-0.1],[1],[0],[0],[4.169841599999927],,,,,,,,,,,,,,2711_1100_SB4_24,001,2023-11-27_11h44.44.557,3_End,2023.2.3,60.002832130793465,2023-11-27 11h44.57.814496 +0000,
11,3,backpack,backpackcn,./stims/CritBystanders/crate.jpeg,./stims/CritBystanders/backpackcn.jpeg,SS,SS_8,,,,,,,,,0,10,10,10,,,,,139.2688829000108,,,,,,,,,139.23654589999933,0.9992403000069316,143.95290530000057,[-0.5666666666666667],[-0.1],[1],[0],[0],[4.699606199996197],,,,,,,,,,,,,,2711_1100_SB4_24,001,2023-11-27_11h44.44.557,3_End,2023.2.3,60.002832130793465,2023-11-27 11h44.57.814496 +0000,
12,3,toiletpaper,toiletpapercn,./stims/CritBystanders/walkman.jpeg,./stims/CritBystanders/toiletpapercn.jpeg,RS,RS_2,,,,,,,,,0,11,11,11,,,,,143.98560090000683,,,,,,,,,143.9534929000074,1.0156373000063468,149.60297260001244,[-0.5666666666666667],[-0.1],[1],[0],[0],[5.636394699991797],,,,,,,,,,,,,,2711_1100_SB4_24,001,2023-11-27_11h44.44.557,3_End,2023.2.3,60.002832130793465,2023-11-27 11h44.57.814496 +0000,
13,4,electriccord,electriccordcn,./stims/CritBystanders/computer.jpeg,./stims/CritBystanders/electriccordcn.jpeg,RR,RR_1,,,,,,,,,0,12,12,12,,,,,149.6356444999983,,,,,,,,,149.6035383000126,1.0156338999950094,165.6191678000032,[],[],[],[],[],[],,,,,,,,,,,,,,2711_1100_SB4_24,001,2023-11-27_11h44.44.557,3_End,2023.2.3,60.002832130793465,2023-11-27 11h44.57.814496 +0000,
14,4,computer,computercn,./stims/CritBystanders/cards.jpeg,./stims/CritBystanders/computercn.jpeg,RS,RS_1,,,,,,,,,0,13,13,13,,,,,165.6523976000026,,,,,,,,,165.61966520000715,0.999092500002007,181.6027893999999,[],[],[],[],[],[],15.999185000007856,,,,,,,,,,,,,2711_1100_SB4_24,001,2023-11-27_11h44.44.557,3_End,2023.2.3,60.002832130793465,2023-11-27 11h44.57.814496 +0000,
15,4,telephone,telephonecn,./stims/CritBystanders/calculator.jpeg,./stims/CritBystanders/telephonecn.jpeg,SS,SS_4,,,,,,,,,0,14,14,14,,,,,181.63590500000282,,,,,,,,,181.60330030000478,0.9992376000009244,188.83651900000405,[-0.5666666666666667],[-0.1],[1],[0],[0],[7.216853200006881],,,,,,,,,,,,,,2711_1100_SB4_24,001,2023-11-27_11h44.44.557,3_End,2023.2.3,60.002832130793465,2023-11-27 11h44.57.814496 +0000,
16,4,umbrella,umbrellacn,./stims/CritBystanders/telephone.jpeg,./stims/CritBystanders/umbrellacn.jpeg,SR,SR_4,,,,,,,,,0,15,15,15,,,,,188.86927200001082,,,,,,,,,188.83711649999896,0.9990211999975145,204.83635380001215,[],[],[],[],[],[],15.99919129999762,,,,,,,,,,,,,2711_1100_SB4_24,001,2023-11-27_11h44.44.557,3_End,2023.2.3,60.002832130793465,2023-11-27 11h44.57.814496 +0000,
17,5,bucket,bucketcn,./stims/CritBystanders/fan.jpeg,./stims/CritBystanders/bucketcn.jpeg,RR,RR_3,,,,,,,,,0,16,16,16,,,,,204.8693753000116,,,,,,,,,204.836856000009,0.9992048999993131,220.83654880001268,[],[],[],[],[],[],15.999324299991713,,,,,,,,,,,,,2711_1100_SB4_24,001,2023-11-27_11h44.44.557,3_End,2023.2.3,60.002832130793465,2023-11-27 11h44.57.814496 +0000,
18,5,watch,watchcn,./stims/CritBystanders/candle.jpeg,./stims/CritBystanders/watchcn.jpeg,RS,RS_8,,,,,,,,,0,17,17,17,,,,,220.8695282000117,,,,,,,,,220.83702370000537,0.9993036999949254,230.18689570001152,[-0.6361111111111111],[0.009259259259259259],[1],[0],[0],[9.335708600003272],,,,,,,,,,,,,,2711_1100_SB4_24,001,2023-11-27_11h44.44.557,3_End,2023.2.3,60.002832130793465,2023-11-27 11h44.57.814496 +0000,
19,5,keys,keyscn,./stims/CritBystanders/bucket.jpeg,./stims/CritBystanders/keyscn.jpeg,SS,SS_3,,,,,,,,,0,18,18,18,,,,,230.21959100000095,,,,,,,,,230.1874841000099,1.0156862000003457,246.2031255000038,[],[],[],[],[],[],,,,,,,,,,,,,,2711_1100_SB4_24,001,2023-11-27_11h44.44.557,3_End,2023.2.3,60.002832130793465,2023-11-27 11h44.57.814496 +0000,
20,5,comb,combcn,./stims/CritBystanders/peacock.jpeg,./stims/CritBystanders/combcn.jpeg,SR,SR_5,,,,,,,,,0,19,19,19,,,,,246.23643390000507,,,,,,,,,246.2036996000097,0.9991270000027725,253.47059190001164,[-0.6129629629629629],[0.03333333333333333],[1],[0],[0],[7.253999399996246],,,,,,,,,,,,,,2711_1100_SB4_24,001,2023-11-27_11h44.44.557,3_End,2023.2.3,60.002832130793465,2023-11-27 11h44.57.814496 +0000,
21,6,video,videocn,./stims/CritBystanders/iron.jpeg,./stims/CritBystanders/videocn.jpeg,RR,RR_7,,,,,,,,,0,20,20,20,,,,,253.5031209000008,,,,,,,,,253.4711573000095,1.0155708000093,258.4868872000079,[-0.5851851851851851],[0.04814814814814815],[1],[0],[0],[4.9938812000036705],,,,,,,,,,,,,,2711_1100_SB4_24,001,2023-11-27_11h44.44.557,3_End,2023.2.3,60.002832130793465,2023-11-27 11h44.57.814496 +0000,
22,6,chessboard,chessboardcn,./stims/CritBystanders/chair.jpeg,./stims/CritBystanders/chessboardcn.jpeg,SS,SS_6,,,,,,,,,0,21,21,21,,,,,258.51982000000135,,,,,,,,,258.487458100004,0.999255800008541,274.486848200002,[],[],[],[],[],[],15.999336199995014,,,,,,,,,,,,,2711_1100_SB4_24,001,2023-11-27_11h44.44.557,3_End,2023.2.3,60.002832130793465,2023-11-27 11h44.57.814496 +0000,
23,6,guitar,guitarcn,./stims/CritBystanders/umbrella.jpeg,./stims/CritBystanders/guitarcn.jpeg,RS,RS_4,,,,,,,,,0,22,22,22,,,,,274.5199505000055,,,,,,,,,274.487320500004,0.9994102000055136,290.48700370000734,[],[],[],[],[],[],15.999496100004762,,,,,,,,,,,,,2711_1100_SB4_24,001,2023-11-27_11h44.44.557,3_End,2023.2.3,60.002832130793465,2023-11-27 11h44.57.814496 +0000,
24,6,walkman,walkmancn,./stims/CritBystanders/books.jpeg,./stims/CritBystanders/walkmancn.jpeg,SR,SR_2,,,,,,,,,0,23,23,23,,,,,290.52009820000967,,,,,,,,,290.48752680000325,0.9995475000032457,306.48739200001,[],[],[],[],[],[],15.999704300003941,,,,,,,,,,,,,2711_1100_SB4_24,001,2023-11-27_11h44.44.557,3_End,2023.2.3,60.002832130793465,2023-11-27 11h44.57.814496 +0000,
25,7,candle,candlecn,./stims/CritBystanders/backpack.jpeg,./stims/CritBystanders/candlecn.jpeg,SR,SR_8,,,,,,,,,0,24,24,24,,,,,306.5202113000123,,,,,,,,,306.4878880000033,0.9996991000080016,311.7207938000065,[-0.5851851851851851],[0.04814814814814815],[1],[0],[0],[5.2199754000030225],,,,,,,,,,,,,,2711_1100_SB4_24,001,2023-11-27_11h44.44.557,3_End,2023.2.3,60.002832130793465,2023-11-27 11h44.57.814496 +0000,
26,7,calculator,calculatorcn,./stims/CritBystanders/guitar.jpeg,./stims/CritBystanders/calculatorcn.jpeg,RR,RR_4,,,,,,,,,0,25,25,25,,,,,311.75357270000677,,,,,,,,,311.72132789999887,0.9991502999910153,327.72073340001225,[],[],[],[],[],[],15.999325999990106,,,,,,,,,,,,,2711_1100_SB4_24,001,2023-11-27_11h44.44.557,3_End,2023.2.3,60.002832130793465,2023-11-27 11h44.57.814496 +0000,
27,7,iron,ironcn,./stims/CritBystanders/shoes.jpeg,./stims/CritBystanders/ironcn.jpeg,RS,RS_7,,,,,,,,,0,26,26,26,,,,,327.75371870001254,,,,,,,,,327.7212570999982,0.9992706999910297,343.72074710000015,[],[],[],[],[],[],15.99938110000221,,,,,,,,,,,,,2711_1100_SB4_24,001,2023-11-27_11h44.44.557,3_End,2023.2.3,60.002832130793465,2023-11-27 11h44.57.814496 +0000,
28,7,soccerball,soccerballcn,./stims/CritBystanders/video.jpeg,./stims/CritBystanders/soccerballcn.jpeg,SS,SS_7,,,,,,,,,0,27,27,27,,,,,343.7538410999987,,,,,,,,,343.7212504000054,0.9994270000024699,353.7877687,[-0.5851851851851851],[0.04814814814814815],[1],[0],[0],[10.053208500001347],,,,,,,,,,,,,,2711_1100_SB4_24,001,2023-11-27_11h44.44.557,3_End,2023.2.3,60.002832130793465,2023-11-27 11h44.57.814496 +0000,
29,8,fan,fancn,./stims/CritBystanders/coffeemug.jpeg,./stims/CritBystanders/fancn.jpeg,RS,RS_3,,,,,,,,,0,28,28,28,,,,,353.820576099999,,,,,,,,,353.78833960001066,0.9991700999962632,369.78766370000085,[],[],[],[],[],[],15.999254099995596,,,,,,,,,,,,,2711_1100_SB4_24,001,2023-11-27_11h44.44.557,3_End,2023.2.3,60.002832130793465,2023-11-27 11h44.57.814496 +0000,
30,8,cards,cardscn,./stims/CritBystanders/stapler.jpeg,./stims/CritBystanders/cardscn.jpeg,SR,SR_1,,,,,,,,,0,29,29,29,,,,,369.82071520001045,,,,,,,,,369.78818350000074,0.9992785999929765,385.78781629999867,[],[],[],[],[],[],15.999400899992906,,,,,,,,,,,,,2711_1100_SB4_24,001,2023-11-27_11h44.44.557,3_End,2023.2.3,60.002832130793465,2023-11-27 11h44.57.814496 +0000,
31,8,peacock,peacockcn,./stims/CritBystanders/wastebasket.jpeg,./stims/CritBystanders/peacockcn.jpeg,SS,SS_5,,,,,,,,,0,30,30,30,,,,,385.8208267000009,,,,,,,,,385.78835880001134,0.999434299999848,401.78786799999943,[],[],[],[],[],[],15.999495799987926,,,,,,,,,,,,,2711_1100_SB4_24,001,2023-11-27_11h44.44.557,3_End,2023.2.3,60.002832130793465,2023-11-27 11h44.57.814496 +0000,
32,8,crate,cratecn,./stims/CritBystanders/watch.jpeg,./stims/CritBystanders/cratecn.jpeg,RR,RR_8,,,,,,,,,0,31,31,31,,,,,401.82098750000296,,,,,,,,,401.7883545000077,0.9995185999869136,411.4214779000031,[-0.47685185185185186],[0.08796296296296297],[1],[0],[0],[9.620173700008309],,,,,,,,,,,,,,2711_1100_SB4_24,001,2023-11-27_11h44.44.557,3_End,2023.2.3,60.002832130793465,2023-11-27 11h44.57.814496 +0000,
,,,,,,,,,,,,,,,,,,,,,,,,,,411.42193810000026,411.43770790001145,411.43770790001145,418.65498110000044,space,7.200394000014057,None,,,,,,,,,,,,,,,,,,,,,,,2711_1100_SB4_24,001,2023-11-27_11h44.44.557,3_End,2023.2.3,60.002832130793465,2023-11-27 11h44.57.814496 +0000,
,,,,,,,,1,1,pan,pancn,./stims/AcqBystanders/pan.jpeg,./stims/AcqBystanders/pancn.jpeg,SS,SS_2,,,,,0,0,0,0,418.7047040000034,,,,,,,,,,,,,,,,,,,418.6646749000065,0.99954780000553,15.999712999997428,434.6550558000017,[],[],[],[],[],[],,,2711_1100_SB4_24,001,2023-11-27_11h44.44.557,3_End,2023.2.3,60.002832130793465,2023-11-27 11h44.57.814496 +0000,
,,,,,,,,2,1,lightbulb,lightbulbcn,./stims/AcqBystanders/lightbulb.jpeg,./stims/AcqBystanders/lightbulbcn.jpeg,SR,SR_3,,,,,0,1,1,1,434.7716594000085,,,,,,,,,,,,,,,,,,,434.6558656000125,0.9996157999994466,15.999719400002505,450.6549973000074,[],[],[],[],[],[],,,2711_1100_SB4_24,001,2023-11-27_11h44.44.557,3_End,2023.2.3,60.002832130793465,2023-11-27 11h44.57.814496 +0000,
,,,,,,,,3,1,shampoo,shampoocn,./stims/AcqBystanders/shampoo.jpeg,./stims/AcqBystanders/shampoocn.jpeg,RS,RS_4,,,,,0,2,2,2,450.70507150000776,,,,,,,,,,,,,,,,,,,450.6555073000054,0.9997702999971807,15.999873099994147,466.6551541000081,[],[],[],[],[],[],,,2711_1100_SB4_24,001,2023-11-27_11h44.44.557,3_End,2023.2.3,60.002832130793465,2023-11-27 11h44.57.814496 +0000,
,,,,,,,,4,1,mandms,mandmscn,./stims/AcqBystanders/mandms.jpeg,./stims/AcqBystanders/mandmscn.jpeg,RR,RR_2,,,,,0,3,3,3,466.68812340000295,,,,,,,,,,,,,,,,,,,466.65567760000704,0.9998925999971107,15.999980399996275,482.6552095000079,[],[],[],[],[],[],,,2711_1100_SB4_24,001,2023-11-27_11h44.44.557,3_End,2023.2.3,60.002832130793465,2023-11-27 11h44.57.814496 +0000,
,,,,,,,,5,1,sheet,sheetcn,./stims/AcqBystanders/sheet.jpeg,./stims/AcqBystanders/sheetcn.jpeg,RS,RS_3,,,,,0,4,4,4,482.68826380000974,,,,,,,,,,,,,,,,,,,482.6557118000055,1.0000571999989916,,489.55552980001085,[-0.47685185185185186],[0.08796296296296297],[1],[0],[0],[6.88217570001143],,,2711_1100_SB4_24,001,2023-11-27_11h44.44.557,3_End,2023.2.3,60.002832130793465,2023-11-27 11h44.57.814496 +0000,
,,,,,,,,6,1,bottle,bottlecn,./stims/AcqBystanders/bottle.jpeg,./stims/AcqBystanders/bottlecn.jpeg,SS,SS_1,,,,,0,5,5,5,489.5883193000045,,,,,,,,,,,,,,,,,,,489.55607520000194,0.9991363000008278,,497.02252320000844,[-0.47685185185185186],[0.08796296296296297],[1],[0],[0],[7.4531889999925625],,,2711_1100_SB4_24,001,2023-11-27_11h44.44.557,3_End,2023.2.3,60.002832130793465,2023-11-27 11h44.57.814496 +0000,
,,,,,,,,7,1,trunk,trunkcn,./stims/AcqBystanders/trunk.jpeg,./stims/AcqBystanders/trunkcn.jpeg,SR,SR_1,,,,,0,6,6,6,497.05506860000605,,,,,,,,,,,,,,,,,,,497.02311420001206,1.015542599998298,,506.3721765000082,[-0.47685185185185186],[0.08796296296296297],[1],[0],[0],[9.336112199991476],,,2711_1100_SB4_24,001,2023-11-27_11h44.44.557,3_End,2023.2.3,60.002832130793465,2023-11-27 11h44.57.814496 +0000,
,,,,,,,,8,1,can,cancn,./stims/AcqBystanders/can.jpeg,./stims/AcqBystanders/cancn.jpeg,RR,RR_3,,,,,0,7,7,7,506.4051458000031,,,,,,,,,,,,,,,,,,,506.37277970000287,0.9992707000055816,,521.122546700004,[-0.47129629629629627],[0.10648148148148148],[1],[0],[0],[14.733752100000856],,,2711_1100_SB4_24,001,2023-11-27_11h44.44.557,3_End,2023.2.3,60.002832130793465,2023-11-27 11h44.57.814496 +0000,
,,,,,,,,9,1,towel,towelcn,./stims/AcqBystanders/towel.jpeg,./stims/AcqBystanders/towelcn.jpeg,RS,RS_1,,,,,0,8,8,8,521.15526710001,,,,,,,,,,,,,,,,,,,521.1233640999999,1.0154654000070877,,529.8893325000099,[-0.4722222222222222],[0.10555555555555556],[1],[0],[0],[8.752837899999577],,,2711_1100_SB4_24,001,2023-11-27_11h44.44.557,3_End,2023.2.3,60.002832130793465,2023-11-27 11h44.57.814496 +0000,
,,,,,,,,10,1,fireextinguisher,fireextinguishercn,./stims/AcqBystanders/fireextinguisher.jpeg,./stims/AcqBystanders/fireextinguishercn.jpeg,RR,RR_1,,,,,0,9,9,9,529.9219769000047,,,,,,,,,,,,,,,,,,,529.8898986999993,1.015678099996876,,543.2060057000053,[-0.4722222222222222],[0.10555555555555556],[1],[0],[0],[13.29946039999777],,,2711_1100_SB4_24,001,2023-11-27_11h44.44.557,3_End,2023.2.3,60.002832130793465,2023-11-27 11h44.57.814496 +0000,
,,,,,,,,11,1,passport,passportcn,./stims/AcqBystanders/passport.jpeg,./stims/AcqBystanders/passportcn.jpeg,SS,SS_3,,,,,0,10,10,10,543.2387645000126,,,,,,,,,,,,,,,,,,,543.206546100002,0.9991275000065798,15.99921050001285,559.2058338000061,[],[],[],[],[],[],,,2711_1100_SB4_24,001,2023-11-27_11h44.44.557,3_End,2023.2.3,60.002832130793465,2023-11-27 11h44.57.814496 +0000,
,,,,,,,,12,1,headphones,headphonescn,./stims/AcqBystanders/headphones.jpeg,./stims/AcqBystanders/headphonescn.jpeg,SR,SR_2,,,,,0,11,11,11,559.2389064000017,,,,,,,,,,,,,,,,,,,559.2063174000068,0.9992554000054952,15.999343300005421,575.2059149000124,[],[],[],[],[],[],,,2711_1100_SB4_24,001,2023-11-27_11h44.44.557,3_End,2023.2.3,60.002832130793465,2023-11-27 11h44.57.814496 +0000,
,,,,,,,,13,1,perfume,perfumecn,./stims/AcqBystanders/perfume.jpeg,./stims/AcqBystanders/perfumecn.jpeg,SR,SR_4,,,,,0,12,12,12,575.2390236000065,,,,,,,,,,,,,,,,,,,575.2064117000118,0.999389800010249,15.999479400008568,591.2060373999993,[],[],[],[],[],[],,,2711_1100_SB4_24,001,2023-11-27_11h44.44.557,3_End,2023.2.3,60.002832130793465,2023-11-27 11h44.57.814496 +0000,
,,,,,,,,14,1,cup,cupcn,./stims/AcqBystanders/cup.jpeg,./stims/AcqBystanders/cupcn.jpeg,RS,RS_2,,,,,0,13,13,13,591.3230106000119,,,,,,,,,,,,,,,,,,,591.2066102000099,0.9994807000039145,15.999633500003256,607.2063251000072,[],[],[],[],[],[],,,2711_1100_SB4_24,001,2023-11-27_11h44.44.557,3_End,2023.2.3,60.002832130793465,2023-11-27 11h44.57.814496 +0000,
,,,,,,,,,,,,,,,,,,,,,,,,,,,,,,,,,,,,,,,,,,,,,,,,,,,,,607.2067519999982,607.2226063000126,,,,,,,,
