﻿order_ext,blk_ext,bystander_ext,test_item_ext,bystander_loc_ext,test_item_loc_ext,trial_type_ext,itemNo_ext,order_cond_acq,blk_cond_acq,bystander_cond_acq,test_item_cond_acq,bystander_loc_cond_acq,test_item_loc_cond_acq,trial_type_cond_acq,itemNo_cond_acq,trials.thisRepN,trials.thisTrialN,trials.thisN,trials.thisIndex,trials_2.thisRepN,trials_2.thisTrialN,trials_2.thisN,trials_2.thisIndex,thisRow.t,notes,INSTRUCTION.started,instruct1.started,ok1.started,INSTRUCTION.stopped,ok1.keys,ok1.rt,ok1.duration,END_EXT.started,mouse_ext.started,END_EXT.stopped,mouse_ext.x,mouse_ext.y,mouse_ext.leftButton,mouse_ext.midButton,mouse_ext.rightButton,mouse_ext.time,mouse_ext.stopped,END_ACQ.started,mouse_cond.started,END_ACQ.stopped,mouse_cond.x,mouse_cond.y,mouse_cond.leftButton,mouse_cond.midButton,mouse_cond.rightButton,mouse_cond.time,thanks.started,thanksMsg.started,participant,session,date,expName,psychopyVersion,frameRate,expStart,
,,,,,,,,,,,,,,,,,,,,,,,,,,0.013533000004827045,0.03011520000291057,0.03011520000291057,2.1306387999939034,u,2.0917727000050945,None,,,,,,,,,,,,,,,,,,,,,,2711_1245_CB1_25,001,2023-11-27_13h14.36.710,3_End,2023.2.3,59.98987371252377,2023-11-27 13h14.47.108913 +0000,
1,1,cap,capcn,./stims/CritBystanders/cap.jpeg,./stims/CritBystanders/capcn.jpeg,SS,SS_2,,,,,,,,,0,0,0,0,,,,,2.1967497000005096,,,,,,,,,2.1447970000008354,0.9994907999935094,11.230799400000251,[0.887962962962963],[0.15462962962962962],[1],[0],[0],[9.056017700000666],,,,,,,,,,,,,2711_1245_CB1_25,001,2023-11-27_13h14.36.710,3_End,2023.2.3,59.98987371252377,2023-11-27 13h14.47.108913 +0000,
2,1,chessboard,chessboardcn,./stims/CritBystanders/chessboard.jpeg,./stims/CritBystanders/chessboardcn.jpeg,SR,SR_6,,,,,,,,,0,1,1,1,,,,,11.263503900001524,,,,,,,,,11.231741800002055,1.015330599999288,23.96423660000437,[0.887962962962963],[0.15462962962962962],[1],[0],[0],[12.71619429999555],,,,,,,,,,,,,2711_1245_CB1_25,001,2023-11-27_13h14.36.710,3_End,2023.2.3,59.98987371252377,2023-11-27 13h14.47.108913 +0000,
3,1,wallet,walletcn,./stims/CritBystanders/wallet.jpeg,./stims/CritBystanders/walletcn.jpeg,RS,RS_6,,,,,,,,,0,2,2,2,,,,,23.996947899999213,,,,,,,,,23.964822099995217,1.0156721999956062,32.31429840000055,[0.887962962962963],[0.15462962962962962],[1],[0],[0],[8.333871099996031],,,,,,,,,,,,,2711_1245_CB1_25,001,2023-11-27_13h14.36.710,3_End,2023.2.3,59.98987371252377,2023-11-27 13h14.47.108913 +0000,
4,1,clipboard,clipboardcn,./stims/CritBystanders/clipboard.jpeg,./stims/CritBystanders/clipboardcn.jpeg,RR,RR_5,,,,,,,,,0,3,3,3,,,,,32.34700349999184,,,,,,,,,32.314838899997994,0.9990685999946436,46.547694399996544,[0.887962962962963],[0.15462962962962962],[1],[0],[0],[14.216703300000518],,,,,,,,,,,,,2711_1245_CB1_25,001,2023-11-27_13h14.36.710,3_End,2023.2.3,59.98987371252377,2023-11-27 13h14.47.108913 +0000,
5,2,comb,combcn,./stims/CritBystanders/comb.jpeg,./stims/CritBystanders/combcn.jpeg,RS,RS_5,,,,,,,,,0,4,4,4,,,,,46.580454399998416,,,,,,,,,46.548252599997795,0.9991041000030236,49.39774729999772,[0.887962962962963],[0.15462962962962962],[1],[0],[0],[2.833015099997283],,,,,,,,,,,,,2711_1245_CB1_25,001,2023-11-27_13h14.36.710,3_End,2023.2.3,59.98987371252377,2023-11-27 13h14.47.108913 +0000,
6,2,electriccord,electriccordcn,./stims/CritBystanders/electriccord.jpeg,./stims/CritBystanders/electriccordcn.jpeg,SS,SS_1,,,,,,,,,0,5,5,5,,,,,49.43049499999324,,,,,,,,,49.39826980000362,0.9991154000017559,65.39758170000277,[],[],[],[],[],[],15.999218500001007,,,,,,,,,,,,2711_1245_CB1_25,001,2023-11-27_13h14.36.710,3_End,2023.2.3,59.98987371252377,2023-11-27 13h14.47.108913 +0000,
7,2,toiletpaper,toiletpapercn,./stims/CritBystanders/toiletpaper.jpeg,./stims/CritBystanders/toiletpapercn.jpeg,RR,RR_2,,,,,,,,,0,6,6,6,,,,,65.43060239999613,,,,,,,,,65.39809000000241,0.9992242000007536,69.21455730000162,[0.887962962962963],[0.15462962962962962],[1],[0],[0],[3.8032431000028737],,,,,,,,,,,,,2711_1245_CB1_25,001,2023-11-27_13h14.36.710,3_End,2023.2.3,59.98987371252377,2023-11-27 13h14.47.108913 +0000,
8,2,keys,keyscn,./stims/CritBystanders/keys.jpeg,./stims/CritBystanders/keyscn.jpeg,SR,SR_3,,,,,,,,,0,7,7,7,,,,,69.24730010000349,,,,,,,,,69.21512849999999,0.9990465999871958,82.48113849999208,[0.887962962962963],[0.15462962962962962],[1],[0],[0],[13.253261100006057],,,,,,,,,,,,,2711_1245_CB1_25,001,2023-11-27_13h14.36.710,3_End,2023.2.3,59.98987371252377,2023-11-27 13h14.47.108913 +0000,
9,3,scissors,scissorscn,./stims/CritBystanders/scissors.jpeg,./stims/CritBystanders/scissorscn.jpeg,RR,RR_6,,,,,,,,,0,8,8,8,,,,,82.51405499999237,,,,,,,,,82.4817492000002,0.9992450999998255,89.46474120000494,[0.887962962962963],[0.15462962962962962],[1],[0],[0],[6.969213100004708],,,,,,,,,,,,,2711_1245_CB1_25,001,2023-11-27_13h14.36.710,3_End,2023.2.3,59.98987371252377,2023-11-27 13h14.47.108913 +0000,
10,3,soccerball,soccerballcn,./stims/CritBystanders/soccerball.jpeg,./stims/CritBystanders/soccerballcn.jpeg,SR,SR_7,,,,,,,,,0,9,9,9,,,,,89.49747479999496,,,,,,,,,89.46532180000213,0.99903190000623,99.0649604999926,[0.8768518518518519],[0.15462962962962962],[1],[0],[0],[9.588513199996669],,,,,,,,,,,,,2711_1245_CB1_25,001,2023-11-27_13h14.36.710,3_End,2023.2.3,59.98987371252377,2023-11-27 13h14.47.108913 +0000,
11,3,crate,cratecn,./stims/CritBystanders/crate.jpeg,./stims/CritBystanders/cratecn.jpeg,SS,SS_8,,,,,,,,,0,10,10,10,,,,,99.09752670000307,,,,,,,,,99.06553100000019,1.0155464000126813,103.83148300000175,[0.8768518518518519],[0.15462962962962962],[1],[0],[0],[4.7528036999865435],,,,,,,,,,,,,2711_1245_CB1_25,001,2023-11-27_13h14.36.710,3_End,2023.2.3,59.98987371252377,2023-11-27 13h14.47.108913 +0000,
12,3,walkman,walkmancn,./stims/CritBystanders/walkman.jpeg,./stims/CritBystanders/walkmancn.jpeg,RS,RS_2,,,,,,,,,0,11,11,11,,,,,103.86424769999576,,,,,,,,,103.832041200003,0.9990638999879593,113.43163150000328,[0.8768518518518519],[0.15462962962962962],[1],[0],[0],[9.58391549999942],,,,,,,,,,,,,2711_1245_CB1_25,001,2023-11-27_13h14.36.710,3_End,2023.2.3,59.98987371252377,2023-11-27 13h14.47.108913 +0000,
13,4,computer,computercn,./stims/CritBystanders/computer.jpeg,./stims/CritBystanders/computercn.jpeg,RR,RR_1,,,,,,,,,0,12,12,12,,,,,113.4643342999916,,,,,,,,,113.4322525000025,1.0156809000036446,118.91497100000561,[0.8768518518518519],[0.15462962962962962],[1],[0],[0],[5.469479199993657],,,,,,,,,,,,,2711_1245_CB1_25,001,2023-11-27_13h14.36.710,3_End,2023.2.3,59.98987371252377,2023-11-27 13h14.47.108913 +0000,
14,4,cards,cardscn,./stims/CritBystanders/cards.jpeg,./stims/CritBystanders/cardscn.jpeg,RS,RS_1,,,,,,,,,0,13,13,13,,,,,118.94767189999402,,,,,,,,,118.91555089999747,0.9990870999899926,122.26500139999553,[0.85],[0.15555555555555556],[1],[0],[0],[3.336526300001424],,,,,,,,,,,,,2711_1245_CB1_25,001,2023-11-27_13h14.36.710,3_End,2023.2.3,59.98987371252377,2023-11-27 13h14.47.108913 +0000,
15,4,calculator,calculatorcn,./stims/CritBystanders/calculator.jpeg,./stims/CritBystanders/calculatorcn.jpeg,SS,SS_4,,,,,,,,,0,14,14,14,,,,,122.2977319000056,,,,,,,,,122.26561420000507,1.0157295999961207,130.29836060000525,[0.85],[0.15555555555555556],[1],[0],[0],[8.015976599999703],,,,,,,,,,,,,2711_1245_CB1_25,001,2023-11-27_13h14.36.710,3_End,2023.2.3,59.98987371252377,2023-11-27 13h14.47.108913 +0000,
16,4,telephone,telephonecn,./stims/CritBystanders/telephone.jpeg,./stims/CritBystanders/telephonecn.jpeg,SR,SR_4,,,,,,,,,0,15,15,15,,,,,130.33112420000543,,,,,,,,,130.29894019999483,0.9990669999970123,133.315866799996,[0.8444444444444444],[0.15648148148148147],[1],[0],[0],[3.0050134000048274],,,,,,,,,,,,,2711_1245_CB1_25,001,2023-11-27_13h14.36.710,3_End,2023.2.3,59.98987371252377,2023-11-27 13h14.47.108913 +0000,
17,5,fan,fancn,./stims/CritBystanders/fan.jpeg,./stims/CritBystanders/fancn.jpeg,RR,RR_3,,,,,,,,,0,16,16,16,,,,,133.3478061999922,,,,,,,,,133.31644969999616,1.0149037999944994,143.56519860000117,[0.8444444444444444],[0.15648148148148147],[1],[0],[0],[10.23605160000443],,,,,,,,,,,,,2711_1245_CB1_25,001,2023-11-27_13h14.36.710,3_End,2023.2.3,59.98987371252377,2023-11-27 13h14.47.108913 +0000,
18,5,candle,candlecn,./stims/CritBystanders/candle.jpeg,./stims/CritBystanders/candlecn.jpeg,RS,RS_8,,,,,,,,,0,17,17,17,,,,,143.5978904999938,,,,,,,,,143.5658071999933,1.0157016000011936,159.58143209999253,[],[],[],[],[],[],,,,,,,,,,,,,2711_1245_CB1_25,001,2023-11-27_13h14.36.710,3_End,2023.2.3,59.98987371252377,2023-11-27 13h14.47.108913 +0000,
19,5,bucket,bucketcn,./stims/CritBystanders/bucket.jpeg,./stims/CritBystanders/bucketcn.jpeg,SS,SS_3,,,,,,,,,0,18,18,18,,,,,159.61467539999285,,,,,,,,,159.58193479999318,0.9991308999888133,171.2486998999957,[0.8444444444444444],[0.15648148148148147],[1],[0],[0],[11.653021899997839],,,,,,,,,,,,,2711_1245_CB1_25,001,2023-11-27_13h14.36.710,3_End,2023.2.3,59.98987371252377,2023-11-27 13h14.47.108913 +0000,
20,5,peacock,peacockcn,./stims/CritBystanders/peacock.jpeg,./stims/CritBystanders/peacockcn.jpeg,SR,SR_5,,,,,,,,,0,19,19,19,,,,,171.28144310000062,,,,,,,,,171.2492876000033,0.9990565000043716,180.49876879999647,[0.8444444444444444],[0.15648148148148147],[1],[0],[0],[9.232793300005142],,,,,,,,,,,,,2711_1245_CB1_25,001,2023-11-27_13h14.36.710,3_End,2023.2.3,59.98987371252377,2023-11-27 13h14.47.108913 +0000,
21,6,iron,ironcn,./stims/CritBystanders/iron.jpeg,./stims/CritBystanders/ironcn.jpeg,RR,RR_7,,,,,,,,,0,20,20,20,,,,,180.5315269999992,,,,,,,,,180.49934300000314,0.9991024000046309,192.81559959999868,[0.8444444444444444],[0.15648148148148147],[1],[0],[0],[12.299785600000178],,,,,,,,,,,,,2711_1245_CB1_25,001,2023-11-27_13h14.36.710,3_End,2023.2.3,59.98987371252377,2023-11-27 13h14.47.108913 +0000,
22,6,chair,chaircn,./stims/CritBystanders/chair.jpeg,./stims/CritBystanders/chaircn.jpeg,SS,SS_6,,,,,,,,,0,21,21,21,,,,,192.8483086000051,,,,,,,,,192.81613039999502,0.9990068000042811,202.56540619999578,[0.8444444444444444],[0.15648148148148147],[1],[0],[0],[9.733735600006185],,,,,,,,,,,,,2711_1245_CB1_25,001,2023-11-27_13h14.36.710,3_End,2023.2.3,59.98987371252377,2023-11-27 13h14.47.108913 +0000,
23,6,umbrella,umbrellacn,./stims/CritBystanders/umbrella.jpeg,./stims/CritBystanders/umbrellacn.jpeg,RS,RS_4,,,,,,,,,0,22,22,22,,,,,202.59833269999945,,,,,,,,,202.56594190000033,0.9993491000059294,207.2656352000049,[0.8444444444444444],[0.15648148148148147],[1],[0],[0],[4.684323199995561],,,,,,,,,,,,,2711_1245_CB1_25,001,2023-11-27_13h14.36.710,3_End,2023.2.3,59.98987371252377,2023-11-27 13h14.47.108913 +0000,
24,6,books,bookscn,./stims/CritBystanders/books.jpeg,./stims/CritBystanders/bookscn.jpeg,SR,SR_2,,,,,,,,,0,23,23,23,,,,,207.29839519999223,,,,,,,,,207.26618150000286,0.9991115000011632,219.84916359999625,[0.8444444444444444],[0.15555555555555556],[1],[0],[0],[12.567282099989825],,,,,,,,,,,,,2711_1245_CB1_25,001,2023-11-27_13h14.36.710,3_End,2023.2.3,59.98987371252377,2023-11-27 13h14.47.108913 +0000,
25,7,backpack,backpackcn,./stims/CritBystanders/backpack.jpeg,./stims/CritBystanders/backpackcn.jpeg,SR,SR_8,,,,,,,,,0,24,24,24,,,,,219.88184020000335,,,,,,,,,219.84976870000537,1.01564659998985,228.4656818999938,[0.8444444444444444],[0.15555555555555556],[1],[0],[0],[8.599809000006644],,,,,,,,,,,,,2711_1245_CB1_25,001,2023-11-27_13h14.36.710,3_End,2023.2.3,59.98987371252377,2023-11-27 13h14.47.108913 +0000,
26,7,guitar,guitarcn,./stims/CritBystanders/guitar.jpeg,./stims/CritBystanders/guitarcn.jpeg,RR,RR_4,,,,,,,,,0,25,25,25,,,,,228.49855899999966,,,,,,,,,228.4662718000036,0.999188799993135,234.68284349999158,[0.8416666666666667],[0.1685185185185185],[1],[0],[0],[6.203246700009913],,,,,,,,,,,,,2711_1245_CB1_25,001,2023-11-27_13h14.36.710,3_End,2023.2.3,59.98987371252377,2023-11-27 13h14.47.108913 +0000,
27,7,shoes,shoescn,./stims/CritBystanders/shoes.jpeg,./stims/CritBystanders/shoescn.jpeg,RS,RS_7,,,,,,,,,0,26,26,26,,,,,234.71530820000044,,,,,,,,,234.6834630999947,1.0154200999968452,240.64937149999605,[0.8416666666666667],[0.16944444444444445],[1],[0],[0],[5.948644200005219],,,,,,,,,,,,,2711_1245_CB1_25,001,2023-11-27_13h14.36.710,3_End,2023.2.3,59.98987371252377,2023-11-27 13h14.47.108913 +0000,
28,7,video,videocn,./stims/CritBystanders/video.jpeg,./stims/CritBystanders/videocn.jpeg,SS,SS_7,,,,,,,,,0,27,27,27,,,,,240.68199290000484,,,,,,,,,240.64995599999384,1.0156134999997448,245.6326929999923,[0.8444444444444444],[0.225],[1],[0],[0],[4.965507899993099],,,,,,,,,,,,,2711_1245_CB1_25,001,2023-11-27_13h14.36.710,3_End,2023.2.3,59.98987371252377,2023-11-27 13h14.47.108913 +0000,
29,8,coffeemug,coffeemugcn,./stims/CritBystanders/coffeemug.jpeg,./stims/CritBystanders/coffeemugcn.jpeg,RS,RS_3,,,,,,,,,0,28,28,28,,,,,245.66535999999905,,,,,,,,,245.63327140000183,1.0156761999969603,250.59929919999558,[0.8444444444444444],[0.225],[1],[0],[0],[4.9529022999922745],,,,,,,,,,,,,2711_1245_CB1_25,001,2023-11-27_13h14.36.710,3_End,2023.2.3,59.98987371252377,2023-11-27 13h14.47.108913 +0000,
30,8,stapler,staplercn,./stims/CritBystanders/stapler.jpeg,./stims/CritBystanders/staplercn.jpeg,SR,SR_1,,,,,,,,,0,29,29,29,,,,,250.63207419999526,,,,,,,,,250.59984599999734,0.9991019000008237,260.61608039999555,[0.8444444444444444],[0.22592592592592592],[1],[0],[0],[9.999720699997852],,,,,,,,,,,,,2711_1245_CB1_25,001,2023-11-27_13h14.36.710,3_End,2023.2.3,59.98987371252377,2023-11-27 13h14.47.108913 +0000,
31,8,wastebasket,wastebasketcn,./stims/CritBystanders/wastebasket.jpeg,./stims/CritBystanders/wastebasketcn.jpeg,SS,SS_5,,,,,,,,,0,30,30,30,,,,,260.64881149999565,,,,,,,,,260.6166513999924,0.9990595999988727,274.08288970000285,[0.8425925925925926],[0.22592592592592592],[1],[0],[0],[13.453233099993668],,,,,,,,,,,,,2711_1245_CB1_25,001,2023-11-27_13h14.36.710,3_End,2023.2.3,59.98987371252377,2023-11-27 13h14.47.108913 +0000,
32,8,watch,watchcn,./stims/CritBystanders/watch.jpeg,./stims/CritBystanders/watchcn.jpeg,RR,RR_8,,,,,,,,,0,31,31,31,,,,,274.1155981000047,,,,,,,,,274.0834591000021,0.9990189999953145,280.2162355000037,[0.8425925925925926],[0.22592592592592592],[1],[0],[0],[6.1184205999888945],,,,,,,,,,,,,2711_1245_CB1_25,001,2023-11-27_13h14.36.710,3_End,2023.2.3,59.98987371252377,2023-11-27 13h14.47.108913 +0000,
,,,,,,,,,,,,,,,,,,,,,,,,,,280.21666609999374,280.23234180000145,280.23234180000145,287.2829367999948,return,7.034439999988535,None,,,,,,,,,,,,,,,,,,,,,,2711_1245_CB1_25,001,2023-11-27_13h14.36.710,3_End,2023.2.3,59.98987371252377,2023-11-27 13h14.47.108913 +0000,
,,,,,,,,1,1,pan,pancn,./stims/AcqBystanders/pan.jpeg,./stims/AcqBystanders/pancn.jpeg,SS,SS_2,,,,,0,0,0,0,287.33267960000376,,,,,,,,,,,,,,,,,,,287.2915343000059,0.9994838999991771,293.93303830000514,[0.8425925925925926],[0.22592592592592592],[1],[0],[0],[6.616669000010006],,,2711_1245_CB1_25,001,2023-11-27_13h14.36.710,3_End,2023.2.3,59.98987371252377,2023-11-27 13h14.47.108913 +0000,
,,,,,,,,2,1,lightbulb,lightbulbcn,./stims/AcqBystanders/lightbulb.jpeg,./stims/AcqBystanders/lightbulbcn.jpeg,SR,SR_3,,,,,0,1,1,1,294.0662308000028,,,,,,,,,,,,,,,,,,,293.9339306000038,1.0154393999982858,300.6498845000024,[0.8425925925925926],[0.22592592592592592],[1],[0],[0],[6.605909400008386],,,2711_1245_CB1_25,001,2023-11-27_13h14.36.710,3_End,2023.2.3,59.98987371252377,2023-11-27 13h14.47.108913 +0000,
,,,,,,,,3,1,shampoo,shampoocn,./stims/AcqBystanders/shampoo.jpeg,./stims/AcqBystanders/shampoocn.jpeg,RS,RS_4,,,,,0,2,2,2,300.69953339999483,,,,,,,,,,,,,,,,,,,300.65051989999483,1.0156023999879835,309.94976809999207,[0.8425925925925926],[0.22592592592592592],[1],[0],[0],[9.267489600009867],,,2711_1245_CB1_25,001,2023-11-27_13h14.36.710,3_End,2023.2.3,59.98987371252377,2023-11-27 13h14.47.108913 +0000,
,,,,,,,,4,1,mandms,mandmscn,./stims/AcqBystanders/mandms.jpeg,./stims/AcqBystanders/mandmscn.jpeg,RR,RR_2,,,,,0,3,3,3,309.982551299996,,,,,,,,,,,,,,,,,,,309.95033209999383,0.9991339999978663,315.94984639999166,[0.8444444444444444],[0.2074074074074074],[1],[0],[0],[5.983413800000562],,,2711_1245_CB1_25,001,2023-11-27_13h14.36.710,3_End,2023.2.3,59.98987371252377,2023-11-27 13h14.47.108913 +0000,
,,,,,,,,5,1,sheet,sheetcn,./stims/AcqBystanders/sheet.jpeg,./stims/AcqBystanders/sheetcn.jpeg,RS,RS_3,,,,,0,4,4,4,315.98259499999403,,,,,,,,,,,,,,,,,,,315.950474199999,0.999026599994977,324.4165275999985,[0.8444444444444444],[0.2074074074074074],[1],[0],[0],[8.453795599998557],,,2711_1245_CB1_25,001,2023-11-27_13h14.36.710,3_End,2023.2.3,59.98987371252377,2023-11-27 13h14.47.108913 +0000,
,,,,,,,,6,1,bottle,bottlecn,./stims/AcqBystanders/bottle.jpeg,./stims/AcqBystanders/bottlecn.jpeg,SS,SS_1,,,,,0,5,5,5,324.4493356000021,,,,,,,,,,,,,,,,,,,324.4170751000056,0.9991819999995641,329.8665983999963,[0.8444444444444444],[0.2074074074074074],[1],[0],[0],[5.43282800000452],,,2711_1245_CB1_25,001,2023-11-27_13h14.36.710,3_End,2023.2.3,59.98987371252377,2023-11-27 13h14.47.108913 +0000,
,,,,,,,,7,1,trunk,trunkcn,./stims/AcqBystanders/trunk.jpeg,./stims/AcqBystanders/trunkcn.jpeg,SR,SR_1,,,,,0,6,6,6,329.8994004999986,,,,,,,,,,,,,,,,,,,329.8671609000012,0.9991284999996424,334.8334523999947,[0.8444444444444444],[0.2074074074074074],[1],[0],[0],[4.950138100000913],,,2711_1245_CB1_25,001,2023-11-27_13h14.36.710,3_End,2023.2.3,59.98987371252377,2023-11-27 13h14.47.108913 +0000,
,,,,,,,,8,1,can,cancn,./stims/AcqBystanders/can.jpeg,./stims/AcqBystanders/cancn.jpeg,RR,RR_3,,,,,0,7,7,7,334.8660491000046,,,,,,,,,,,,,,,,,,,334.8340098000044,0.9990379000082612,340.11673080000037,[0.8444444444444444],[0.2074074074074074],[1],[0],[0],[5.271388100009062],,,2711_1245_CB1_25,001,2023-11-27_13h14.36.710,3_End,2023.2.3,59.98987371252377,2023-11-27 13h14.47.108913 +0000,
,,,,,,,,9,1,towel,towelcn,./stims/AcqBystanders/towel.jpeg,./stims/AcqBystanders/towelcn.jpeg,RS,RS_1,,,,,0,8,8,8,340.1494645000057,,,,,,,,,,,,,,,,,,,340.11732000000484,1.0156712000025436,346.51674679999996,[0.8444444444444444],[0.2074074074074074],[1],[0],[0],[6.38334849999228],,,2711_1245_CB1_25,001,2023-11-27_13h14.36.710,3_End,2023.2.3,59.98987371252377,2023-11-27 13h14.47.108913 +0000,
,,,,,,,,10,1,fireextinguisher,fireextinguishercn,./stims/AcqBystanders/fireextinguisher.jpeg,./stims/AcqBystanders/fireextinguishercn.jpeg,RR,RR_1,,,,,0,9,9,9,346.5495247999934,,,,,,,,,,,,,,,,,,,346.5173480999947,0.999033199987025,351.6835171999992,[0.8444444444444444],[0.2074074074074074],[1],[0],[0],[5.152572599996347],,,2711_1245_CB1_25,001,2023-11-27_13h14.36.710,3_End,2023.2.3,59.98987371252377,2023-11-27 13h14.47.108913 +0000,
,,,,,,,,11,1,passport,passportcn,./stims/AcqBystanders/passport.jpeg,./stims/AcqBystanders/passportcn.jpeg,SS,SS_3,,,,,0,10,10,10,351.71620979999716,,,,,,,,,,,,,,,,,,,351.6841056999983,1.0156387000024552,359.1335676000017,[0.8444444444444444],[0.2074074074074074],[1],[0],[0],[7.435151500001666],,,2711_1245_CB1_25,001,2023-11-27_13h14.36.710,3_End,2023.2.3,59.98987371252377,2023-11-27 13h14.47.108913 +0000,
,,,,,,,,12,1,headphones,headphonescn,./stims/AcqBystanders/headphones.jpeg,./stims/AcqBystanders/headphonescn.jpeg,SR,SR_2,,,,,0,11,11,11,359.16633490000095,,,,,,,,,,,,,,,,,,,359.1341032999917,0.9990393000043696,368.85043900000164,[0.8444444444444444],[0.2074074074074074],[1],[0],[0],[9.703462899997248],,,2711_1245_CB1_25,001,2023-11-27_13h14.36.710,3_End,2023.2.3,59.98987371252377,2023-11-27 13h14.47.108913 +0000,
,,,,,,,,13,1,perfume,perfumecn,./stims/AcqBystanders/perfume.jpeg,./stims/AcqBystanders/perfumecn.jpeg,SR,SR_4,,,,,0,12,12,12,368.8830370999931,,,,,,,,,,,,,,,,,,,368.8510285999946,1.0155986000027042,375.4504772999935,[0.8444444444444444],[0.2074074074074074],[1],[0],[0],[6.585994699998992],,,2711_1245_CB1_25,001,2023-11-27_13h14.36.710,3_End,2023.2.3,59.98987371252377,2023-11-27 13h14.47.108913 +0000,
,,,,,,,,14,1,cup,cupcn,./stims/AcqBystanders/cup.jpeg,./stims/AcqBystanders/cupcn.jpeg,RS,RS_2,,,,,0,13,13,13,375.56691890000366,,,,,,,,,,,,,,,,,,,375.45108299999265,1.0156235000031302,383.9670332999958,[0.8657407407407407],[0.21296296296296297],[1],[0],[0],[8.408977099999902],,,2711_1245_CB1_25,001,2023-11-27_13h14.36.710,3_End,2023.2.3,59.98987371252377,2023-11-27 13h14.47.108913 +0000,
,,,,,,,,,,,,,,,,,,,,,,,,,,,,,,,,,,,,,,,,,,,,,,,,,,,,383.9674437999929,383.98312380000425,,,,,,,,
