﻿order_ext,blk_ext,bystander_ext,test_item_ext,bystander_loc_ext,test_item_loc_ext,trial_type_ext,itemNo_ext,order_cond_acq,blk_cond_acq,bystander_cond_acq,test_item_cond_acq,bystander_loc_cond_acq,test_item_loc_cond_acq,trial_type_cond_acq,itemNo_cond_acq,trials.thisRepN,trials.thisTrialN,trials.thisN,trials.thisIndex,trials_2.thisRepN,trials_2.thisTrialN,trials_2.thisN,trials_2.thisIndex,thisRow.t,notes,INSTRUCTION.started,instruct1.started,ok1.started,INSTRUCTION.stopped,ok1.keys,ok1.rt,ok1.duration,END_EXT.started,mouse_ext.started,END_EXT.stopped,mouse_ext.x,mouse_ext.y,mouse_ext.leftButton,mouse_ext.midButton,mouse_ext.rightButton,mouse_ext.time,mouse_ext.stopped,END_ACQ.started,mouse_cond.started,END_ACQ.stopped,mouse_cond.x,mouse_cond.y,mouse_cond.leftButton,mouse_cond.midButton,mouse_cond.rightButton,mouse_cond.time,mouse_cond.stopped,thanks.started,thanksMsg.started,participant,session,date,expName,psychopyVersion,frameRate,expStart,
,,,,,,,,,,,,,,,,,,,,,,,,,,0.018800700025167316,0.03538929999922402,0.03538929999922402,10.785965400020359,space,10.73958940000739,None,,,,,,,,,,,,,,,,,,,,,,,2811_1400_SB1_28_2,001,2023-11-28_15h09.12.221,3_End,2023.2.3,60.01057386678229,2023-11-28 15h09.29.529894 +0000,
1,1,cap,capcn,./stims/CritBystanders/cap.jpeg,./stims/CritBystanders/capcn.jpeg,SS,SS_2,,,,,,,,,0,0,0,0,,,,,10.835446800017962,,,,,,,,,10.801239899999928,0.9995158000092488,16.119515800004592,[-0.4925925925925926],[-0.32685185185185184],[1],[0],[0],[5.29977380001219],,,,,,,,,,,,,,2811_1400_SB1_28_2,001,2023-11-28_15h09.12.221,3_End,2023.2.3,60.01057386678229,2023-11-28 15h09.29.529894 +0000,
2,1,chessboard,chessboardcn,./stims/CritBystanders/chessboard.jpeg,./stims/CritBystanders/chessboardcn.jpeg,SR,SR_6,,,,,,,,,0,1,1,1,,,,,16.13550210001995,,,,,,,,,16.120501299999887,1.015223499998683,27.686215699999593,[-0.4925925925925926],[-0.32592592592592595],[1],[0],[0],[11.560038600000553],,,,,,,,,,,,,,2811_1400_SB1_28_2,001,2023-11-28_15h09.12.221,3_End,2023.2.3,60.01057386678229,2023-11-28 15h09.29.529894 +0000,
3,1,wallet,walletcn,./stims/CritBystanders/wallet.jpeg,./stims/CritBystanders/walletcn.jpeg,RS,RS_6,,,,,,,,,0,2,2,2,,,,,27.702253700001165,,,,,,,,,27.686822200019378,1.015657599986298,35.10290019999957,[-0.4925925925925926],[-0.32592592592592595],[1],[0],[0],[7.410269099986181],,,,,,,,,,,,,,2811_1400_SB1_28_2,001,2023-11-28_15h09.12.221,3_End,2023.2.3,60.01057386678229,2023-11-28 15h09.29.529894 +0000,
4,1,clipboard,clipboardcn,./stims/CritBystanders/clipboard.jpeg,./stims/CritBystanders/clipboardcn.jpeg,RR,RR_5,,,,,,,,,0,3,3,3,,,,,35.11900130001595,,,,,,,,,35.10349770000903,0.9990182000037748,43.56968030001735,[-0.4925925925925926],[-0.32592592592592595],[1],[0],[0],[8.46038309999858],,,,,,,,,,,,,,2811_1400_SB1_28_2,001,2023-11-28_15h09.12.221,3_End,2023.2.3,60.01057386678229,2023-11-28 15h09.29.529894 +0000,
5,2,comb,combcn,./stims/CritBystanders/comb.jpeg,./stims/CritBystanders/combcn.jpeg,RS,RS_5,,,,,,,,,0,4,4,4,,,,,43.585710800020024,,,,,,,,,43.57027890000609,1.0156818999967072,51.903099200018914,[-0.4925925925925926],[-0.325],[1],[0],[0],[8.326881599990884],,,,,,,,,,,,,,2811_1400_SB1_28_2,001,2023-11-28_15h09.12.221,3_End,2023.2.3,60.01057386678229,2023-11-28 15h09.29.529894 +0000,
6,2,electriccord,electriccordcn,./stims/CritBystanders/electriccord.jpeg,./stims/CritBystanders/electriccordcn.jpeg,SS,SS_1,,,,,,,,,0,5,5,5,,,,,51.91911330001312,,,,,,,,,51.903693200001726,1.0156425000168383,65.80316260000109,[-0.4925925925925926],[-0.32407407407407407],[1],[0],[0],[13.89362109999638],,,,,,,,,,,,,,2811_1400_SB1_28_2,001,2023-11-28_15h09.12.221,3_End,2023.2.3,60.01057386678229,2023-11-28 15h09.29.529894 +0000,
7,2,toiletpaper,toiletpapercn,./stims/CritBystanders/toiletpaper.jpeg,./stims/CritBystanders/toiletpapercn.jpeg,RR,RR_2,,,,,,,,,0,6,6,6,,,,,65.81920480000554,,,,,,,,,65.80375030002324,0.9990796000056434,74.35335390002001,[-0.4925925925925926],[-0.32407407407407407],[1],[0],[0],[8.543830800015712],,,,,,,,,,,,,,2811_1400_SB1_28_2,001,2023-11-28_15h09.12.221,3_End,2023.2.3,60.01057386678229,2023-11-28 15h09.29.529894 +0000,
8,2,keys,keyscn,./stims/CritBystanders/keys.jpeg,./stims/CritBystanders/keyscn.jpeg,SR,SR_3,,,,,,,,,0,7,7,7,,,,,74.36931560002267,,,,,,,,,74.35392419999698,1.0155726000084542,88.35327350001899,[-0.49444444444444446],[-0.32407407407407407],[1],[0],[0],[13.993512099987129],,,,,,,,,,,,,,2811_1400_SB1_28_2,001,2023-11-28_15h09.12.221,3_End,2023.2.3,60.01057386678229,2023-11-28 15h09.29.529894 +0000,
9,3,scissors,scissorscn,./stims/CritBystanders/scissors.jpeg,./stims/CritBystanders/scissorscn.jpeg,RR,RR_6,,,,,,,,,0,8,8,8,,,,,88.36940409999806,,,,,,,,,88.35383120001643,0.9991175000031944,96.85347640002146,[-0.4935185185185185],[-0.325],[1],[0],[0],[8.493768799991813],,,,,,,,,,,,,,2811_1400_SB1_28_2,001,2023-11-28_15h09.12.221,3_End,2023.2.3,60.01057386678229,2023-11-28 15h09.29.529894 +0000,
10,3,soccerball,soccerballcn,./stims/CritBystanders/soccerball.jpeg,./stims/CritBystanders/soccerballcn.jpeg,SR,SR_7,,,,,,,,,0,9,9,9,,,,,96.86949110002024,,,,,,,,,96.85407380000106,1.015605599997798,108.57016910001403,[-0.4935185185185185],[-0.31574074074074077],[1],[0],[0],[11.710589799971785],,,,,,,,,,,,,,2811_1400_SB1_28_2,001,2023-11-28_15h09.12.221,3_End,2023.2.3,60.01057386678229,2023-11-28 15h09.29.529894 +0000,
11,3,crate,cratecn,./stims/CritBystanders/crate.jpeg,./stims/CritBystanders/cratecn.jpeg,SS,SS_8,,,,,,,,,0,10,10,10,,,,,108.58622640001704,,,,,,,,,108.5707517999981,0.9990167999931145,119.0369324000203,[-0.4935185185185185],[-0.31574074074074077],[1],[0],[0],[10.460414100001799],,,,,,,,,,,,,,2811_1400_SB1_28_2,001,2023-11-28_15h09.12.221,3_End,2023.2.3,60.01057386678229,2023-11-28 15h09.29.529894 +0000,
12,3,walkman,walkmancn,./stims/CritBystanders/walkman.jpeg,./stims/CritBystanders/walkmancn.jpeg,RS,RS_2,,,,,,,,,0,11,11,11,,,,,119.05298580002273,,,,,,,,,119.03754450002452,1.0156722999818157,130.27029980000225,[-0.4935185185185185],[-0.31574074074074077],[1],[0],[0],[11.227439699985553],,,,,,,,,,,,,,2811_1400_SB1_28_2,001,2023-11-28_15h09.12.221,3_End,2023.2.3,60.01057386678229,2023-11-28 15h09.29.529894 +0000,
13,4,computer,computercn,./stims/CritBystanders/computer.jpeg,./stims/CritBystanders/computercn.jpeg,RR,RR_1,,,,,,,,,0,12,12,12,,,,,130.28639829999884,,,,,,,,,130.27112200000556,1.015544800000498,141.2704029000015,[-0.4935185185185185],[-0.31574074074074077],[1],[0],[0],[10.99406799999997],,,,,,,,,,,,,,2811_1400_SB1_28_2,001,2023-11-28_15h09.12.221,3_End,2023.2.3,60.01057386678229,2023-11-28 15h09.29.529894 +0000,
14,4,cards,cardscn,./stims/CritBystanders/cards.jpeg,./stims/CritBystanders/cardscn.jpeg,RS,RS_1,,,,,,,,,0,13,13,13,,,,,141.28649420000147,,,,,,,,,141.27099170000292,0.999022599979071,157.2702469000069,[],[],[],[],[],[],15.999178400001256,,,,,,,,,,,,,2811_1400_SB1_28_2,001,2023-11-28_15h09.12.221,3_End,2023.2.3,60.01057386678229,2023-11-28 15h09.29.529894 +0000,
15,4,calculator,calculatorcn,./stims/CritBystanders/calculator.jpeg,./stims/CritBystanders/calculatorcn.jpeg,SS,SS_4,,,,,,,,,0,14,14,14,,,,,157.28669010000885,,,,,,,,,157.2708277000056,0.9991710999747738,172.7040421999991,[-0.4935185185185185],[-0.31574074074074077],[1],[0],[0],[15.427499800018268],,,,,,,,,,,,,,2811_1400_SB1_28_2,001,2023-11-28_15h09.12.221,3_End,2023.2.3,60.01057386678229,2023-11-28 15h09.29.529894 +0000,
16,4,telephone,telephonecn,./stims/CritBystanders/telephone.jpeg,./stims/CritBystanders/telephonecn.jpeg,SR,SR_4,,,,,,,,,0,15,15,15,,,,,172.72011980001116,,,,,,,,,172.70464520002133,1.015653399983421,181.85401629999978,[-0.4935185185185185],[-0.31574074074074077],[1],[0],[0],[9.143672600010177],,,,,,,,,,,,,,2811_1400_SB1_28_2,001,2023-11-28_15h09.12.221,3_End,2023.2.3,60.01057386678229,2023-11-28 15h09.29.529894 +0000,
17,5,fan,fancn,./stims/CritBystanders/fan.jpeg,./stims/CritBystanders/fancn.jpeg,RR,RR_3,,,,,,,,,0,16,16,16,,,,,181.87012850001338,,,,,,,,,181.8545707000012,0.999119400017662,197.85386370000197,[],[],[],[],[],[],15.999242799996864,,,,,,,,,,,,,2811_1400_SB1_28_2,001,2023-11-28_15h09.12.221,3_End,2023.2.3,60.01057386678229,2023-11-28 15h09.29.529894 +0000,
18,5,candle,candlecn,./stims/CritBystanders/candle.jpeg,./stims/CritBystanders/candlecn.jpeg,RS,RS_8,,,,,,,,,0,17,17,17,,,,,197.8702728000062,,,,,,,,,197.85436150000896,0.9992394000000786,209.22098630000255,[-0.4935185185185185],[-0.31574074074074077],[1],[0],[0],[11.360864400019636],,,,,,,,,,,,,,2811_1400_SB1_28_2,001,2023-11-28_15h09.12.221,3_End,2023.2.3,60.01057386678229,2023-11-28 15h09.29.529894 +0000,
19,5,bucket,bucketcn,./stims/CritBystanders/bucket.jpeg,./stims/CritBystanders/bucketcn.jpeg,SS,SS_3,,,,,,,,,0,18,18,18,,,,,209.23708500000066,,,,,,,,,209.2215753000055,0.9990994000108913,221.03749650000827,[-0.4935185185185185],[-0.31574074074074077],[1],[0],[0],[11.81040430002031],,,,,,,,,,,,,,2811_1400_SB1_28_2,001,2023-11-28_15h09.12.221,3_End,2023.2.3,60.01057386678229,2023-11-28 15h09.29.529894 +0000,
20,5,peacock,peacockcn,./stims/CritBystanders/peacock.jpeg,./stims/CritBystanders/peacockcn.jpeg,SR,SR_5,,,,,,,,,0,19,19,19,,,,,221.05378630000632,,,,,,,,,221.0381024000235,0.9992201999993995,231.10444380002446,[-0.4935185185185185],[-0.31574074074074077],[1],[0],[0],[10.060407200013287],,,,,,,,,,,,,,2811_1400_SB1_28_2,001,2023-11-28_15h09.12.221,3_End,2023.2.3,60.01057386678229,2023-11-28 15h09.29.529894 +0000,
21,6,iron,ironcn,./stims/CritBystanders/iron.jpeg,./stims/CritBystanders/ironcn.jpeg,RR,RR_7,,,,,,,,,0,20,20,20,,,,,231.12053430001833,,,,,,,,,231.105028400023,0.9990628999948967,247.10433040000498,[],[],[],[],[],[],15.99919790000422,,,,,,,,,,,,,2811_1400_SB1_28_2,001,2023-11-28_15h09.12.221,3_End,2023.2.3,60.01057386678229,2023-11-28 15h09.29.529894 +0000,
22,6,chair,chaircn,./stims/CritBystanders/chair.jpeg,./stims/CritBystanders/chaircn.jpeg,SS,SS_6,,,,,,,,,0,21,21,21,,,,,247.1206790000142,,,,,,,,,247.10487820001435,0.9991846999910194,260.6213796000229,[-0.4935185185185185],[-0.31574074074074077],[1],[0],[0],[13.511101600015536],,,,,,,,,,,,,,2811_1400_SB1_28_2,001,2023-11-28_15h09.12.221,3_End,2023.2.3,60.01057386678229,2023-11-28 15h09.29.529894 +0000,
23,6,umbrella,umbrellacn,./stims/CritBystanders/umbrella.jpeg,./stims/CritBystanders/umbrellacn.jpeg,RS,RS_4,,,,,,,,,0,22,22,22,,,,,260.6374778000172,,,,,,,,,260.6219365000143,0.9990349999861792,268.37149849999696,[-0.4935185185185185],[-0.3148148148148148],[1],[0],[0],[7.74373449999257],,,,,,,,,,,,,,2811_1400_SB1_28_2,001,2023-11-28_15h09.12.221,3_End,2023.2.3,60.01057386678229,2023-11-28 15h09.29.529894 +0000,
24,6,books,bookscn,./stims/CritBystanders/books.jpeg,./stims/CritBystanders/bookscn.jpeg,SR,SR_2,,,,,,,,,0,23,23,23,,,,,268.38753770000767,,,,,,,,,268.3720949999988,1.0156278999929782,283.40480380001827,[-0.4935185185185185],[-0.3148148148148148],[1],[0],[0],[15.027443200000562],,,,,,,,,,,,,,2811_1400_SB1_28_2,001,2023-11-28_15h09.12.221,3_End,2023.2.3,60.01057386678229,2023-11-28 15h09.29.529894 +0000,
25,7,backpack,backpackcn,./stims/CritBystanders/backpack.jpeg,./stims/CritBystanders/backpackcn.jpeg,SR,SR_8,,,,,,,,,0,24,24,24,,,,,283.42094290000387,,,,,,,,,283.40533810001216,0.999185300024692,299.4046847000136,[],[],[],[],[],[],15.999322400020901,,,,,,,,,,,,,2811_1400_SB1_28_2,001,2023-11-28_15h09.12.221,3_End,2023.2.3,60.01057386678229,2023-11-28 15h09.29.529894 +0000,
26,7,guitar,guitarcn,./stims/CritBystanders/guitar.jpeg,./stims/CritBystanders/guitarcn.jpeg,RR,RR_4,,,,,,,,,0,25,25,25,,,,,299.4210916000011,,,,,,,,,299.4051563000248,0.9992947000137065,310.6051327000023,[-0.4935185185185185],[-0.3194444444444444],[1],[0],[0],[11.19402190000983],,,,,,,,,,,,,,2811_1400_SB1_28_2,001,2023-11-28_15h09.12.221,3_End,2023.2.3,60.01057386678229,2023-11-28 15h09.29.529894 +0000,
27,7,shoes,shoescn,./stims/CritBystanders/shoes.jpeg,./stims/CritBystanders/shoescn.jpeg,RS,RS_7,,,,,,,,,0,26,26,26,,,,,310.6211766000197,,,,,,,,,310.60572270001285,1.0156924000184517,326.62135180001496,[],[],[],[],[],[],,,,,,,,,,,,,,2811_1400_SB1_28_2,001,2023-11-28_15h09.12.221,3_End,2023.2.3,60.01057386678229,2023-11-28 15h09.29.529894 +0000,
28,7,video,videocn,./stims/CritBystanders/video.jpeg,./stims/CritBystanders/videocn.jpeg,SS,SS_7,,,,,,,,,0,27,27,27,,,,,326.63797710000654,,,,,,,,,326.62190240001655,0.9991324000002351,333.1887388000032,[-0.4935185185185185],[-0.32037037037037036],[1],[0],[0],[6.560701799986418],,,,,,,,,,,,,,2811_1400_SB1_28_2,001,2023-11-28_15h09.12.221,3_End,2023.2.3,60.01057386678229,2023-11-28 15h09.29.529894 +0000,
29,8,coffeemug,coffeemugcn,./stims/CritBystanders/coffeemug.jpeg,./stims/CritBystanders/coffeemugcn.jpeg,RS,RS_3,,,,,,,,,0,28,28,28,,,,,333.2046531000233,,,,,,,,,333.189328700013,1.0155872000032105,347.48870670000906,[-0.4935185185185185],[-0.32037037037037036],[1],[0],[0],[14.29371580001316],,,,,,,,,,,,,,2811_1400_SB1_28_2,001,2023-11-28_15h09.12.221,3_End,2023.2.3,60.01057386678229,2023-11-28 15h09.29.529894 +0000,
30,8,stapler,staplercn,./stims/CritBystanders/stapler.jpeg,./stims/CritBystanders/staplercn.jpeg,SR,SR_1,,,,,,,,,0,29,29,29,,,,,347.5048219000164,,,,,,,,,347.48933130002115,0.9990106000041123,363.488499900006,[],[],[],[],[],[],15.999103400012245,,,,,,,,,,,,,2811_1400_SB1_28_2,001,2023-11-28_15h09.12.221,3_End,2023.2.3,60.01057386678229,2023-11-28 15h09.29.529894 +0000,
31,8,wastebasket,wastebasketcn,./stims/CritBystanders/wastebasket.jpeg,./stims/CritBystanders/wastebasketcn.jpeg,SS,SS_5,,,,,,,,,0,30,30,30,,,,,363.50491650000913,,,,,,,,,363.4890165000106,0.9991580999922007,372.53886729999795,[-0.4935185185185185],[-0.32037037037037036],[1],[0],[0],[9.043907400016906],,,,,,,,,,,,,,2811_1400_SB1_28_2,001,2023-11-28_15h09.12.221,3_End,2023.2.3,60.01057386678229,2023-11-28 15h09.29.529894 +0000,
32,8,watch,watchcn,./stims/CritBystanders/watch.jpeg,./stims/CritBystanders/watchcn.jpeg,RR,RR_8,,,,,,,,,0,31,31,31,,,,,372.55498030001763,,,,,,,,,372.5394656000135,0.9991030000091996,388.5387433000142,[],[],[],[],[],[],15.999201300001005,,,,,,,,,,,,,2811_1400_SB1_28_2,001,2023-11-28_15h09.12.221,3_End,2023.2.3,60.01057386678229,2023-11-28 15h09.29.529894 +0000,
,,,,,,,,,,,,,,,,,,,,,,,,,,388.5391313,388.55509910002,388.55509910002,404.55583870000555,space,15.987963599996874,None,,,,,,,,,,,,,,,,,,,,,,,2811_1400_SB1_28_2,001,2023-11-28_15h09.12.221,3_End,2023.2.3,60.01057386678229,2023-11-28 15h09.29.529894 +0000,
,,,,,,,,1,1,pan,pancn,./stims/AcqBystanders/pan.jpeg,./stims/AcqBystanders/pancn.jpeg,SS,SS_2,,,,,0,0,0,0,404.5889191000024,,,,,,,,,,,,,,,,,,,404.56468219999806,0.9994262999971397,417.58932330002426,[-0.49444444444444446],[-0.32037037037037036],[1],[0],[0],[13.006789599981857],,,,2811_1400_SB1_28_2,001,2023-11-28_15h09.12.221,3_End,2023.2.3,60.01057386678229,2023-11-28 15h09.29.529894 +0000,
,,,,,,,,2,1,lightbulb,lightbulbcn,./stims/AcqBystanders/lightbulb.jpeg,./stims/AcqBystanders/lightbulbcn.jpeg,SR,SR_3,,,,,0,1,1,1,417.70585389999906,,,,,,,,,,,,,,,,,,,417.59022650000406,1.0153427999757696,433.6055402000202,[],[],[],[],[],[],,,,2811_1400_SB1_28_2,001,2023-11-28_15h09.12.221,3_End,2023.2.3,60.01057386678229,2023-11-28 15h09.29.529894 +0000,
,,,,,,,,3,1,shampoo,shampoocn,./stims/AcqBystanders/shampoo.jpeg,./stims/AcqBystanders/shampoocn.jpeg,RS,RS_4,,,,,0,2,2,2,433.6394935999997,,,,,,,,,,,,,,,,,,,433.60608490000595,1.0154868999961764,449.6056882000121,[],[],[],[],[],[],,,,2811_1400_SB1_28_2,001,2023-11-28_15h09.12.221,3_End,2023.2.3,60.01057386678229,2023-11-28 15h09.29.529894 +0000,
,,,,,,,,4,1,mandms,mandmscn,./stims/AcqBystanders/mandms.jpeg,./stims/AcqBystanders/mandmscn.jpeg,RR,RR_2,,,,,0,3,3,3,449.62226590001956,,,,,,,,,,,,,,,,,,,449.6062516000238,1.0156436999968719,456.4560473000165,[-0.49444444444444446],[-0.32037037037037036],[1],[0],[0],[6.840590000007069],,,,2811_1400_SB1_28_2,001,2023-11-28_15h09.12.221,3_End,2023.2.3,60.01057386678229,2023-11-28 15h09.29.529894 +0000,
,,,,,,,,5,1,sheet,sheetcn,./stims/AcqBystanders/sheet.jpeg,./stims/AcqBystanders/sheetcn.jpeg,RS,RS_3,,,,,0,4,4,4,456.47229440000956,,,,,,,,,,,,,,,,,,,456.45664050002233,0.9992280000005849,472.4560346000071,[],[],[],[],[],[],15.999345899996115,,,2811_1400_SB1_28_2,001,2023-11-28_15h09.12.221,3_End,2023.2.3,60.01057386678229,2023-11-28 15h09.29.529894 +0000,
,,,,,,,,6,1,bottle,bottlecn,./stims/AcqBystanders/bottle.jpeg,./stims/AcqBystanders/bottlecn.jpeg,SS,SS_1,,,,,0,5,5,5,472.4724407000176,,,,,,,,,,,,,,,,,,,472.4565683999972,0.9993555000110064,485.50664680000045,[-0.49444444444444446],[-0.32037037037037036],[1],[0],[0],[13.044024999981048],,,,2811_1400_SB1_28_2,001,2023-11-28_15h09.12.221,3_End,2023.2.3,60.01057386678229,2023-11-28 15h09.29.529894 +0000,
,,,,,,,,7,1,trunk,trunkcn,./stims/AcqBystanders/trunk.jpeg,./stims/AcqBystanders/trunkcn.jpeg,SR,SR_1,,,,,0,6,6,6,485.52256340000895,,,,,,,,,,,,,,,,,,,485.5072466999991,1.015570799994748,501.52277480001794,[],[],[],[],[],[],,,,2811_1400_SB1_28_2,001,2023-11-28_15h09.12.221,3_End,2023.2.3,60.01057386678229,2023-11-28 15h09.29.529894 +0000,
,,,,,,,,8,1,can,cancn,./stims/AcqBystanders/can.jpeg,./stims/AcqBystanders/cancn.jpeg,RR,RR_3,,,,,0,7,7,7,501.5393637000234,,,,,,,,,,,,,,,,,,,501.52333230001386,1.0156471999944188,515.6900003000046,[-0.49537037037037035],[-0.3194444444444444],[1],[0],[0],[14.160667999996804],,,,2811_1400_SB1_28_2,001,2023-11-28_15h09.12.221,3_End,2023.2.3,60.01057386678229,2023-11-28 15h09.29.529894 +0000,
,,,,,,,,9,1,towel,towelcn,./stims/AcqBystanders/towel.jpeg,./stims/AcqBystanders/towelcn.jpeg,RS,RS_1,,,,,0,8,8,8,515.7061173999973,,,,,,,,,,,,,,,,,,,515.6908535000111,1.0155454000050668,528.5734955000225,[-0.49537037037037035],[-0.31851851851851853],[1],[0],[0],[12.876816300005885],,,,2811_1400_SB1_28_2,001,2023-11-28_15h09.12.221,3_End,2023.2.3,60.01057386678229,2023-11-28 15h09.29.529894 +0000,
,,,,,,,,10,1,fireextinguisher,fireextinguishercn,./stims/AcqBystanders/fireextinguisher.jpeg,./stims/AcqBystanders/fireextinguishercn.jpeg,RR,RR_1,,,,,0,9,9,9,528.5896136000229,,,,,,,,,,,,,,,,,,,528.5740903000114,0.9990529000060633,537.6410937000182,[-0.49537037037037035],[-0.31851851851851853],[1],[0],[0],[9.059896999999182],,,,2811_1400_SB1_28_2,001,2023-11-28_15h09.12.221,3_End,2023.2.3,60.01057386678229,2023-11-28 15h09.29.529894 +0000,
,,,,,,,,11,1,passport,passportcn,./stims/AcqBystanders/passport.jpeg,./stims/AcqBystanders/passportcn.jpeg,SS,SS_3,,,,,0,10,10,10,537.6563020000176,,,,,,,,,,,,,,,,,,,537.6416636000213,1.0149451000033878,553.6565016000241,[],[],[],[],[],[],,,,2811_1400_SB1_28_2,001,2023-11-28_15h09.12.221,3_End,2023.2.3,60.01057386678229,2023-11-28 15h09.29.529894 +0000,
,,,,,,,,12,1,headphones,headphonescn,./stims/AcqBystanders/headphones.jpeg,./stims/AcqBystanders/headphonescn.jpeg,SR,SR_2,,,,,0,11,11,11,553.6731232000166,,,,,,,,,,,,,,,,,,,553.6571484000015,1.0150219000061043,569.6565959000145,[],[],[],[],[],[],,,,2811_1400_SB1_28_2,001,2023-11-28_15h09.12.221,3_End,2023.2.3,60.01057386678229,2023-11-28 15h09.29.529894 +0000,
,,,,,,,,13,1,perfume,perfumecn,./stims/AcqBystanders/perfume.jpeg,./stims/AcqBystanders/perfumecn.jpeg,SR,SR_4,,,,,0,12,12,12,569.6732015000016,,,,,,,,,,,,,,,,,,,569.6571771000163,1.0150928999937605,585.6567165000015,[],[],[],[],[],[],,,,2811_1400_SB1_28_2,001,2023-11-28_15h09.12.221,3_End,2023.2.3,60.01057386678229,2023-11-28 15h09.29.529894 +0000,
,,,,,,,,14,1,cup,cupcn,./stims/AcqBystanders/cup.jpeg,./stims/AcqBystanders/cupcn.jpeg,RS,RS_2,,,,,0,13,13,13,585.7572327000089,,,,,,,,,,,,,,,,,,,585.6572155000176,1.0152220999880228,595.1906961000059,[-0.4981481481481482],[-0.31851851851851853],[1],[0],[0],[9.444576000008965],,,,2811_1400_SB1_28_2,001,2023-11-28_15h09.12.221,3_End,2023.2.3,60.01057386678229,2023-11-28 15h09.29.529894 +0000,
,,,,,,,,,,,,,,,,,,,,,,,,,,,,,,,,,,,,,,,,,,,,,,,,,,,,,595.1911396000069,595.2067591000232,,,,,,,,
