﻿order_ext,blk_ext,bystander_ext,test_item_ext,bystander_loc_ext,test_item_loc_ext,trial_type_ext,itemNo_ext,order_cond_acq,blk_cond_acq,bystander_cond_acq,test_item_cond_acq,bystander_loc_cond_acq,test_item_loc_cond_acq,trial_type_cond_acq,itemNo_cond_acq,trials.thisRepN,trials.thisTrialN,trials.thisN,trials.thisIndex,trials_2.thisRepN,trials_2.thisTrialN,trials_2.thisN,trials_2.thisIndex,thisRow.t,notes,INSTRUCTION.started,instruct1.started,ok1.started,INSTRUCTION.stopped,ok1.keys,ok1.rt,ok1.duration,END_EXT.started,mouse_ext.started,END_EXT.stopped,mouse_ext.x,mouse_ext.y,mouse_ext.leftButton,mouse_ext.midButton,mouse_ext.rightButton,mouse_ext.time,mouse_ext.stopped,END_ACQ.started,mouse_cond.started,END_ACQ.stopped,mouse_cond.x,mouse_cond.y,mouse_cond.leftButton,mouse_cond.midButton,mouse_cond.rightButton,mouse_cond.time,mouse_cond.stopped,thanks.started,thanksMsg.started,participant,session,date,expName,psychopyVersion,frameRate,expStart,
,,,,,,,,,,,,,,,,,,,,,,,,,,0.015985799982445315,0.03251200000522658,0.03251200000522658,12.199774699984118,h,12.15703949998715,None,,,,,,,,,,,,,,,,,,,,,,,2811_1100_CB2_27,001,2023-11-28_11h58.05.253,3_End,2023.2.3,59.98566341853436,2023-11-28 11h58.15.815822 +0000,
1,1,cap,capcn,./stims/CritBystanders/cap.jpeg,./stims/CritBystanders/toiletpapercn.jpeg,SS,SS_2,,,,,,,,,0,0,0,0,,,,,12.249239299999317,,,,,,,,,12.21333080000477,0.9995471999864094,16.01659610000206,[-0.5055555555555555],[-0.49907407407407406],[1],[0],[0],[3.7745536000002176],,,,,,,,,,,,,,2811_1100_CB2_27,001,2023-11-28_11h58.05.253,3_End,2023.2.3,59.98566341853436,2023-11-28 11h58.15.815822 +0000,
2,1,chessboard,chessboardcn,./stims/CritBystanders/chessboard.jpeg,./stims/CritBystanders/chaircn.jpeg,SR,SR_6,,,,,,,,,0,1,1,1,,,,,16.049290199996904,,,,,,,,,16.01757070000167,1.0153222999942955,19.11661679999088,[-0.5055555555555555],[-0.49907407407407406],[1],[0],[0],[3.087034099997254],,,,,,,,,,,,,,2811_1100_CB2_27,001,2023-11-28_11h58.05.253,3_End,2023.2.3,59.98566341853436,2023-11-28 11h58.15.815822 +0000,
3,1,wallet,walletcn,./stims/CritBystanders/wallet.jpeg,./stims/CritBystanders/chessboardcn.jpeg,RS,RS_6,,,,,,,,,0,2,2,2,,,,,19.14934999999241,,,,,,,,,19.11719429999357,1.0156845999881625,25.616695600008825,[-0.5055555555555555],[-0.49907407407407406],[1],[0],[0],[6.483519700006582],,,,,,,,,,,,,,2811_1100_CB2_27,001,2023-11-28_11h58.05.253,3_End,2023.2.3,59.98566341853436,2023-11-28 11h58.15.815822 +0000,
4,1,clipboard,clipboardcn,./stims/CritBystanders/clipboard.jpeg,./stims/CritBystanders/combcn.jpeg,RR,RR_5,,,,,,,,,0,3,3,3,,,,,25.64938789998996,,,,,,,,,25.61727059999248,0.9990013999922667,34.5166629999876,[-0.5055555555555555],[-0.49907407407407406],[1],[0],[0],[8.886856500001159],,,,,,,,,,,,,,2811_1100_CB2_27,001,2023-11-28_11h58.05.253,3_End,2023.2.3,59.98566341853436,2023-11-28 11h58.15.815822 +0000,
5,2,comb,combcn,./stims/CritBystanders/comb.jpeg,./stims/CritBystanders/peacockcn.jpeg,RS,RS_5,,,,,,,,,0,4,4,4,,,,,34.549474100000225,,,,,,,,,34.517237599997316,0.9991104000073392,38.249982799985446,[-0.5101851851851852],[-0.49907407407407406],[1],[0],[0],[3.721607399987988],,,,,,,,,,,,,,2811_1100_CB2_27,001,2023-11-28_11h58.05.253,3_End,2023.2.3,59.98566341853436,2023-11-28 11h58.15.815822 +0000,
6,2,electriccord,electriccordcn,./stims/CritBystanders/electriccord.jpeg,./stims/CritBystanders/computercn.jpeg,SS,SS_1,,,,,,,,,0,5,5,5,,,,,38.282838799990714,,,,,,,,,38.25058639998315,0.9991631000011694,54.24993429999449,[],[],[],[],[],[],15.999256100010825,,,,,,,,,,,,,2811_1100_CB2_27,001,2023-11-28_11h58.05.253,3_End,2023.2.3,59.98566341853436,2023-11-28 11h58.15.815822 +0000,
7,2,toiletpaper,toiletpapercn,./stims/CritBystanders/toiletpaper.jpeg,./stims/CritBystanders/walkmancn.jpeg,RR,RR_2,,,,,,,,,0,6,6,6,,,,,54.28291809998336,,,,,,,,,54.25041710000369,0.9992379000177607,60.36765989998821,[-0.5111111111111111],[-0.49907407407407406],[1],[0],[0],[6.10482750000665],,,,,,,,,,,,,,2811_1100_CB2_27,001,2023-11-28_11h58.05.253,3_End,2023.2.3,59.98566341853436,2023-11-28 11h58.15.815822 +0000,
8,2,keys,keyscn,./stims/CritBystanders/keys.jpeg,./stims/CritBystanders/bucketcn.jpeg,SR,SR_3,,,,,,,,,0,7,7,7,,,,,60.39962260000175,,,,,,,,,60.36823059999733,1.0150167999963742,76.38316179998219,[],[],[],[],[],[],,,,,,,,,,,,,,2811_1100_CB2_27,001,2023-11-28_11h58.05.253,3_End,2023.2.3,59.98566341853436,2023-11-28 11h58.15.815822 +0000,
9,3,scissors,scissorscn,./stims/CritBystanders/scissors.jpeg,./stims/CritBystanders/walletcn.jpeg,RR,RR_6,,,,,,,,,0,8,8,8,,,,,76.41647609998472,,,,,,,,,76.3836442999891,1.0151224999863189,88.08377759999712,[-0.5111111111111111],[-0.49907407407407406],[1],[0],[0],[11.684288199990988],,,,,,,,,,,,,,2811_1100_CB2_27,001,2023-11-28_11h58.05.253,3_End,2023.2.3,59.98566341853436,2023-11-28 11h58.15.815822 +0000,
10,3,soccerball,soccerballcn,./stims/CritBystanders/soccerball.jpeg,./stims/CritBystanders/videocn.jpeg,SR,SR_7,,,,,,,,,0,9,9,9,,,,,88.11656029999722,,,,,,,,,88.08435220000683,0.9991182000085246,91.61729880000348,[-0.5111111111111111],[-0.49907407407407406],[1],[0],[0],[3.5196589999832213],,,,,,,,,,,,,,2811_1100_CB2_27,001,2023-11-28_11h58.05.253,3_End,2023.2.3,59.98566341853436,2023-11-28 11h58.15.815822 +0000,
11,3,crate,cratecn,./stims/CritBystanders/crate.jpeg,./stims/CritBystanders/watchcn.jpeg,SS,SS_8,,,,,,,,,0,10,10,10,,,,,91.64990719998605,,,,,,,,,91.61787399998866,1.0155918000091333,106.65086209998117,[-0.5111111111111111],[-0.49907407407407406],[1],[0],[0],[15.016656299994793],,,,,,,,,,,,,,2811_1100_CB2_27,001,2023-11-28_11h58.05.253,3_End,2023.2.3,59.98566341853436,2023-11-28 11h58.15.815822 +0000,
12,3,walkman,walkmancn,./stims/CritBystanders/walkman.jpeg,./stims/CritBystanders/bookscn.jpeg,RS,RS_2,,,,,,,,,0,11,11,11,,,,,106.68342990000383,,,,,,,,,106.65154419999453,1.015432400017744,110.61735419998877,[-0.5111111111111111],[-0.49907407407407406],[1],[0],[0],[3.9531130000250414],,,,,,,,,,,,,,2811_1100_CB2_27,001,2023-11-28_11h58.05.253,3_End,2023.2.3,59.98566341853436,2023-11-28 11h58.15.815822 +0000,
13,4,computer,computercn,./stims/CritBystanders/computer.jpeg,./stims/CritBystanders/cardscn.jpeg,RR,RR_1,,,,,,,,,0,12,12,12,,,,,110.65005699999165,,,,,,,,,110.6179690999852,1.0156651999859605,115.38397059999988,[-0.5111111111111111],[-0.49907407407407406],[1],[0],[0],[4.752779500006],,,,,,,,,,,,,,2811_1100_CB2_27,001,2023-11-28_11h58.05.253,3_End,2023.2.3,59.98566341853436,2023-11-28 11h58.15.815822 +0000,
14,4,cards,cardscn,./stims/CritBystanders/cards.jpeg,./stims/CritBystanders/staplercn.jpeg,RS,RS_1,,,,,,,,,0,13,13,13,,,,,115.41673989998526,,,,,,,,,115.38454510000884,0.9991231999883894,130.65079489999334,[-0.5111111111111111],[-0.49907407407407406],[1],[0],[0],[15.252596800011816],,,,,,,,,,,,,,2811_1100_CB2_27,001,2023-11-28_11h58.05.253,3_End,2023.2.3,59.98566341853436,2023-11-28 11h58.15.815822 +0000,
15,4,calculator,calculatorcn,./stims/CritBystanders/calculator.jpeg,./stims/CritBystanders/guitarcn.jpeg,SS,SS_4,,,,,,,,,0,14,14,14,,,,,130.6835647999833,,,,,,,,,130.65131109999493,0.9991683000116609,145.9175677000021,[-0.5111111111111111],[-0.49907407407407406],[1],[0],[0],[15.253392800019355],,,,,,,,,,,,,,2811_1100_CB2_27,001,2023-11-28_11h58.05.253,3_End,2023.2.3,59.98566341853436,2023-11-28 11h58.15.815822 +0000,
16,4,telephone,telephonecn,./stims/CritBystanders/telephone.jpeg,./stims/CritBystanders/calculatorcn.jpeg,SR,SR_4,,,,,,,,,0,15,15,15,,,,,145.95032279999577,,,,,,,,,145.91815310000675,0.9991136000026017,151.30097670000396,[-0.5111111111111111],[-0.49907407407407406],[1],[0],[0],[5.369197599997278],,,,,,,,,,,,,,2811_1100_CB2_27,001,2023-11-28_11h58.05.253,3_End,2023.2.3,59.98566341853436,2023-11-28 11h58.15.815822 +0000,
17,5,fan,fancn,./stims/CritBystanders/fan.jpeg,./stims/CritBystanders/coffeemugcn.jpeg,RR,RR_3,,,,,,,,,0,16,16,16,,,,,151.3337193999905,,,,,,,,,151.30156580000767,0.9990099999995437,162.51770199998282,[-0.5111111111111111],[-0.49907407407407406],[1],[0],[0],[11.199728400009917],,,,,,,,,,,,,,2811_1100_CB2_27,001,2023-11-28_11h58.05.253,3_End,2023.2.3,59.98566341853436,2023-11-28 11h58.15.815822 +0000,
18,5,candle,candlecn,./stims/CritBystanders/candle.jpeg,./stims/CritBystanders/backpackcn.jpeg,RS,RS_8,,,,,,,,,0,17,17,17,,,,,162.5504413000017,,,,,,,,,162.51828359998763,0.9990706999960821,165.70083329998306,[-0.5111111111111111],[-0.49907407407407406],[1],[0],[0],[3.1659110999898985],,,,,,,,,,,,,,2811_1100_CB2_27,001,2023-11-28_11h58.05.253,3_End,2023.2.3,59.98566341853436,2023-11-28 11h58.15.815822 +0000,
19,5,bucket,bucketcn,./stims/CritBystanders/bucket.jpeg,./stims/CritBystanders/fancn.jpeg,SS,SS_3,,,,,,,,,0,18,18,18,,,,,165.7338136000035,,,,,,,,,165.70144599999185,0.9992922000237741,177.71786760000396,[-0.5138888888888888],[-0.49907407407407406],[1],[0],[0],[12.003819200006546],,,,,,,,,,,,,,2811_1100_CB2_27,001,2023-11-28_11h58.05.253,3_End,2023.2.3,59.98566341853436,2023-11-28 11h58.15.815822 +0000,
20,5,peacock,peacockcn,./stims/CritBystanders/peacock.jpeg,./stims/CritBystanders/wastebasketcn.jpeg,SR,SR_5,,,,,,,,,0,19,19,19,,,,,177.75063039999804,,,,,,,,,177.71843780000927,0.999052400002256,181.6512045999989,[-0.5138888888888888],[-0.49907407407407406],[1],[0],[0],[3.9200799000100233],,,,,,,,,,,,,,2811_1100_CB2_27,001,2023-11-28_11h58.05.253,3_End,2023.2.3,59.98566341853436,2023-11-28 11h58.15.815822 +0000,
21,6,iron,ironcn,./stims/CritBystanders/iron.jpeg,./stims/CritBystanders/shoescn.jpeg,RR,RR_7,,,,,,,,,0,20,20,20,,,,,181.68393800000194,,,,,,,,,181.65172130000428,0.9991393999953289,186.08456849999493,[-0.5138888888888888],[-0.49907407407407406],[1],[0],[0],[4.416618799994467],,,,,,,,,,,,,,2811_1100_CB2_27,001,2023-11-28_11h58.05.253,3_End,2023.2.3,59.98566341853436,2023-11-28 11h58.15.815822 +0000,
22,6,chair,chaircn,./stims/CritBystanders/chair.jpeg,./stims/CritBystanders/scissorscn.jpeg,SS,SS_6,,,,,,,,,0,21,21,21,,,,,186.11733149999054,,,,,,,,,186.0851704000088,0.9990817000216339,197.75113429999328,[-0.5138888888888888],[-0.49907407407407406],[1],[0],[0],[11.652528199978406],,,,,,,,,,,,,,2811_1100_CB2_27,001,2023-11-28_11h58.05.253,3_End,2023.2.3,59.98566341853436,2023-11-28 11h58.15.815822 +0000,
23,6,umbrella,umbrellacn,./stims/CritBystanders/umbrella.jpeg,./stims/CritBystanders/telephonecn.jpeg,RS,RS_4,,,,,,,,,0,22,22,22,,,,,197.78408929999568,,,,,,,,,197.75170659998548,0.9992584999999963,213.75114030000987,[],[],[],[],[],[],15.999338299996452,,,,,,,,,,,,,2811_1100_CB2_27,001,2023-11-28_11h58.05.253,3_End,2023.2.3,59.98566341853436,2023-11-28 11h58.15.815822 +0000,
24,6,books,bookscn,./stims/CritBystanders/books.jpeg,./stims/CritBystanders/capcn.jpeg,SR,SR_2,,,,,,,,,0,23,23,23,,,,,213.78421029998572,,,,,,,,,213.75164219998987,0.999437599995872,221.2515260000073,[-0.5138888888888888],[-0.49907407407407406],[1],[0],[0],[7.485967699991306],,,,,,,,,,,,,,2811_1100_CB2_27,001,2023-11-28_11h58.05.253,3_End,2023.2.3,59.98566341853436,2023-11-28 11h58.15.815822 +0000,
25,7,backpack,backpackcn,./stims/CritBystanders/backpack.jpeg,./stims/CritBystanders/cratecn.jpeg,SR,SR_8,,,,,,,,,0,24,24,24,,,,,221.28423709998606,,,,,,,,,221.25211860000854,0.9990451000048779,237.25138509998214,[],[],[],[],[],[],15.999198400008027,,,,,,,,,,,,,2811_1100_CB2_27,001,2023-11-28_11h58.05.253,3_End,2023.2.3,59.98566341853436,2023-11-28 11h58.15.815822 +0000,
26,7,guitar,guitarcn,./stims/CritBystanders/guitar.jpeg,./stims/CritBystanders/umbrellacn.jpeg,RR,RR_4,,,,,,,,,0,25,25,25,,,,,237.28440340000088,,,,,,,,,237.25191890000133,0.9991765000158921,252.46852500000386,[-0.5138888888888888],[-0.49907407407407406],[1],[0],[0],[15.205484700010857],,,,,,,,,,,,,,2811_1100_CB2_27,001,2023-11-28_11h58.05.253,3_End,2023.2.3,59.98566341853436,2023-11-28 11h58.15.815822 +0000,
27,7,shoes,shoescn,./stims/CritBystanders/shoes.jpeg,./stims/CritBystanders/soccerballcn.jpeg,RS,RS_7,,,,,,,,,0,26,26,26,,,,,252.50116729998263,,,,,,,,,252.46909379999852,1.0156468000204768,256.1183889999811,[-0.5138888888888888],[-0.49907407407407406],[1],[0],[0],[3.6334079999942333],,,,,,,,,,,,,,2811_1100_CB2_27,001,2023-11-28_11h58.05.253,3_End,2023.2.3,59.98566341853436,2023-11-28 11h58.15.815822 +0000,
28,7,video,videocn,./stims/CritBystanders/video.jpeg,./stims/CritBystanders/ironcn.jpeg,SS,SS_7,,,,,,,,,0,27,27,27,,,,,256.15125439999974,,,,,,,,,256.1189636999916,0.9991736999945715,259.5684673000069,[-0.5138888888888888],[-0.49907407407407406],[1],[0],[0],[3.436592299985932],,,,,,,,,,,,,,2811_1100_CB2_27,001,2023-11-28_11h58.05.253,3_End,2023.2.3,59.98566341853436,2023-11-28 11h58.15.815822 +0000,
29,8,coffeemug,coffeemugcn,./stims/CritBystanders/coffeemug.jpeg,./stims/CritBystanders/keyscn.jpeg,RS,RS_3,,,,,,,,,0,28,28,28,,,,,259.60124650000944,,,,,,,,,259.5690598000074,0.9991301999834832,275.56842110000434,[],[],[],[],[],[],15.999250099994242,,,,,,,,,,,,,2811_1100_CB2_27,001,2023-11-28_11h58.05.253,3_End,2023.2.3,59.98566341853436,2023-11-28 11h58.15.815822 +0000,
30,8,stapler,staplercn,./stims/CritBystanders/stapler.jpeg,./stims/CritBystanders/electriccordcn.jpeg,SR,SR_1,,,,,,,,,0,29,29,29,,,,,275.60133780000615,,,,,,,,,275.5689363999991,0.9992566999862902,284.6187520000094,[-0.5138888888888888],[-0.49907407407407406],[1],[0],[0],[9.033344600000419],,,,,,,,,,,,,,2811_1100_CB2_27,001,2023-11-28_11h58.05.253,3_End,2023.2.3,59.98566341853436,2023-11-28 11h58.15.815822 +0000,
31,8,wastebasket,wastebasketcn,./stims/CritBystanders/wastebasket.jpeg,./stims/CritBystanders/clipboardcn.jpeg,SS,SS_5,,,,,,,,,0,30,30,30,,,,,284.6514485999942,,,,,,,,,284.619277699996,0.9990110999788158,299.68552529998124,[-0.5138888888888888],[-0.49907407407407406],[1],[0],[0],[15.0496620000049],,,,,,,,,,,,,,2811_1100_CB2_27,001,2023-11-28_11h58.05.253,3_End,2023.2.3,59.98566341853436,2023-11-28 11h58.15.815822 +0000,
32,8,watch,watchcn,./stims/CritBystanders/watch.jpeg,./stims/CritBystanders/candlecn.jpeg,RR,RR_8,,,,,,,,,0,31,31,31,,,,,299.71823060000315,,,,,,,,,299.6862821999821,1.0155470999889076,304.4856601000065,[-0.5351851851851852],[-0.49907407407407406],[1],[0],[0],[4.786381500016432],,,,,,,,,,,,,,2811_1100_CB2_27,001,2023-11-28_11h58.05.253,3_End,2023.2.3,59.98566341853436,2023-11-28 11h58.15.815822 +0000,
,,,,,,,,,,,,,,,,,,,,,,,,,,304.4861115999811,304.5015810999903,304.5015810999903,315.81894319999265,h,11.312570499983849,None,,,,,,,,,,,,,,,,,,,,,,,2811_1100_CB2_27,001,2023-11-28_11h58.05.253,3_End,2023.2.3,59.98566341853436,2023-11-28 11h58.15.815822 +0000,
,,,,,,,,1,1,pan,pancn,./stims/AcqBystanders/pan.jpeg,./stims/AcqBystanders/pancn.jpeg,SS,SS_2,,,,,0,0,0,0,315.86866340000415,,,,,,,,,,,,,,,,,,,315.8282401000033,0.9994842000014614,325.903347399988,[-0.5370370370370371],[-0.49907407407407406],[1],[0],[0],[10.045660500007216],,,,2811_1100_CB2_27,001,2023-11-28_11h58.05.253,3_End,2023.2.3,59.98566341853436,2023-11-28 11h58.15.815822 +0000,
,,,,,,,,2,1,lightbulb,lightbulbcn,./stims/AcqBystanders/lightbulb.jpeg,./stims/AcqBystanders/lightbulbcn.jpeg,SR,SR_3,,,,,0,1,1,1,326.0188158999954,,,,,,,,,,,,,,,,,,,325.904234799993,1.0144626999972388,341.9186170999892,[],[],[],[],[],[],,,,2811_1100_CB2_27,001,2023-11-28_11h58.05.253,3_End,2023.2.3,59.98566341853436,2023-11-28 11h58.15.815822 +0000,
,,,,,,,,3,1,shampoo,shampoocn,./stims/AcqBystanders/shampoo.jpeg,./stims/AcqBystanders/shampoocn.jpeg,RS,RS_4,,,,,0,2,2,2,341.9689845999819,,,,,,,,,,,,,,,,,,,341.9191424000019,1.0146693999995477,349.6525093000091,[-0.5370370370370371],[-0.49907407407407406],[1],[0],[0],[7.703391700022621],,,,2811_1100_CB2_27,001,2023-11-28_11h58.05.253,3_End,2023.2.3,59.98566341853436,2023-11-28 11h58.15.815822 +0000,
,,,,,,,,4,1,mandms,mandmscn,./stims/AcqBystanders/mandms.jpeg,./stims/AcqBystanders/mandmscn.jpeg,RR,RR_2,,,,,0,3,3,3,349.6853269999847,,,,,,,,,,,,,,,,,,,349.6531055000087,0.9990709999983665,363.63575409998884,[-0.5370370370370371],[-0.49907407407407406],[1],[0],[0],[13.966429100022651],,,,2811_1100_CB2_27,001,2023-11-28_11h58.05.253,3_End,2023.2.3,59.98566341853436,2023-11-28 11h58.15.815822 +0000,
,,,,,,,,5,1,sheet,sheetcn,./stims/AcqBystanders/sheet.jpeg,./stims/AcqBystanders/sheetcn.jpeg,RS,RS_3,,,,,0,4,4,4,363.6687610000081,,,,,,,,,,,,,,,,,,,363.6363549999951,0.999278500006767,368.81935299999896,[-0.5370370370370371],[-0.49907407407407406],[1],[0],[0],[5.1690326999814715],,,,2811_1100_CB2_27,001,2023-11-28_11h58.05.253,3_End,2023.2.3,59.98566341853436,2023-11-28 11h58.15.815822 +0000,
,,,,,,,,6,1,bottle,bottlecn,./stims/AcqBystanders/bottle.jpeg,./stims/AcqBystanders/bottlecn.jpeg,SS,SS_1,,,,,0,5,5,5,368.8520957999863,,,,,,,,,,,,,,,,,,,368.81990669999504,0.9991641000087839,375.0360517000081,[-0.5370370370370371],[-0.49907407407407406],[1],[0],[0],[6.200056199973915],,,,2811_1100_CB2_27,001,2023-11-28_11h58.05.253,3_End,2023.2.3,59.98566341853436,2023-11-28 11h58.15.815822 +0000,
,,,,,,,,7,1,trunk,trunkcn,./stims/AcqBystanders/trunk.jpeg,./stims/AcqBystanders/trunkcn.jpeg,SR,SR_1,,,,,0,6,6,6,375.0688201999874,,,,,,,,,,,,,,,,,,,375.03662959998474,0.9990739000204485,383.3026381999953,[-0.5370370370370371],[-0.49907407407407406],[1],[0],[0],[8.249796100019012],,,,2811_1100_CB2_27,001,2023-11-28_11h58.05.253,3_End,2023.2.3,59.98566341853436,2023-11-28 11h58.15.815822 +0000,
,,,,,,,,8,1,can,cancn,./stims/AcqBystanders/can.jpeg,./stims/AcqBystanders/cancn.jpeg,RR,RR_3,,,,,0,7,7,7,383.33556269999826,,,,,,,,,,,,,,,,,,,383.30321179999737,0.9992195999948308,394.8864018000022,[-0.5370370370370371],[-0.49907407407407406],[1],[0],[0],[11.569790999987163],,,,2811_1100_CB2_27,001,2023-11-28_11h58.05.253,3_End,2023.2.3,59.98566341853436,2023-11-28 11h58.15.815822 +0000,
,,,,,,,,9,1,towel,towelcn,./stims/AcqBystanders/towel.jpeg,./stims/AcqBystanders/towelcn.jpeg,RS,RS_1,,,,,0,8,8,8,394.91899599999306,,,,,,,,,,,,,,,,,,,394.8869831000047,1.0155692000116687,405.9030567999871,[-0.5370370370370371],[-0.49907407407407406],[1],[0],[0],[11.003345300006913],,,,2811_1100_CB2_27,001,2023-11-28_11h58.05.253,3_End,2023.2.3,59.98566341853436,2023-11-28 11h58.15.815822 +0000,
,,,,,,,,10,1,fireextinguisher,fireextinguishercn,./stims/AcqBystanders/fireextinguisher.jpeg,./stims/AcqBystanders/fireextinguishercn.jpeg,RR,RR_1,,,,,0,9,9,9,405.9357470999821,,,,,,,,,,,,,,,,,,,405.903642499994,1.015664000005927,412.91984620000585,[-0.5370370370370371],[-0.49907407407407406],[1],[0],[0],[6.999548899999354],,,,2811_1100_CB2_27,001,2023-11-28_11h58.05.253,3_End,2023.2.3,59.98566341853436,2023-11-28 11h58.15.815822 +0000,
,,,,,,,,11,1,passport,passportcn,./stims/AcqBystanders/passport.jpeg,./stims/AcqBystanders/passportcn.jpeg,SS,SS_3,,,,,0,10,10,10,412.95247550000204,,,,,,,,,,,,,,,,,,,412.920429699996,1.0156604000076186,419.6697588999814,[-0.5370370370370371],[-0.49907407407407406],[1],[0],[0],[6.731658200005768],,,,2811_1100_CB2_27,001,2023-11-28_11h58.05.253,3_End,2023.2.3,59.98566341853436,2023-11-28 11h58.15.815822 +0000,
,,,,,,,,12,1,headphones,headphonescn,./stims/AcqBystanders/headphones.jpeg,./stims/AcqBystanders/headphonescn.jpeg,SR,SR_2,,,,,0,11,11,11,419.7024973999942,,,,,,,,,,,,,,,,,,,419.6703295999905,0.9990705999953207,433.30320950000896,[-0.5370370370370371],[-0.49907407407407406],[1],[0],[0],[13.619427700003143],,,,2811_1100_CB2_27,001,2023-11-28_11h58.05.253,3_End,2023.2.3,59.98566341853436,2023-11-28 11h58.15.815822 +0000,
,,,,,,,,13,1,perfume,perfumecn,./stims/AcqBystanders/perfume.jpeg,./stims/AcqBystanders/perfumecn.jpeg,SR,SR_4,,,,,0,12,12,12,433.33596039999975,,,,,,,,,,,,,,,,,,,433.303780199989,0.9990147000062279,449.303039099992,[],[],[],[],[],[],15.99919800000498,,,2811_1100_CB2_27,001,2023-11-28_11h58.05.253,3_End,2023.2.3,59.98566341853436,2023-11-28 11h58.15.815822 +0000,
,,,,,,,,14,1,cup,cupcn,./stims/AcqBystanders/cup.jpeg,./stims/AcqBystanders/cupcn.jpeg,RS,RS_2,,,,,0,13,13,13,449.4197526999924,,,,,,,,,,,,,,,,,,,449.30353060000925,0.999285099998815,455.85339440000826,[-0.5370370370370371],[-0.49907407407407406],[1],[0],[0],[6.449411700014025],,,,2811_1100_CB2_27,001,2023-11-28_11h58.05.253,3_End,2023.2.3,59.98566341853436,2023-11-28 11h58.15.815822 +0000,
,,,,,,,,,,,,,,,,,,,,,,,,,,,,,,,,,,,,,,,,,,,,,,,,,,,,,455.85383089998504,455.8694640999893,,,,,,,,
