﻿order_ext,blk_ext,bystander_ext,test_item_ext,bystander_loc_ext,test_item_loc_ext,trial_type_ext,itemNo_ext,order_cond_acq,blk_cond_acq,bystander_cond_acq,test_item_cond_acq,bystander_loc_cond_acq,test_item_loc_cond_acq,trial_type_cond_acq,itemNo_cond_acq,trials.thisRepN,trials.thisTrialN,trials.thisN,trials.thisIndex,trials_2.thisRepN,trials_2.thisTrialN,trials_2.thisN,trials_2.thisIndex,thisRow.t,notes,INSTRUCTION.started,instruct1.started,ok1.started,INSTRUCTION.stopped,ok1.keys,ok1.rt,ok1.duration,END_EXT.started,mouse_ext.started,END_EXT.stopped,mouse_ext.x,mouse_ext.y,mouse_ext.leftButton,mouse_ext.midButton,mouse_ext.rightButton,mouse_ext.time,mouse_ext.stopped,END_ACQ.started,mouse_cond.started,END_ACQ.stopped,mouse_cond.x,mouse_cond.y,mouse_cond.leftButton,mouse_cond.midButton,mouse_cond.rightButton,mouse_cond.time,thanks.started,thanksMsg.started,participant,session,date,expName,psychopyVersion,frameRate,expStart,
,,,,,,,,,,,,,,,,,,,,,,,,,,0.01940449999892735,0.03597090000039316,0.03597090000039316,9.73655990000043,space,9.6979605000015,None,,,,,,,,,,,,,,,,,,,,,,3011_1600_SB4_31_2,001,2023-11-30_16h35.36.333,3_End,2023.2.3,60.005280464722134,2023-11-30 16h35.47.537540 +0000,
1,1,walkman,walkmancn,./stims/CritBystanders/cap.jpeg,./stims/CritBystanders/bookscn.jpeg,SS,SS_2,,,,,,,,,0,0,0,0,,,,,9.785955200000899,,,,,,,,,9.751501700000517,0.9994274999990012,21.486577699997724,[0.8416666666666667],[0.35185185185185186],[1],[0],[0],[11.710162300001684],,,,,,,,,,,,,3011_1600_SB4_31_2,001,2023-11-30_16h35.36.333,3_End,2023.2.3,60.005280464722134,2023-11-30 16h35.47.537540 +0000,
2,1,wallet,walletcn,./stims/CritBystanders/chessboard.jpeg,./stims/CritBystanders/walletcn.jpeg,SR,SR_6,,,,,,,,,0,1,1,1,,,,,21.519326900001033,,,,,,,,,21.487486199999694,1.0154283000010764,37.10327260000122,[0.8416666666666667],[0.35185185185185186],[1],[0],[0],[15.599489299998822],,,,,,,,,,,,,3011_1600_SB4_31_2,001,2023-11-30_16h35.36.333,3_End,2023.2.3,60.005280464722134,2023-11-30 16h35.47.537540 +0000,
3,1,scissors,scissorscn,./stims/CritBystanders/wallet.jpeg,./stims/CritBystanders/scissorscn.jpeg,RS,RS_6,,,,,,,,,0,2,2,2,,,,,37.13604049999776,,,,,,,,,37.10379620000094,0.9990858000019216,46.31999569999971,[0.8416666666666667],[0.35185185185185186],[1],[0],[0],[9.203323399997316],,,,,,,,,,,,,3011_1600_SB4_31_2,001,2023-11-30_16h35.36.333,3_End,2023.2.3,60.005280464722134,2023-11-30 16h35.47.537540 +0000,
4,1,wastebasket,wastebasketcn,./stims/CritBystanders/clipboard.jpeg,./stims/CritBystanders/wastebasketcn.jpeg,RR,RR_5,,,,,,,,,0,3,3,3,,,,,46.3527127999987,,,,,,,,,46.32055620000028,0.9990280999991228,51.88667229999919,[0.8416666666666667],[0.35185185185185186],[1],[0],[0],[5.553367499996966],,,,,,,,,,,,,3011_1600_SB4_31_2,001,2023-11-30_16h35.36.333,3_End,2023.2.3,60.005280464722134,2023-11-30 16h35.47.537540 +0000,
5,2,clipboard,clipboardcn,./stims/CritBystanders/comb.jpeg,./stims/CritBystanders/clipboardcn.jpeg,RS,RS_5,,,,,,,,,0,4,4,4,,,,,51.919389200000296,,,,,,,,,51.88720629999807,0.9990265000014915,62.18663050000032,[0.8416666666666667],[0.35185185185185186],[1],[0],[0],[10.286832300000242],,,,,,,,,,,,,3011_1600_SB4_31_2,001,2023-11-30_16h35.36.333,3_End,2023.2.3,60.005280464722134,2023-11-30 16h35.47.537540 +0000,
6,2,stapler,staplercn,./stims/CritBystanders/electriccord.jpeg,./stims/CritBystanders/staplercn.jpeg,SS,SS_1,,,,,,,,,0,5,5,5,,,,,62.21938389999923,,,,,,,,,62.18716570000106,0.9991064999994705,76.93660799999998,[0.8416666666666667],[0.35185185185185186],[1],[0],[0],[14.728385099999286],,,,,,,,,,,,,3011_1600_SB4_31_2,001,2023-11-30_16h35.36.333,3_End,2023.2.3,60.005280464722134,2023-11-30 16h35.47.537540 +0000,
7,2,cap,capcn,./stims/CritBystanders/toiletpaper.jpeg,./stims/CritBystanders/capcn.jpeg,RR,RR_2,,,,,,,,,0,6,6,6,,,,,76.9694402999994,,,,,,,,,76.93718480000098,0.9991641000015079,85.05345269999816,[0.7898148148148149],[0.45555555555555555],[1],[0],[0],[8.102664899997762],,,,,,,,,,,,,3011_1600_SB4_31_2,001,2023-11-30_16h35.36.333,3_End,2023.2.3,60.005280464722134,2023-11-30 16h35.47.537540 +0000,
8,2,coffeemug,coffeemugcn,./stims/CritBystanders/keys.jpeg,./stims/CritBystanders/coffeemugcn.jpeg,SR,SR_3,,,,,,,,,0,7,7,7,,,,,85.08610630000112,,,,,,,,,85.0540254999978,1.0156480999976338,91.17012659999818,[0.7898148148148149],[0.45555555555555555],[1],[0],[0],[6.102887400000327],,,,,,,,,,,,,3011_1600_SB4_31_2,001,2023-11-30_16h35.36.333,3_End,2023.2.3,60.005280464722134,2023-11-30 16h35.47.537540 +0000,
9,3,chair,chaircn,./stims/CritBystanders/scissors.jpeg,./stims/CritBystanders/chaircn.jpeg,RR,RR_6,,,,,,,,,0,8,8,8,,,,,91.20284619999802,,,,,,,,,91.17069840000113,1.0156743999978062,95.77023700000063,[0.7888888888888889],[0.4564814814814815],[1],[0],[0],[4.5840836000024865],,,,,,,,,,,,,3011_1600_SB4_31_2,001,2023-11-30_16h35.36.333,3_End,2023.2.3,60.005280464722134,2023-11-30 16h35.47.537540 +0000,
10,3,shoes,shoescn,./stims/CritBystanders/soccerball.jpeg,./stims/CritBystanders/shoescn.jpeg,SR,SR_7,,,,,,,,,0,9,9,9,,,,,95.80279249999876,,,,,,,,,95.77080899999783,1.0155658000003314,99.5202251999981,[0.7888888888888889],[0.4564814814814815],[1],[0],[0],[3.7332707999994454],,,,,,,,,,,,,3011_1600_SB4_31_2,001,2023-11-30_16h35.36.333,3_End,2023.2.3,60.005280464722134,2023-11-30 16h35.47.537540 +0000,
11,3,backpack,backpackcn,./stims/CritBystanders/crate.jpeg,./stims/CritBystanders/backpackcn.jpeg,SS,SS_8,,,,,,,,,0,10,10,10,,,,,99.552826799998,,,,,,,,,99.52079199999935,1.015602499999659,103.25341919999846,[0.7888888888888889],[0.4564814814814815],[1],[0],[0],[3.718261400001211],,,,,,,,,,,,,3011_1600_SB4_31_2,001,2023-11-30_16h35.36.333,3_End,2023.2.3,60.005280464722134,2023-11-30 16h35.47.537540 +0000,
12,3,toiletpaper,toiletpapercn,./stims/CritBystanders/walkman.jpeg,./stims/CritBystanders/toiletpapercn.jpeg,RS,RS_2,,,,,,,,,0,11,11,11,,,,,103.28615889999855,,,,,,,,,103.25393809999878,0.9991127000030247,108.95344710000063,[0.7888888888888889],[0.4564814814814815],[1],[0],[0],[5.682740200001717],,,,,,,,,,,,,3011_1600_SB4_31_2,001,2023-11-30_16h35.36.333,3_End,2023.2.3,60.005280464722134,2023-11-30 16h35.47.537540 +0000,
13,4,electriccord,electriccordcn,./stims/CritBystanders/computer.jpeg,./stims/CritBystanders/electriccordcn.jpeg,RR,RR_1,,,,,,,,,0,12,12,12,,,,,108.98616459999903,,,,,,,,,108.95401119999951,0.9990985000004002,124.95312909999848,[],[],[],[],[],[],15.999092300000484,,,,,,,,,,,,3011_1600_SB4_31_2,001,2023-11-30_16h35.36.333,3_End,2023.2.3,60.005280464722134,2023-11-30 16h35.47.537540 +0000,
14,4,computer,computercn,./stims/CritBystanders/cards.jpeg,./stims/CritBystanders/computercn.jpeg,RS,RS_1,,,,,,,,,0,13,13,13,,,,,124.9861897999981,,,,,,,,,124.9536506000004,0.999109899999894,134.97019250000085,[0.887962962962963],[0.5],[1],[0],[0],[10.004433599999174],,,,,,,,,,,,,3011_1600_SB4_31_2,001,2023-11-30_16h35.36.333,3_End,2023.2.3,60.005280464722134,2023-11-30 16h35.47.537540 +0000,
15,4,telephone,telephonecn,./stims/CritBystanders/calculator.jpeg,./stims/CritBystanders/telephonecn.jpeg,SS,SS_4,,,,,,,,,0,14,14,14,,,,,135.0029089999989,,,,,,,,,134.9707716999983,1.0157270999989123,143.87015109999993,[0.887962962962963],[0.5],[1],[0],[0],[8.886271700001089],,,,,,,,,,,,,3011_1600_SB4_31_2,001,2023-11-30_16h35.36.333,3_End,2023.2.3,60.005280464722134,2023-11-30 16h35.47.537540 +0000,
16,4,umbrella,umbrellacn,./stims/CritBystanders/telephone.jpeg,./stims/CritBystanders/umbrellacn.jpeg,SR,SR_4,,,,,,,,,0,15,15,15,,,,,143.90291419999994,,,,,,,,,143.8706917999989,0.9991139999983716,148.88666379999995,[0.887962962962963],[0.5],[1],[0],[0],[4.999947500000417],,,,,,,,,,,,,3011_1600_SB4_31_2,001,2023-11-30_16h35.36.333,3_End,2023.2.3,60.005280464722134,2023-11-30 16h35.47.537540 +0000,
17,5,bucket,bucketcn,./stims/CritBystanders/fan.jpeg,./stims/CritBystanders/bucketcn.jpeg,RR,RR_3,,,,,,,,,0,16,16,16,,,,,148.91959230000066,,,,,,,,,148.88729799999783,0.9992735999985598,164.8865681999996,[],[],[],[],[],[],15.99923889999991,,,,,,,,,,,,3011_1600_SB4_31_2,001,2023-11-30_16h35.36.333,3_End,2023.2.3,60.005280464722134,2023-11-30 16h35.47.537540 +0000,
18,5,watch,watchcn,./stims/CritBystanders/candle.jpeg,./stims/CritBystanders/watchcn.jpeg,RS,RS_8,,,,,,,,,0,17,17,17,,,,,164.91962390000117,,,,,,,,,164.88706180000008,0.9992563999985578,172.68689369999993,[0.887962962962963],[0.5],[1],[0],[0],[7.786457199999859],,,,,,,,,,,,,3011_1600_SB4_31_2,001,2023-11-30_16h35.36.333,3_End,2023.2.3,60.005280464722134,2023-11-30 16h35.47.537540 +0000,
19,5,keys,keyscn,./stims/CritBystanders/bucket.jpeg,./stims/CritBystanders/keyscn.jpeg,SS,SS_3,,,,,,,,,0,18,18,18,,,,,172.7196311000007,,,,,,,,,172.687438500001,0.9990717000000586,179.65355099999942,[0.887962962962963],[0.5],[1],[0],[0],[6.9528469999968365],,,,,,,,,,,,,3011_1600_SB4_31_2,001,2023-11-30_16h35.36.333,3_End,2023.2.3,60.005280464722134,2023-11-30 16h35.47.537540 +0000,
20,5,comb,combcn,./stims/CritBystanders/peacock.jpeg,./stims/CritBystanders/combcn.jpeg,SR,SR_5,,,,,,,,,0,19,19,19,,,,,179.68631549999918,,,,,,,,,179.6541025999977,0.9991453000002366,184.07027839999864,[0.887962962962963],[0.5],[1],[0],[0],[4.4045076000002155],,,,,,,,,,,,,3011_1600_SB4_31_2,001,2023-11-30_16h35.36.333,3_End,2023.2.3,60.005280464722134,2023-11-30 16h35.47.537540 +0000,
21,6,video,videocn,./stims/CritBystanders/iron.jpeg,./stims/CritBystanders/videocn.jpeg,RR,RR_7,,,,,,,,,0,20,20,20,,,,,184.10300439999992,,,,,,,,,184.070863500001,0.9990120000002207,188.57031540000025,[0.887962962962963],[0.5],[1],[0],[0],[4.482591500000126],,,,,,,,,,,,,3011_1600_SB4_31_2,001,2023-11-30_16h35.36.333,3_End,2023.2.3,60.005280464722134,2023-11-30 16h35.47.537540 +0000,
22,6,chessboard,chessboardcn,./stims/CritBystanders/chair.jpeg,./stims/CritBystanders/chessboardcn.jpeg,SS,SS_6,,,,,,,,,0,21,21,21,,,,,188.60300540000026,,,,,,,,,188.5708835000005,0.999051499999041,194.28676049999922,[0.887962962962963],[0.5],[1],[0],[0],[5.702484800000093],,,,,,,,,,,,,3011_1600_SB4_31_2,001,2023-11-30_16h35.36.333,3_End,2023.2.3,60.005280464722134,2023-11-30 16h35.47.537540 +0000,
23,6,guitar,guitarcn,./stims/CritBystanders/umbrella.jpeg,./stims/CritBystanders/guitarcn.jpeg,RS,RS_4,,,,,,,,,0,22,22,22,,,,,194.3196902999989,,,,,,,,,194.28732440000022,0.9992929000000004,198.00357000000076,[0.887962962962963],[0.5],[1],[0],[0],[3.6987799999988056],,,,,,,,,,,,,3011_1600_SB4_31_2,001,2023-11-30_16h35.36.333,3_End,2023.2.3,60.005280464722134,2023-11-30 16h35.47.537540 +0000,
24,6,walkman,walkmancn,./stims/CritBystanders/books.jpeg,./stims/CritBystanders/walkmancn.jpeg,SR,SR_2,,,,,,,,,0,23,23,23,,,,,198.0364195000002,,,,,,,,,198.00409170000057,0.9991593000013381,205.120319499998,[0.887962962962963],[0.5],[1],[0],[0],[7.103548199997022],,,,,,,,,,,,,3011_1600_SB4_31_2,001,2023-11-30_16h35.36.333,3_End,2023.2.3,60.005280464722134,2023-11-30 16h35.47.537540 +0000,
25,7,candle,candlecn,./stims/CritBystanders/backpack.jpeg,./stims/CritBystanders/candlecn.jpeg,SR,SR_8,,,,,,,,,0,24,24,24,,,,,205.15305140000055,,,,,,,,,205.12088650000078,0.9990245000008144,213.72037339999952,[0.887962962962963],[0.5],[1],[0],[0],[8.586161200000788],,,,,,,,,,,,,3011_1600_SB4_31_2,001,2023-11-30_16h35.36.333,3_End,2023.2.3,60.005280464722134,2023-11-30 16h35.47.537540 +0000,
26,7,calculator,calculatorcn,./stims/CritBystanders/guitar.jpeg,./stims/CritBystanders/calculatorcn.jpeg,RR,RR_4,,,,,,,,,0,25,25,25,,,,,213.7530900999991,,,,,,,,,213.7209464999978,0.9990188000010676,220.95367329999863,[0.887962962962963],[0.5],[1],[0],[0],[7.216431699998793],,,,,,,,,,,,,3011_1600_SB4_31_2,001,2023-11-30_16h35.36.333,3_End,2023.2.3,60.005280464722134,2023-11-30 16h35.47.537540 +0000,
27,7,iron,ironcn,./stims/CritBystanders/shoes.jpeg,./stims/CritBystanders/ironcn.jpeg,RS,RS_7,,,,,,,,,0,26,26,26,,,,,220.9863824999993,,,,,,,,,220.9542388000009,0.9990748999989592,224.48700649999955,[0.887962962962963],[0.5],[1],[0],[0],[3.516194200001337],,,,,,,,,,,,,3011_1600_SB4_31_2,001,2023-11-30_16h35.36.333,3_End,2023.2.3,60.005280464722134,2023-11-30 16h35.47.537540 +0000,
28,7,soccerball,soccerballcn,./stims/CritBystanders/video.jpeg,./stims/CritBystanders/soccerballcn.jpeg,SS,SS_7,,,,,,,,,0,27,27,27,,,,,224.5197608999988,,,,,,,,,224.48757750000004,0.9990590999987035,231.05365900000106,[0.887962962962963],[0.5],[1],[0],[0],[6.548366799997893],,,,,,,,,,,,,3011_1600_SB4_31_2,001,2023-11-30_16h35.36.333,3_End,2023.2.3,60.005280464722134,2023-11-30 16h35.47.537540 +0000,
29,8,fan,fancn,./stims/CritBystanders/coffeemug.jpeg,./stims/CritBystanders/fancn.jpeg,RS,RS_3,,,,,,,,,0,28,28,28,,,,,231.08644669999921,,,,,,,,,231.05419880000045,0.9991165999999794,234.92044869999881,[0.887962962962963],[0.5],[1],[0],[0],[3.8530680000003485],,,,,,,,,,,,,3011_1600_SB4_31_2,001,2023-11-30_16h35.36.333,3_End,2023.2.3,60.005280464722134,2023-11-30 16h35.47.537540 +0000,
30,8,cards,cardscn,./stims/CritBystanders/stapler.jpeg,./stims/CritBystanders/cardscn.jpeg,SR,SR_1,,,,,,,,,0,29,29,29,,,,,234.95313090000127,,,,,,,,,234.92101489999914,1.0156385000009323,239.98703250000108,[0.887962962962963],[0.5],[1],[0],[0],[5.053112800000235],,,,,,,,,,,,,3011_1600_SB4_31_2,001,2023-11-30_16h35.36.333,3_End,2023.2.3,60.005280464722134,2023-11-30 16h35.47.537540 +0000,
31,8,peacock,peacockcn,./stims/CritBystanders/wastebasket.jpeg,./stims/CritBystanders/peacockcn.jpeg,SS,SS_5,,,,,,,,,0,30,30,30,,,,,240.01977540000007,,,,,,,,,239.98754740000004,0.9991717999982939,246.0205782999983,[0.887962962962963],[0.5],[1],[0],[0],[6.019224899999244],,,,,,,,,,,,,3011_1600_SB4_31_2,001,2023-11-30_16h35.36.333,3_End,2023.2.3,60.005280464722134,2023-11-30 16h35.47.537540 +0000,
32,8,crate,cratecn,./stims/CritBystanders/watch.jpeg,./stims/CritBystanders/cratecn.jpeg,RR,RR_8,,,,,,,,,0,31,31,31,,,,,246.05317699999796,,,,,,,,,246.0211535999988,1.0155460000023595,258.8369406999991,[0.887962962962963],[0.5],[1],[0],[0],[12.803360399997473],,,,,,,,,,,,,3011_1600_SB4_31_2,001,2023-11-30_16h35.36.333,3_End,2023.2.3,60.005280464722134,2023-11-30 16h35.47.537540 +0000,
,,,,,,,,1,1,pan,pancn,./stims/AcqBystanders/pan.jpeg,./stims/AcqBystanders/pancn.jpeg,SS,SS_2,,,,,0,0,0,0,258.88682680000056,,,,,,,,,,,,,,,,,,,258.84634599999845,0.9992366999977094,265.18730479999795,[0.887962962962963],[0.5],[1],[0],[0],[6.315495999999257],,,3011_1600_SB4_31_2,001,2023-11-30_16h35.36.333,3_End,2023.2.3,60.005280464722134,2023-11-30 16h35.47.537540 +0000,
,,,,,,,,2,1,lightbulb,lightbulbcn,./stims/AcqBystanders/lightbulb.jpeg,./stims/AcqBystanders/lightbulbcn.jpeg,SR,SR_3,,,,,0,1,1,1,265.30360479999945,,,,,,,,,,,,,,,,,,,265.18816399999923,1.0152979999984382,270.2373411999979,[0.887962962962963],[0.49722222222222223],[1],[0],[0],[4.9443151999985275],,,3011_1600_SB4_31_2,001,2023-11-30_16h35.36.333,3_End,2023.2.3,60.005280464722134,2023-11-30 16h35.47.537540 +0000,
,,,,,,,,3,1,shampoo,shampoocn,./stims/AcqBystanders/shampoo.jpeg,./stims/AcqBystanders/shampoocn.jpeg,RS,RS_4,,,,,0,2,2,2,270.2870670000011,,,,,,,,,,,,,,,,,,,270.237916099999,1.0154871999984607,274.67121380000026,[0.887962962962963],[0.4962962962962963],[1],[0],[0],[4.405003299998498],,,3011_1600_SB4_31_2,001,2023-11-30_16h35.36.333,3_End,2023.2.3,60.005280464722134,2023-11-30 16h35.47.537540 +0000,
,,,,,,,,4,1,mandms,mandmscn,./stims/AcqBystanders/mandms.jpeg,./stims/AcqBystanders/mandmscn.jpeg,RR,RR_2,,,,,0,3,3,3,274.70319279999967,,,,,,,,,,,,,,,,,,,274.6717822999999,1.0149846999993315,283.2537951999984,[0.887962962962963],[0.4962962962962963],[1],[0],[0],[8.562004600000364],,,3011_1600_SB4_31_2,001,2023-11-30_16h35.36.333,3_End,2023.2.3,60.005280464722134,2023-11-30 16h35.47.537540 +0000,
,,,,,,,,5,1,sheet,sheetcn,./stims/AcqBystanders/sheet.jpeg,./stims/AcqBystanders/sheetcn.jpeg,RS,RS_3,,,,,0,4,4,4,283.28653629999826,,,,,,,,,,,,,,,,,,,283.25436210000044,0.9990744000024279,290.4705572999992,[0.887962962962963],[0.49537037037037035],[1],[0],[0],[7.202078000002075],,,3011_1600_SB4_31_2,001,2023-11-30_16h35.36.333,3_End,2023.2.3,60.005280464722134,2023-11-30 16h35.47.537540 +0000,
,,,,,,,,6,1,bottle,bottlecn,./stims/AcqBystanders/bottle.jpeg,./stims/AcqBystanders/bottlecn.jpeg,SS,SS_1,,,,,0,5,5,5,290.5032296999998,,,,,,,,,,,,,,,,,,,290.4711295999987,1.0156449999994948,295.90380399999776,[0.887962962962963],[0.49537037037037035],[1],[0],[0],[5.418943499997113],,,3011_1600_SB4_31_2,001,2023-11-30_16h35.36.333,3_End,2023.2.3,60.005280464722134,2023-11-30 16h35.47.537540 +0000,
,,,,,,,,7,1,trunk,trunkcn,./stims/AcqBystanders/trunk.jpeg,./stims/AcqBystanders/trunkcn.jpeg,SR,SR_1,,,,,0,6,6,6,295.9365629999993,,,,,,,,,,,,,,,,,,,295.90437689999817,0.9990799000006518,303.30392819999906,[0.887962962962963],[0.49537037037037035],[1],[0],[0],[7.383583499999077],,,3011_1600_SB4_31_2,001,2023-11-30_16h35.36.333,3_End,2023.2.3,60.005280464722134,2023-11-30 16h35.47.537540 +0000,
,,,,,,,,8,1,can,cancn,./stims/AcqBystanders/can.jpeg,./stims/AcqBystanders/cancn.jpeg,RR,RR_3,,,,,0,7,7,7,303.3365838999998,,,,,,,,,,,,,,,,,,,303.30449659999795,1.0156223999983922,315.387182800001,[0.887962962962963],[0.49537037037037035],[1],[0],[0],[12.066308999998],,,3011_1600_SB4_31_2,001,2023-11-30_16h35.36.333,3_End,2023.2.3,60.005280464722134,2023-11-30 16h35.47.537540 +0000,
,,,,,,,,9,1,towel,towelcn,./stims/AcqBystanders/towel.jpeg,./stims/AcqBystanders/towelcn.jpeg,RS,RS_1,,,,,0,8,8,8,315.4199544000003,,,,,,,,,,,,,,,,,,,315.38775349999923,0.9990373000000545,325.88701859999856,[0.887962962962963],[0.49537037037037035],[1],[0],[0],[10.485999799999263],,,3011_1600_SB4_31_2,001,2023-11-30_16h35.36.333,3_End,2023.2.3,60.005280464722134,2023-11-30 16h35.47.537540 +0000,
,,,,,,,,10,1,fireextinguisher,fireextinguishercn,./stims/AcqBystanders/fireextinguisher.jpeg,./stims/AcqBystanders/fireextinguishercn.jpeg,RR,RR_1,,,,,0,9,9,9,325.9199972999995,,,,,,,,,,,,,,,,,,,325.88755500000116,0.9993133000025409,333.72059459999946,[0.887962962962963],[0.49537037037037035],[1],[0],[0],[7.8107401999986905],,,3011_1600_SB4_31_2,001,2023-11-30_16h35.36.333,3_End,2023.2.3,60.005280464722134,2023-11-30 16h35.47.537540 +0000,
,,,,,,,,11,1,passport,passportcn,./stims/AcqBystanders/passport.jpeg,./stims/AcqBystanders/passportcn.jpeg,SS,SS_3,,,,,0,10,10,10,333.75331150000056,,,,,,,,,,,,,,,,,,,333.72112130000096,0.9991279000023496,339.8206251999982,[0.887962962962963],[0.49537037037037035],[1],[0],[0],[6.080988300000172],,,3011_1600_SB4_31_2,001,2023-11-30_16h35.36.333,3_End,2023.2.3,60.005280464722134,2023-11-30 16h35.47.537540 +0000,
,,,,,,,,12,1,headphones,headphonescn,./stims/AcqBystanders/headphones.jpeg,./stims/AcqBystanders/headphonescn.jpeg,SR,SR_2,,,,,0,11,11,11,339.85333230000106,,,,,,,,,,,,,,,,,,,339.8211755000011,0.9990551000009873,346.95394490000035,[0.887962962962963],[0.49537037037037035],[1],[0],[0],[7.115829500002292],,,3011_1600_SB4_31_2,001,2023-11-30_16h35.36.333,3_End,2023.2.3,60.005280464722134,2023-11-30 16h35.47.537540 +0000,
,,,,,,,,13,1,perfume,perfumecn,./stims/AcqBystanders/perfume.jpeg,./stims/AcqBystanders/perfumecn.jpeg,SR,SR_4,,,,,0,12,12,12,346.9866742999984,,,,,,,,,,,,,,,,,,,346.9545407000005,0.9990432000013243,356.4873140999989,[0.887962962962963],[0.49537037037037035],[1],[0],[0],[9.519252699999925],,,3011_1600_SB4_31_2,001,2023-11-30_16h35.36.333,3_End,2023.2.3,60.005280464722134,2023-11-30 16h35.47.537540 +0000,
,,,,,,,,14,1,cup,cupcn,./stims/AcqBystanders/cup.jpeg,./stims/AcqBystanders/cupcn.jpeg,RS,RS_2,,,,,0,13,13,13,356.60387229999833,,,,,,,,,,,,,,,,,,,356.4878810000009,0.9990905999984534,363.42071080000096,[0.887962962962963],[0.49537037037037035],[1],[0],[0],[6.827143200000137],,,3011_1600_SB4_31_2,001,2023-11-30_16h35.36.333,3_End,2023.2.3,60.005280464722134,2023-11-30 16h35.47.537540 +0000,
,,,,,,,,,,,,,,,,,,,,,,,,,,,,,,,,,,,,,,,,,,,,,,,,,,,,363.42114429999856,363.4366975999983,,,,,,,,
