﻿order_ext,blk_ext,bystander_ext,test_item_ext,bystander_loc_ext,test_item_loc_ext,trial_type_ext,itemNo_ext,order_cond_acq,blk_cond_acq,bystander_cond_acq,test_item_cond_acq,bystander_loc_cond_acq,test_item_loc_cond_acq,trial_type_cond_acq,itemNo_cond_acq,trials.thisRepN,trials.thisTrialN,trials.thisN,trials.thisIndex,trials_2.thisRepN,trials_2.thisTrialN,trials_2.thisN,trials_2.thisIndex,thisRow.t,notes,INSTRUCTION.started,instruct1.started,ok1.started,INSTRUCTION.stopped,ok1.keys,ok1.rt,ok1.duration,END_EXT.started,mouse_ext.started,mouse_ext.stopped,END_EXT.stopped,mouse_ext.x,mouse_ext.y,mouse_ext.leftButton,mouse_ext.midButton,mouse_ext.rightButton,mouse_ext.time,END_ACQ.started,mouse_cond.started,mouse_cond.stopped,END_ACQ.stopped,mouse_cond.x,mouse_cond.y,mouse_cond.leftButton,mouse_cond.midButton,mouse_cond.rightButton,mouse_cond.time,thanks.started,thanksMsg.started,participant,session,date,expName,psychopyVersion,frameRate,expStart,
,,,,,,,,,,,,,,,,,,,,,,,,,,0.020269999999982247,0.036774599999716884,0.036774599999716884,4.820815799999764,return,4.782497400000011,None,,,,,,,,,,,,,,,,,,,,,,,3011_1100_SB2_29_2,001,2023-11-30_11h45.36.787,3_End,2023.2.3,59.98821831401562,2023-11-30 11h45.59.155977 +0000,
1,1,cap,capcn,./stims/CritBystanders/cap.jpeg,./stims/CritBystanders/toiletpapercn.jpeg,SS,SS_2,,,,,,,,,0,0,0,0,,,,,4.886779500000102,,,,,,,,,4.834599199999957,0.9994085999996969,15.999364099999639,20.820396099999925,[],[],[],[],[],[],,,,,,,,,,,,,3011_1100_SB2_29_2,001,2023-11-30_11h45.36.787,3_End,2023.2.3,59.98821831401562,2023-11-30 11h45.59.155977 +0000,
2,1,chessboard,chessboardcn,./stims/CritBystanders/chessboard.jpeg,./stims/CritBystanders/chaircn.jpeg,SR,SR_6,,,,,,,,,0,1,1,1,,,,,20.85347180000008,,,,,,,,,20.821222199999738,0.999355999999807,,31.204199199999948,[0.8472222222222222],[-0.487962962962963],[1],[0],[0],[10.37072070000022],,,,,,,,,,,,,3011_1100_SB2_29_2,001,2023-11-30_11h45.36.787,3_End,2023.2.3,59.98821831401562,2023-11-30 11h45.59.155977 +0000,
3,1,wallet,walletcn,./stims/CritBystanders/wallet.jpeg,./stims/CritBystanders/chessboardcn.jpeg,RS,RS_6,,,,,,,,,0,2,2,2,,,,,31.23684520000006,,,,,,,,,31.204790199999934,1.0156339999998636,,38.60394459999998,[0.8472222222222222],[-0.487962962962963],[1],[0],[0],[7.386444499999925],,,,,,,,,,,,,3011_1100_SB2_29_2,001,2023-11-30_11h45.36.787,3_End,2023.2.3,59.98821831401562,2023-11-30 11h45.59.155977 +0000,
4,1,clipboard,clipboardcn,./stims/CritBystanders/clipboard.jpeg,./stims/CritBystanders/combcn.jpeg,RR,RR_5,,,,,,,,,0,3,3,3,,,,,38.636886400000094,,,,,,,,,38.60450589999982,0.9992459000000053,,42.387466199999835,[0.8472222222222222],[-0.487962962962963],[1],[0],[0],[3.7697091],,,,,,,,,,,,,3011_1100_SB2_29_2,001,2023-11-30_11h45.36.787,3_End,2023.2.3,59.98821831401562,2023-11-30 11h45.59.155977 +0000,
5,2,comb,combcn,./stims/CritBystanders/comb.jpeg,./stims/CritBystanders/peacockcn.jpeg,RS,RS_5,,,,,,,,,0,4,4,4,,,,,42.42022129999987,,,,,,,,,42.3880223000001,0.9990987999999561,,47.03750779999973,[0.8462962962962963],[-0.4898148148148148],[1],[0],[0],[4.636350299999776],,,,,,,,,,,,,3011_1100_SB2_29_2,001,2023-11-30_11h45.36.787,3_End,2023.2.3,59.98821831401562,2023-11-30 11h45.59.155977 +0000,
6,2,electriccord,electriccordcn,./stims/CritBystanders/electriccord.jpeg,./stims/CritBystanders/computercn.jpeg,SS,SS_1,,,,,,,,,0,5,5,5,,,,,47.07023739999977,,,,,,,,,47.03801919999978,0.9990533000000141,,51.38756319999993,[0.8462962962962963],[-0.4925925925925926],[1],[0],[0],[4.333719100000053],,,,,,,,,,,,,3011_1100_SB2_29_2,001,2023-11-30_11h45.36.787,3_End,2023.2.3,59.98821831401562,2023-11-30 11h45.59.155977 +0000,
7,2,toiletpaper,toiletpapercn,./stims/CritBystanders/toiletpaper.jpeg,./stims/CritBystanders/walkmancn.jpeg,RR,RR_2,,,,,,,,,0,6,6,6,,,,,51.42022080000015,,,,,,,,,51.38812259999986,1.01567440000008,,57.20418810000001,[0.8462962962962963],[-0.4925925925925926],[1],[0],[0],[5.803035200000068],,,,,,,,,,,,,3011_1100_SB2_29_2,001,2023-11-30_11h45.36.787,3_End,2023.2.3,59.98821831401562,2023-11-30 11h45.59.155977 +0000,
8,2,keys,keyscn,./stims/CritBystanders/keys.jpeg,./stims/CritBystanders/bucketcn.jpeg,SR,SR_3,,,,,,,,,0,7,7,7,,,,,57.2369020000001,,,,,,,,,57.20469689999982,0.9990625999998883,,64.42072019999978,[0.8462962962962963],[-0.49537037037037035],[1],[0],[0],[7.203024000000369],,,,,,,,,,,,,3011_1100_SB2_29_2,001,2023-11-30_11h45.36.787,3_End,2023.2.3,59.98821831401562,2023-11-30 11h45.59.155977 +0000,
9,3,scissors,scissorscn,./stims/CritBystanders/scissors.jpeg,./stims/CritBystanders/walletcn.jpeg,RR,RR_6,,,,,,,,,0,8,8,8,,,,,64.45356859999993,,,,,,,,,64.42128389999971,0.9992173000000548,,73.80419389999997,[0.8462962962962963],[-0.49537037037037035],[1],[0],[0],[9.369941100000233],,,,,,,,,,,,,3011_1100_SB2_29_2,001,2023-11-30_11h45.36.787,3_End,2023.2.3,59.98821831401562,2023-11-30 11h45.59.155977 +0000,
10,3,soccerball,soccerballcn,./stims/CritBystanders/soccerball.jpeg,./stims/CritBystanders/videocn.jpeg,SR,SR_7,,,,,,,,,0,9,9,9,,,,,73.83697759999995,,,,,,,,,73.80475840000008,0.9990958999997019,,78.37103369999977,[0.8462962962962963],[-0.49537037037037035],[1],[0],[0],[4.552992200000062],,,,,,,,,,,,,3011_1100_SB2_29_2,001,2023-11-30_11h45.36.787,3_End,2023.2.3,59.98821831401562,2023-11-30 11h45.59.155977 +0000,
11,3,crate,cratecn,./stims/CritBystanders/crate.jpeg,./stims/CritBystanders/watchcn.jpeg,SS,SS_8,,,,,,,,,0,10,10,10,,,,,78.40365100000008,,,,,,,,,78.37159859999974,1.0156262000000424,,81.7209512999998,[0.8462962962962963],[-0.49537037037037035],[1],[0],[0],[3.337894000000233],,,,,,,,,,,,,3011_1100_SB2_29_2,001,2023-11-30_11h45.36.787,3_End,2023.2.3,59.98821831401562,2023-11-30 11h45.59.155977 +0000,
12,3,walkman,walkmancn,./stims/CritBystanders/walkman.jpeg,./stims/CritBystanders/bookscn.jpeg,RS,RS_2,,,,,,,,,0,11,11,11,,,,,81.7536353999999,,,,,,,,,81.72151559999975,1.0156929999998283,,84.68758619999971,[0.8462962962962963],[-0.4981481481481482],[1],[0],[0],[2.952342900000076],,,,,,,,,,,,,3011_1100_SB2_29_2,001,2023-11-30_11h45.36.787,3_End,2023.2.3,59.98821831401562,2023-11-30 11h45.59.155977 +0000,
13,4,computer,computercn,./stims/CritBystanders/computer.jpeg,./stims/CritBystanders/cardscn.jpeg,RR,RR_1,,,,,,,,,0,12,12,12,,,,,84.7203340000001,,,,,,,,,84.68814769999972,0.999066099999709,15.999070099999699,100.68732679999994,[],[],[],[],[],[],,,,,,,,,,,,,3011_1100_SB2_29_2,001,2023-11-30_11h45.36.787,3_End,2023.2.3,59.98821831401562,2023-11-30 11h45.59.155977 +0000,
14,4,cards,cardscn,./stims/CritBystanders/cards.jpeg,./stims/CritBystanders/staplercn.jpeg,RS,RS_1,,,,,,,,,0,13,13,13,,,,,100.72032279999985,,,,,,,,,100.68781880000006,0.9991153999999369,15.999131099999886,116.68730800000003,[],[],[],[],[],[],,,,,,,,,,,,,3011_1100_SB2_29_2,001,2023-11-30_11h45.36.787,3_End,2023.2.3,59.98821831401562,2023-11-30 11h45.59.155977 +0000,
15,4,calculator,calculatorcn,./stims/CritBystanders/calculator.jpeg,./stims/CritBystanders/guitarcn.jpeg,SS,SS_4,,,,,,,,,0,14,14,14,,,,,116.72038949999978,,,,,,,,,116.68792129999974,0.9991451999999299,,120.00414619999992,[0.8462962962962963],[-0.4981481481481482],[1],[0],[0],[3.2992475000000923],,,,,,,,,,,,,3011_1100_SB2_29_2,001,2023-11-30_11h45.36.787,3_End,2023.2.3,59.98821831401562,2023-11-30 11h45.59.155977 +0000,
16,4,telephone,telephonecn,./stims/CritBystanders/telephone.jpeg,./stims/CritBystanders/calculatorcn.jpeg,SR,SR_4,,,,,,,,,0,15,15,15,,,,,120.03703169999972,,,,,,,,,120.00470089999999,0.9992570999997952,,132.12104939999972,[0.8611111111111112],[-0.41574074074074074],[1],[0],[0],[12.100122800000008],,,,,,,,,,,,,3011_1100_SB2_29_2,001,2023-11-30_11h45.36.787,3_End,2023.2.3,59.98821831401562,2023-11-30 11h45.59.155977 +0000,
17,5,fan,fancn,./stims/CritBystanders/fan.jpeg,./stims/CritBystanders/coffeemugcn.jpeg,RR,RR_3,,,,,,,,,0,16,16,16,,,,,132.15373839999984,,,,,,,,,132.12161860000015,0.9990045999998074,,137.28767370000014,[0.8611111111111112],[-0.41574074074074074],[1],[0],[0],[5.15257819999988],,,,,,,,,,,,,3011_1100_SB2_29_2,001,2023-11-30_11h45.36.787,3_End,2023.2.3,59.98821831401562,2023-11-30 11h45.59.155977 +0000,
18,5,candle,candlecn,./stims/CritBystanders/candle.jpeg,./stims/CritBystanders/backpackcn.jpeg,RS,RS_8,,,,,,,,,0,17,17,17,,,,,137.32045070000004,,,,,,,,,137.28823839999995,0.9990775000001122,,148.6210261000001,[0.8611111111111112],[-0.41574074074074074],[1],[0],[0],[11.316022699999849],,,,,,,,,,,,,3011_1100_SB2_29_2,001,2023-11-30_11h45.36.787,3_End,2023.2.3,59.98821831401562,2023-11-30 11h45.59.155977 +0000,
19,5,bucket,bucketcn,./stims/CritBystanders/bucket.jpeg,./stims/CritBystanders/fancn.jpeg,SS,SS_3,,,,,,,,,0,18,18,18,,,,,148.6538056999998,,,,,,,,,148.62157810000008,0.9990916000001562,15.999125300000287,164.6207402,[],[],[],[],[],[],,,,,,,,,,,,,3011_1100_SB2_29_2,001,2023-11-30_11h45.36.787,3_End,2023.2.3,59.98821831401562,2023-11-30 11h45.59.155977 +0000,
20,5,peacock,peacockcn,./stims/CritBystanders/peacock.jpeg,./stims/CritBystanders/wastebasketcn.jpeg,SR,SR_5,,,,,,,,,0,19,19,19,,,,,164.65382569999974,,,,,,,,,164.62121100000013,0.9991724000001341,,169.00432760000012,[0.8611111111111112],[-0.41574074074074074],[1],[0],[0],[4.3661831000003986],,,,,,,,,,,,,3011_1100_SB2_29_2,001,2023-11-30_11h45.36.787,3_End,2023.2.3,59.98821831401562,2023-11-30 11h45.59.155977 +0000,
21,6,iron,ironcn,./stims/CritBystanders/iron.jpeg,./stims/CritBystanders/shoescn.jpeg,RR,RR_7,,,,,,,,,0,20,20,20,,,,,169.03718029999982,,,,,,,,,169.0048913999999,0.999202200000127,,173.6711425999997,[0.85],[-0.34444444444444444],[1],[0],[0],[4.653564300000198],,,,,,,,,,,,,3011_1100_SB2_29_2,001,2023-11-30_11h45.36.787,3_End,2023.2.3,59.98821831401562,2023-11-30 11h45.59.155977 +0000,
22,6,chair,chaircn,./stims/CritBystanders/chair.jpeg,./stims/CritBystanders/scissorscn.jpeg,SS,SS_6,,,,,,,,,0,21,21,21,,,,,173.7038649000001,,,,,,,,,173.6717238000001,1.0156818000000385,,189.68730069999992,[],[],[],[],[],[],,,,,,,,,,,,,3011_1100_SB2_29_2,001,2023-11-30_11h45.36.787,3_End,2023.2.3,59.98821831401562,2023-11-30 11h45.59.155977 +0000,
23,6,umbrella,umbrellacn,./stims/CritBystanders/umbrella.jpeg,./stims/CritBystanders/telephonecn.jpeg,RS,RS_4,,,,,,,,,0,22,22,22,,,,,189.72056789999988,,,,,,,,,189.68777490000002,0.9990982000003896,,193.80448320000005,[0.85],[-0.34444444444444444],[1],[0],[0],[4.100217199999861],,,,,,,,,,,,,3011_1100_SB2_29_2,001,2023-11-30_11h45.36.787,3_End,2023.2.3,59.98821831401562,2023-11-30 11h45.59.155977 +0000,
24,6,books,bookscn,./stims/CritBystanders/books.jpeg,./stims/CritBystanders/capcn.jpeg,SR,SR_2,,,,,,,,,0,23,23,23,,,,,193.83723939999982,,,,,,,,,193.80500219999976,0.9991125000001375,15.999156299999868,209.80419230000007,[],[],[],[],[],[],,,,,,,,,,,,,3011_1100_SB2_29_2,001,2023-11-30_11h45.36.787,3_End,2023.2.3,59.98821831401562,2023-11-30 11h45.59.155977 +0000,
25,7,backpack,backpackcn,./stims/CritBystanders/backpack.jpeg,./stims/CritBystanders/cratecn.jpeg,SR,SR_8,,,,,,,,,0,24,24,24,,,,,209.83726930000012,,,,,,,,,209.80471820000002,0.9991595000001325,15.999195699999746,225.80423440000004,[],[],[],[],[],[],,,,,,,,,,,,,3011_1100_SB2_29_2,001,2023-11-30_11h45.36.787,3_End,2023.2.3,59.98821831401562,2023-11-30 11h45.59.155977 +0000,
26,7,guitar,guitarcn,./stims/CritBystanders/guitar.jpeg,./stims/CritBystanders/umbrellacn.jpeg,RR,RR_4,,,,,,,,,0,25,25,25,,,,,225.83731039999975,,,,,,,,,225.80474240000012,0.9991841999999451,,238.02122569999983,[0.85],[-0.34444444444444444],[1],[0],[0],[12.195201200000156],,,,,,,,,,,,,3011_1100_SB2_29_2,001,2023-11-30_11h45.36.787,3_End,2023.2.3,59.98821831401562,2023-11-30 11h45.59.155977 +0000,
27,7,shoes,shoescn,./stims/CritBystanders/shoes.jpeg,./stims/CritBystanders/soccerballcn.jpeg,RS,RS_7,,,,,,,,,0,26,26,26,,,,,238.05400869999994,,,,,,,,,238.02179909999995,0.9990858999999546,,242.57216299999982,[0.8314814814814815],[-0.3111111111111111],[1],[0],[0],[4.534531299999799],,,,,,,,,,,,,3011_1100_SB2_29_2,001,2023-11-30_11h45.36.787,3_End,2023.2.3,59.98821831401562,2023-11-30 11h45.59.155977 +0000,
28,7,video,videocn,./stims/CritBystanders/video.jpeg,./stims/CritBystanders/ironcn.jpeg,SS,SS_7,,,,,,,,,0,27,27,27,,,,,242.60400070000014,,,,,,,,,242.5727211999997,1.0149650999996993,,252.13798940000015,[0.8305555555555556],[-0.30833333333333335],[1],[0],[0],[9.551800199999889],,,,,,,,,,,,,3011_1100_SB2_29_2,001,2023-11-30_11h45.36.787,3_End,2023.2.3,59.98821831401562,2023-11-30 11h45.59.155977 +0000,
29,8,coffeemug,coffeemugcn,./stims/CritBystanders/coffeemug.jpeg,./stims/CritBystanders/keyscn.jpeg,RS,RS_3,,,,,,,,,0,28,28,28,,,,,252.1706976999999,,,,,,,,,252.13855479999984,0.9990582999998878,15.99906749999991,268.1376989999999,[],[],[],[],[],[],,,,,,,,,,,,,3011_1100_SB2_29_2,001,2023-11-30_11h45.36.787,3_End,2023.2.3,59.98821831401562,2023-11-30 11h45.59.155977 +0000,
30,8,stapler,staplercn,./stims/CritBystanders/stapler.jpeg,./stims/CritBystanders/electriccordcn.jpeg,SR,SR_1,,,,,,,,,0,29,29,29,,,,,268.1707237999999,,,,,,,,,268.1381811000001,0.9990755999997418,,272.05476869999984,[0.8305555555555556],[-0.30648148148148147],[1],[0],[0],[3.900167899999815],,,,,,,,,,,,,3011_1100_SB2_29_2,001,2023-11-30_11h45.36.787,3_End,2023.2.3,59.98821831401562,2023-11-30 11h45.59.155977 +0000,
31,8,wastebasket,wastebasketcn,./stims/CritBystanders/wastebasket.jpeg,./stims/CritBystanders/clipboardcn.jpeg,SS,SS_5,,,,,,,,,0,30,30,30,,,,,272.0874014000001,,,,,,,,,272.0553334000001,1.015672700000323,,277.1213938000001,[0.8305555555555556],[-0.30648148148148147],[1],[0],[0],[5.050192799999877],,,,,,,,,,,,,3011_1100_SB2_29_2,001,2023-11-30_11h45.36.787,3_End,2023.2.3,59.98821831401562,2023-11-30 11h45.59.155977 +0000,
32,8,watch,watchcn,./stims/CritBystanders/watch.jpeg,./stims/CritBystanders/candlecn.jpeg,RR,RR_8,,,,,,,,,0,31,31,31,,,,,277.15408960000013,,,,,,,,,277.1219516000001,0.9990757999999005,,281.2714407999997,[0.8175925925925925],[-0.3148148148148148],[1],[0],[0],[4.135887599999933],,,,,,,,,,,,,3011_1100_SB2_29_2,001,2023-11-30_11h45.36.787,3_End,2023.2.3,59.98821831401562,2023-11-30 11h45.59.155977 +0000,
,,,,,,,,,,,,,,,,,,,,,,,,,,281.2718605,281.2874889999998,281.2874889999998,311.05479479999985,return,29.754506400000082,None,,,,,,,,,,,,,,,,,,,,,,,3011_1100_SB2_29_2,001,2023-11-30_11h45.36.787,3_End,2023.2.3,59.98821831401562,2023-11-30 11h45.59.155977 +0000,
,,,,,,,,1,1,pan,pancn,./stims/AcqBystanders/pan.jpeg,./stims/AcqBystanders/pancn.jpeg,SS,SS_2,,,,,0,0,0,0,311.1045476999998,,,,,,,,,,,,,,,,,,,311.0636641000001,0.9994120999999723,15.99945630000002,327.0544796999998,[],[],[],[],[],[],,,3011_1100_SB2_29_2,001,2023-11-30_11h45.36.787,3_End,2023.2.3,59.98821831401562,2023-11-30 11h45.59.155977 +0000,
,,,,,,,,2,1,lightbulb,lightbulbcn,./stims/AcqBystanders/lightbulb.jpeg,./stims/AcqBystanders/lightbulbcn.jpeg,SR,SR_3,,,,,0,1,1,1,327.1712008999998,,,,,,,,,,,,,,,,,,,327.05522500000006,0.9994676999999683,,341.25492239999994,[0.8111111111111111],[-0.32222222222222224],[1],[0],[0],[14.095339599999988],,,3011_1100_SB2_29_2,001,2023-11-30_11h45.36.787,3_End,2023.2.3,59.98821831401562,2023-11-30 11h45.59.155977 +0000,
,,,,,,,,3,1,shampoo,shampoocn,./stims/AcqBystanders/shampoo.jpeg,./stims/AcqBystanders/shampoocn.jpeg,RS,RS_4,,,,,0,2,2,2,341.2881833000001,,,,,,,,,,,,,,,,,,,341.25550969999995,1.0156471000000238,,354.70484970000007,[0.8111111111111111],[-0.32222222222222224],[1],[0],[0],[13.422751000000062],,,3011_1100_SB2_29_2,001,2023-11-30_11h45.36.787,3_End,2023.2.3,59.98821831401562,2023-11-30 11h45.59.155977 +0000,
,,,,,,,,4,1,mandms,mandmscn,./stims/AcqBystanders/mandms.jpeg,./stims/AcqBystanders/mandmscn.jpeg,RR,RR_2,,,,,0,3,3,3,354.7376380999999,,,,,,,,,,,,,,,,,,,354.70541509999975,0.9991161000002649,,367.1715629,[0.8111111111111111],[-0.32222222222222224],[1],[0],[0],[12.450112699999863],,,3011_1100_SB2_29_2,001,2023-11-30_11h45.36.787,3_End,2023.2.3,59.98821831401562,2023-11-30 11h45.59.155977 +0000,
,,,,,,,,5,1,sheet,sheetcn,./stims/AcqBystanders/sheet.jpeg,./stims/AcqBystanders/sheetcn.jpeg,RS,RS_3,,,,,0,4,4,4,367.2043270999998,,,,,,,,,,,,,,,,,,,367.1721348000001,0.9990987999999561,,380.8715797,[0.8111111111111111],[-0.32222222222222224],[1],[0],[0],[13.68575409999994],,,3011_1100_SB2_29_2,001,2023-11-30_11h45.36.787,3_End,2023.2.3,59.98821831401562,2023-11-30 11h45.59.155977 +0000,
,,,,,,,,6,1,bottle,bottlecn,./stims/AcqBystanders/bottle.jpeg,./stims/AcqBystanders/bottlecn.jpeg,SS,SS_1,,,,,0,5,5,5,380.90435579999985,,,,,,,,,,,,,,,,,,,380.87214779999977,0.9991189999996095,15.999135399999886,396.87131009999985,[],[],[],[],[],[],,,3011_1100_SB2_29_2,001,2023-11-30_11h45.36.787,3_End,2023.2.3,59.98821831401562,2023-11-30 11h45.59.155977 +0000,
,,,,,,,,7,1,trunk,trunkcn,./stims/AcqBystanders/trunk.jpeg,./stims/AcqBystanders/trunkcn.jpeg,SR,SR_1,,,,,0,6,6,6,396.9043750999999,,,,,,,,,,,,,,,,,,,396.87183000000005,0.9991307999998753,15.999163399999816,412.8713279999997,[],[],[],[],[],[],,,3011_1100_SB2_29_2,001,2023-11-30_11h45.36.787,3_End,2023.2.3,59.98821831401562,2023-11-30 11h45.59.155977 +0000,
,,,,,,,,8,1,can,cancn,./stims/AcqBystanders/can.jpeg,./stims/AcqBystanders/cancn.jpeg,RR,RR_3,,,,,0,7,7,7,412.9044184999998,,,,,,,,,,,,,,,,,,,412.87179990000004,0.9991774000000078,15.999197599999661,428.87136759999976,[],[],[],[],[],[],,,3011_1100_SB2_29_2,001,2023-11-30_11h45.36.787,3_End,2023.2.3,59.98821831401562,2023-11-30 11h45.59.155977 +0000,
,,,,,,,,9,1,towel,towelcn,./stims/AcqBystanders/towel.jpeg,./stims/AcqBystanders/towelcn.jpeg,RS,RS_1,,,,,0,8,8,8,428.9044841,,,,,,,,,,,,,,,,,,,428.8720570999999,0.9992394999999306,15.99930919999997,444.8716309000001,[],[],[],[],[],[],,,3011_1100_SB2_29_2,001,2023-11-30_11h45.36.787,3_End,2023.2.3,59.98821831401562,2023-11-30 11h45.59.155977 +0000,
,,,,,,,,10,1,fireextinguisher,fireextinguishercn,./stims/AcqBystanders/fireextinguisher.jpeg,./stims/AcqBystanders/fireextinguishercn.jpeg,RR,RR_1,,,,,0,9,9,9,444.90459169999986,,,,,,,,,,,,,,,,,,,444.87216579999995,0.999279199999819,15.999276899999586,460.87151159999985,[],[],[],[],[],[],,,3011_1100_SB2_29_2,001,2023-11-30_11h45.36.787,3_End,2023.2.3,59.98821831401562,2023-11-30 11h45.59.155977 +0000,
,,,,,,,,11,1,passport,passportcn,./stims/AcqBystanders/passport.jpeg,./stims/AcqBystanders/passportcn.jpeg,SS,SS_3,,,,,0,10,10,10,460.9045397,,,,,,,,,,,,,,,,,,,460.871991,0.999272099999871,,469.555515,[0.887962962962963],[-0.32314814814814813],[1],[0],[0],[8.66931969999996],,,3011_1100_SB2_29_2,001,2023-11-30_11h45.36.787,3_End,2023.2.3,59.98821831401562,2023-11-30 11h45.59.155977 +0000,
,,,,,,,,12,1,headphones,headphonescn,./stims/AcqBystanders/headphones.jpeg,./stims/AcqBystanders/headphonescn.jpeg,SR,SR_2,,,,,0,11,11,11,469.5878975999999,,,,,,,,,,,,,,,,,,,469.5560964000001,1.0153487000002315,,473.12202769999976,[0.887962962962963],[-0.32314814814814813],[1],[0],[0],[3.551885400000174],,,3011_1100_SB2_29_2,001,2023-11-30_11h45.36.787,3_End,2023.2.3,59.98821831401562,2023-11-30 11h45.59.155977 +0000,
,,,,,,,,13,1,perfume,perfumecn,./stims/AcqBystanders/perfume.jpeg,./stims/AcqBystanders/perfumecn.jpeg,SR,SR_4,,,,,0,12,12,12,473.1545879,,,,,,,,,,,,,,,,,,,473.1225939000001,1.015559200000098,,479.4551418000001,[0.887962962962963],[-0.32314814814814813],[1],[0],[0],[6.316413099999863],,,3011_1100_SB2_29_2,001,2023-11-30_11h45.36.787,3_End,2023.2.3,59.98821831401562,2023-11-30 11h45.59.155977 +0000,
,,,,,,,,14,1,cup,cupcn,./stims/AcqBystanders/cup.jpeg,./stims/AcqBystanders/cupcn.jpeg,RS,RS_2,,,,,0,13,13,13,479.57165699999996,,,,,,,,,,,,,,,,,,,479.4557052,0.9991258999998536,,483.47186980000015,[0.887962962962963],[-0.337037037037037],[1],[0],[0],[3.9121420999999827],,,3011_1100_SB2_29_2,001,2023-11-30_11h45.36.787,3_End,2023.2.3,59.98821831401562,2023-11-30 11h45.59.155977 +0000,
,,,,,,,,,,,,,,,,,,,,,,,,,,,,,,,,,,,,,,,,,,,,,,,,,,,,,483.47229719999996,483.4879437999998,,,,,,,,
