﻿order_ext,blk_ext,bystander_ext,test_item_ext,bystander_loc_ext,test_item_loc_ext,trial_type_ext,itemNo_ext,order_cond_acq,blk_cond_acq,bystander_cond_acq,test_item_cond_acq,bystander_loc_cond_acq,test_item_loc_cond_acq,trial_type_cond_acq,itemNo_cond_acq,trials.thisRepN,trials.thisTrialN,trials.thisN,trials.thisIndex,trials_2.thisRepN,trials_2.thisTrialN,trials_2.thisN,trials_2.thisIndex,thisRow.t,notes,INSTRUCTION.started,instruct1.started,ok1.started,INSTRUCTION.stopped,ok1.keys,ok1.rt,ok1.duration,END_EXT.started,mouse_ext.started,END_EXT.stopped,mouse_ext.x,mouse_ext.y,mouse_ext.leftButton,mouse_ext.midButton,mouse_ext.rightButton,mouse_ext.time,mouse_ext.stopped,END_ACQ.started,mouse_cond.started,END_ACQ.stopped,mouse_cond.x,mouse_cond.y,mouse_cond.leftButton,mouse_cond.midButton,mouse_cond.rightButton,mouse_cond.time,thanks.started,thanksMsg.started,participant,session,date,expName,psychopyVersion,frameRate,expStart,
,,,,,,,,,,,,,,,,,,,,,,,,,,0.011280999999144115,0.027875499999936437,0.027875499999936437,34.14510100000007,space,34.104231000001164,None,,,,,,,,,,,,,,,,,,,,,,3011_1230_SB3_30_2,001,2023-11-30_13h56.32.985,3_End,2023.2.3,60.001392032198865,2023-11-30 13h56.47.492087 +0000,
1,1,walkman,walkmancn,./stims/CritBystanders/cap.jpeg,./stims/CritBystanders/walkmancn.jpeg,SS,SS_2,,,,,,,,,0,0,0,0,,,,,34.19458539999869,,,,,,,,,34.15916180000022,0.9995163000003231,48.31192709999959,[0.8472222222222222],[0.41759259259259257],[1],[0],[0],[14.125846400000228],,,,,,,,,,,,,3011_1230_SB3_30_2,001,2023-11-30_13h56.32.985,3_End,2023.2.3,60.001392032198865,2023-11-30 13h56.47.492087 +0000,
2,1,scissors,scissorscn,./stims/CritBystanders/chessboard.jpeg,./stims/CritBystanders/scissorscn.jpeg,SR,SR_6,,,,,,,,,0,1,1,1,,,,,48.34457529999963,,,,,,,,,48.312899700000344,1.0152637000010145,59.69514639999943,[0.8472222222222222],[0.41759259259259257],[1],[0],[0],[11.365462100000514],,,,,,,,,,,,,3011_1230_SB3_30_2,001,2023-11-30_13h56.32.985,3_End,2023.2.3,60.001392032198865,2023-11-30 13h56.47.492087 +0000,
3,1,chair,chaircn,./stims/CritBystanders/wallet.jpeg,./stims/CritBystanders/chaircn.jpeg,RS,RS_6,,,,,,,,,0,2,2,2,,,,,59.72795690000021,,,,,,,,,59.695752300000095,0.9990992999992159,68.17835729999933,[0.8472222222222222],[0.41759259259259257],[1],[0],[0],[8.470619499999884],,,,,,,,,,,,,3011_1230_SB3_30_2,001,2023-11-30_13h56.32.985,3_End,2023.2.3,60.001392032198865,2023-11-30 13h56.47.492087 +0000,
4,1,peacock,peacockcn,./stims/CritBystanders/clipboard.jpeg,./stims/CritBystanders/peacockcn.jpeg,RR,RR_5,,,,,,,,,0,3,3,3,,,,,68.21128919999865,,,,,,,,,68.17897350000021,0.9991933000001154,84.17821840000033,[],[],[],[],[],[],15.999225200001092,,,,,,,,,,,,3011_1230_SB3_30_2,001,2023-11-30_13h56.32.985,3_End,2023.2.3,60.001392032198865,2023-11-30 13h56.47.492087 +0000,
5,2,wastebasket,wastebasketcn,./stims/CritBystanders/comb.jpeg,./stims/CritBystanders/wastebasketcn.jpeg,RS,RS_5,,,,,,,,,0,4,4,4,,,,,84.2113548999987,,,,,,,,,84.1787375999993,0.9992610999997851,91.56197950000023,[0.8472222222222222],[0.41759259259259257],[1],[0],[0],[7.370456600001489],,,,,,,,,,,,,3011_1230_SB3_30_2,001,2023-11-30_13h56.32.985,3_End,2023.2.3,60.001392032198865,2023-11-30 13h56.47.492087 +0000,
6,2,card,cardcn,./stims/CritBystanders/electriccord.jpeg,./stims/CritBystanders/cardscn.jpeg,SS,SS_1,,,,,,,,,0,5,5,5,,,,,91.59465099999943,,,,,,,,,91.56258679999883,1.0156397999999172,100.97873099999924,[0.8472222222222222],[0.41759259259259257],[1],[0],[0],[9.399572600001193],,,,,,,,,,,,,3011_1230_SB3_30_2,001,2023-11-30_13h56.32.985,3_End,2023.2.3,60.001392032198865,2023-11-30 13h56.47.492087 +0000,
7,2,books,bookscn,./stims/CritBystanders/toiletpaper.jpeg,./stims/CritBystanders/bookscn.jpeg,RR,RR_2,,,,,,,,,0,6,6,6,,,,,101.01135319999958,,,,,,,,,100.97934489999898,1.0156377000002976,106.37861629999861,[0.8472222222222222],[0.41759259259259257],[1],[0],[0],[5.383359299999938],,,,,,,,,,,,,3011_1230_SB3_30_2,001,2023-11-30_13h56.32.985,3_End,2023.2.3,60.001392032198865,2023-11-30 13h56.47.492087 +0000,
8,2,fan,fancn,./stims/CritBystanders/keys.jpeg,./stims/CritBystanders/fancn.jpeg,SR,SR_3,,,,,,,,,0,7,7,7,,,,,106.41135120000035,,,,,,,,,106.37923349999983,0.9990567000004376,111.16201889999866,[0.8444444444444444],[0.4398148148148148],[1],[0],[0],[4.766871699999683],,,,,,,,,,,,,3011_1230_SB3_30_2,001,2023-11-30_13h56.32.985,3_End,2023.2.3,60.001392032198865,2023-11-30 13h56.47.492087 +0000,
9,3,chessboard,chessboardcn,./stims/CritBystanders/scissors.jpeg,./stims/CritBystanders/chessboardcn.jpeg,RR,RR_6,,,,,,,,,0,8,8,8,,,,,111.19468459999916,,,,,,,,,111.16261229999873,1.015694199999416,127.17816029999994,[],[],[],[],[],[],,,,,,,,,,,,,3011_1230_SB3_30_2,001,2023-11-30_13h56.32.985,3_End,2023.2.3,60.001392032198865,2023-11-30 13h56.47.492087 +0000,
10,3,iron,ironcn,./stims/CritBystanders/soccerball.jpeg,./stims/CritBystanders/ironcn.jpeg,SR,SR_7,,,,,,,,,0,9,9,9,,,,,127.21140799999921,,,,,,,,,127.17869269999937,0.9990228999995452,132.91203569999925,[0.8444444444444444],[0.4398148148148148],[1],[0],[0],[5.71650050000062],,,,,,,,,,,,,3011_1230_SB3_30_2,001,2023-11-30_13h56.32.985,3_End,2023.2.3,60.001392032198865,2023-11-30 13h56.47.492087 +0000,
11,3,candle,candlecn,./stims/CritBystanders/crate.jpeg,./stims/CritBystanders/candlecn.jpeg,SS,SS_8,,,,,,,,,0,10,10,10,,,,,132.94473920000019,,,,,,,,,132.91264500000034,0.9990162000012788,141.44543919999887,[0.8444444444444444],[0.4398148148148148],[1],[0],[0],[8.516620300000795],,,,,,,,,,,,,3011_1230_SB3_30_2,001,2023-11-30_13h56.32.985,3_End,2023.2.3,60.001392032198865,2023-11-30 13h56.47.492087 +0000,
12,3,cap,capcn,./stims/CritBystanders/walkman.jpeg,./stims/CritBystanders/capcn.jpeg,RS,RS_2,,,,,,,,,0,11,11,11,,,,,141.47815470000023,,,,,,,,,141.44604880000043,1.015639299999748,151.26207350000004,[0.825],[0.44814814814814813],[1],[0],[0],[9.80341700000099],,,,,,,,,,,,,3011_1230_SB3_30_2,001,2023-11-30_13h56.32.985,3_End,2023.2.3,60.001392032198865,2023-11-30 13h56.47.492087 +0000,
13,4,stapler,staplercn,./stims/CritBystanders/computer.jpeg,./stims/CritBystanders/staplercn.jpeg,RR,RR_1,,,,,,,,,0,12,12,12,,,,,151.29481899999882,,,,,,,,,151.26268739999978,1.0156723000000056,155.22862949999944,[0.8425925925925926],[0.5],[1],[0],[0],[3.9493983000011212],,,,,,,,,,,,,3011_1230_SB3_30_2,001,2023-11-30_13h56.32.985,3_End,2023.2.3,60.001392032198865,2023-11-30 13h56.47.492087 +0000,
14,4,electriccord,electriccordcn,./stims/CritBystanders/cards.jpeg,./stims/CritBystanders/electriccordcn.jpeg,RS,RS_1,,,,,,,,,0,13,13,13,,,,,155.26147409999976,,,,,,,,,155.2292430999987,0.9991281000002346,158.1621240000004,[0.8425925925925926],[0.5],[1],[0],[0],[2.915770600000542],,,,,,,,,,,,,3011_1230_SB3_30_2,001,2023-11-30_13h56.32.985,3_End,2023.2.3,60.001392032198865,2023-11-30 13h56.47.492087 +0000,
15,4,umbrella,umbrellacn,./stims/CritBystanders/calculator.jpeg,./stims/CritBystanders/umbrellacn.jpeg,SS,SS_4,,,,,,,,,0,14,14,14,,,,,158.1948209000002,,,,,,,,,158.16273659999933,1.0156437000005099,161.42859700000008,[0.8425925925925926],[0.5],[1],[0],[0],[3.2495663999998214],,,,,,,,,,,,,3011_1230_SB3_30_2,001,2023-11-30_13h56.32.985,3_End,2023.2.3,60.001392032198865,2023-11-30 13h56.47.492087 +0000,
16,4,guitar,guitarcn,./stims/CritBystanders/telephone.jpeg,./stims/CritBystanders/guitarcn.jpeg,SR,SR_4,,,,,,,,,0,15,15,15,,,,,161.46147829999973,,,,,,,,,161.42921209999986,0.9991672999985894,164.59535589999905,[0.8425925925925926],[0.5],[1],[0],[0],[3.1530182999995304],,,,,,,,,,,,,3011_1230_SB3_30_2,001,2023-11-30_13h56.32.985,3_End,2023.2.3,60.001392032198865,2023-11-30 13h56.47.492087 +0000,
17,5,keys,keyscn,./stims/CritBystanders/fan.jpeg,./stims/CritBystanders/keyscn.jpeg,RR,RR_3,,,,,,,,,0,16,16,16,,,,,164.62816360000033,,,,,,,,,164.59591249999903,0.9991236999994726,167.57886119999966,[0.8425925925925926],[0.5],[1],[0],[0],[2.970151600000463],,,,,,,,,,,,,3011_1230_SB3_30_2,001,2023-11-30_13h56.32.985,3_End,2023.2.3,60.001392032198865,2023-11-30 13h56.47.492087 +0000,
18,5,crate,cratecn,./stims/CritBystanders/candle.jpeg,./stims/CritBystanders/cratecn.jpeg,RS,RS_8,,,,,,,,,0,17,17,17,,,,,167.6114820999992,,,,,,,,,167.57947669999885,1.0155862999999954,170.61212109999906,[0.8425925925925926],[0.5],[1],[0],[0],[3.016031799999837],,,,,,,,,,,,,3011_1230_SB3_30_2,001,2023-11-30_13h56.32.985,3_End,2023.2.3,60.001392032198865,2023-11-30 13h56.47.492087 +0000,
19,5,coffeemug,coffeemugcn,./stims/CritBystanders/bucket.jpeg,./stims/CritBystanders/coffeemugcn.jpeg,SS,SS_3,,,,,,,,,0,18,18,18,,,,,170.6448959999998,,,,,,,,,170.61273319999964,1.0156655999999202,174.94546710000031,[0.8425925925925926],[0.5],[1],[0],[0],[4.316578399999344],,,,,,,,,,,,,3011_1230_SB3_30_2,001,2023-11-30_13h56.32.985,3_End,2023.2.3,60.001392032198865,2023-11-30 13h56.47.492087 +0000,
20,5,clipboard,clipboardcn,./stims/CritBystanders/peacock.jpeg,./stims/CritBystanders/clipboardcn.jpeg,SR,SR_5,,,,,,,,,0,19,19,19,,,,,174.97819779999918,,,,,,,,,174.94608479999988,0.9990171999997983,178.71210619999874,[0.8425925925925926],[0.5],[1],[0],[0],[3.7529609000011988],,,,,,,,,,,,,3011_1230_SB3_30_2,001,2023-11-30_13h56.32.985,3_End,2023.2.3,60.001392032198865,2023-11-30 13h56.47.492087 +0000,
21,6,soccerball,soccerballcn,./stims/CritBystanders/iron.jpeg,./stims/CritBystanders/soccerballcn.jpeg,RR,RR_7,,,,,,,,,0,20,20,20,,,,,178.74488409999867,,,,,,,,,178.71271349999915,0.9990588000000571,181.6454450000001,[0.8425925925925926],[0.5],[1],[0],[0],[2.920112699999663],,,,,,,,,,,,,3011_1230_SB3_30_2,001,2023-11-30_13h56.32.985,3_End,2023.2.3,60.001392032198865,2023-11-30 13h56.47.492087 +0000,
22,6,wallet,walletcn,./stims/CritBystanders/chair.jpeg,./stims/CritBystanders/walletcn.jpeg,SS,SS_6,,,,,,,,,0,21,21,21,,,,,181.67817809999906,,,,,,,,,181.64604959999997,0.9990529000006063,188.61211000000003,[0.8425925925925926],[0.5],[1],[0],[0],[6.950057200001538],,,,,,,,,,,,,3011_1230_SB3_30_2,001,2023-11-30_13h56.32.985,3_End,2023.2.3,60.001392032198865,2023-11-30 13h56.47.492087 +0000,
23,6,calculator,calculatorcn,./stims/CritBystanders/umbrella.jpeg,./stims/CritBystanders/calculatorcn.jpeg,RS,RS_4,,,,,,,,,0,22,22,22,,,,,188.64487929999996,,,,,,,,,188.6127137000003,0.9990545000000566,193.0454651,[0.8425925925925926],[0.5],[1],[0],[0],[4.416205499999705],,,,,,,,,,,,,3011_1230_SB3_30_2,001,2023-11-30_13h56.32.985,3_End,2023.2.3,60.001392032198865,2023-11-30 13h56.47.492087 +0000,
24,6,toiletpaper,toiletpapercn,./stims/CritBystanders/books.jpeg,./stims/CritBystanders/toiletpapercn.jpeg,SR,SR_2,,,,,,,,,0,23,23,23,,,,,193.078195099999,,,,,,,,,193.0460767000004,0.999052400000437,201.07884959999865,[0.8425925925925926],[0.5],[1],[0],[0],[8.019981800000096],,,,,,,,,,,,,3011_1230_SB3_30_2,001,2023-11-30_13h56.32.985,3_End,2023.2.3,60.001392032198865,2023-11-30 13h56.47.492087 +0000,
25,7,watch,watchcn,./stims/CritBystanders/backpack.jpeg,./stims/CritBystanders/watchcn.jpeg,SR,SR_8,,,,,,,,,0,24,24,24,,,,,201.11161770000035,,,,,,,,,201.07946339999944,1.0156760999998369,215.09554480000043,[0.8425925925925926],[0.5],[1],[0],[0],[13.99983500000053],,,,,,,,,,,,,3011_1230_SB3_30_2,001,2023-11-30_13h56.32.985,3_End,2023.2.3,60.001392032198865,2023-11-30 13h56.47.492087 +0000,
26,7,telephone,telephonecn,./stims/CritBystanders/guitar.jpeg,./stims/CritBystanders/telephonecn.jpeg,RR,RR_4,,,,,,,,,0,25,25,25,,,,,215.1282754999993,,,,,,,,,215.09615929999927,1.0157216999996308,218.24549619999925,[0.8425925925925926],[0.5],[1],[0],[0],[3.133153200000379],,,,,,,,,,,,,3011_1230_SB3_30_2,001,2023-11-30_13h56.32.985,3_End,2023.2.3,60.001392032198865,2023-11-30 13h56.47.492087 +0000,
27,7,video,videocn,./stims/CritBystanders/shoes.jpeg,./stims/CritBystanders/videocn.jpeg,RS,RS_7,,,,,,,,,0,26,26,26,,,,,218.2782647999993,,,,,,,,,218.2460461999999,0.9991222999997262,225.2288652999996,[0.8425925925925926],[0.5],[1],[0],[0],[6.965957099999287],,,,,,,,,,,,,3011_1230_SB3_30_2,001,2023-11-30_13h56.32.985,3_End,2023.2.3,60.001392032198865,2023-11-30 13h56.47.492087 +0000,
28,7,shoes,shoescn,./stims/CritBystanders/video.jpeg,./stims/CritBystanders/shoescn.jpeg,SS,SS_7,,,,,,,,,0,27,27,27,,,,,225.26162019999902,,,,,,,,,225.22947889999887,0.9990151999991213,228.8121701,[0.8425925925925926],[0.5],[1],[0],[0],[3.566695100000288],,,,,,,,,,,,,3011_1230_SB3_30_2,001,2023-11-30_13h56.32.985,3_End,2023.2.3,60.001392032198865,2023-11-30 13h56.47.492087 +0000,
29,8,bucket,bucketcn,./stims/CritBystanders/coffeemug.jpeg,./stims/CritBystanders/bucketcn.jpeg,RS,RS_3,,,,,,,,,0,28,28,28,,,,,228.84499359999973,,,,,,,,,228.81277339999906,0.9991331000001082,231.66229980000026,[0.8425925925925926],[0.5],[1],[0],[0],[2.8336354000002757],,,,,,,,,,,,,3011_1230_SB3_30_2,001,2023-11-30_13h56.32.985,3_End,2023.2.3,60.001392032198865,2023-11-30 13h56.47.492087 +0000,
30,8,computer,computercn,./stims/CritBystanders/stapler.jpeg,./stims/CritBystanders/computercn.jpeg,SR,SR_1,,,,,,,,,0,29,29,29,,,,,231.6949468999992,,,,,,,,,231.66292160000012,1.0156560000013997,234.6288724999995,[0.8425925925925926],[0.5],[1],[0],[0],[2.950709699998697],,,,,,,,,,,,,3011_1230_SB3_30_2,001,2023-11-30_13h56.32.985,3_End,2023.2.3,60.001392032198865,2023-11-30 13h56.47.492087 +0000,
31,8,comb,combcn,./stims/CritBystanders/wastebasket.jpeg,./stims/CritBystanders/combcn.jpeg,SS,SS_5,,,,,,,,,0,30,30,30,,,,,234.6616181999998,,,,,,,,,234.6294913999991,0.9990273000003072,238.12893959999928,[0.8425925925925926],[0.5],[1],[0],[0],[3.4850196999996115],,,,,,,,,,,,,3011_1230_SB3_30_2,001,2023-11-30_13h56.32.985,3_End,2023.2.3,60.001392032198865,2023-11-30 13h56.47.492087 +0000,
32,8,backpack,backpackcn,./stims/CritBystanders/watch.jpeg,./stims/CritBystanders/backpackcn.jpeg,RR,RR_8,,,,,,,,,0,31,31,31,,,,,238.16169209999862,,,,,,,,,238.12954779999927,1.0156872999996267,242.19569930000034,[0.8425925925925926],[0.5],[1],[0],[0],[4.052446200001214],,,,,,,,,,,,,3011_1230_SB3_30_2,001,2023-11-30_13h56.32.985,3_End,2023.2.3,60.001392032198865,2023-11-30 13h56.47.492087 +0000,
,,,,,,,,1,1,pan,pancn,./stims/AcqBystanders/pan.jpeg,./stims/AcqBystanders/pancn.jpeg,SS,SS_2,,,,,0,0,0,0,242.24533749999864,,,,,,,,,,,,,,,,,,,242.205273399999,1.0156638999997085,245.76224790000015,[0.8425925925925926],[0.5],[1],[0],[0],[3.5322283999994397],,,3011_1230_SB3_30_2,001,2023-11-30_13h56.32.985,3_End,2023.2.3,60.001392032198865,2023-11-30 13h56.47.492087 +0000,
,,,,,,,,2,1,lightbulb,lightbulbcn,./stims/AcqBystanders/lightbulb.jpeg,./stims/AcqBystanders/lightbulbcn.jpeg,SR,SR_3,,,,,0,1,1,1,245.87893389999954,,,,,,,,,,,,,,,,,,,245.76314739999907,1.0154617999996844,251.66223329999957,[0.8425925925925926],[0.5],[1],[0],[0],[5.7915111999991495],,,3011_1230_SB3_30_2,001,2023-11-30_13h56.32.985,3_End,2023.2.3,60.001392032198865,2023-11-30 13h56.47.492087 +0000,
,,,,,,,,3,1,shampoo,shampoocn,./stims/AcqBystanders/shampoo.jpeg,./stims/AcqBystanders/shampoocn.jpeg,RS,RS_4,,,,,0,2,2,2,251.69539879999866,,,,,,,,,,,,,,,,,,,251.66284769999947,0.9991250000002765,254.99552979999862,[0.8425925925925926],[0.5],[1],[0],[0],[3.3059408999997686],,,3011_1230_SB3_30_2,001,2023-11-30_13h56.32.985,3_End,2023.2.3,60.001392032198865,2023-11-30 13h56.47.492087 +0000,
,,,,,,,,4,1,mandms,mandmscn,./stims/AcqBystanders/mandms.jpeg,./stims/AcqBystanders/mandmscn.jpeg,RR,RR_2,,,,,0,3,3,3,255.02839649999987,,,,,,,,,,,,,,,,,,,254.99614739999924,0.9990975000000617,258.37898889999997,[0.8425925925925926],[0.5],[1],[0],[0],[3.362796100000196],,,3011_1230_SB3_30_2,001,2023-11-30_13h56.32.985,3_End,2023.2.3,60.001392032198865,2023-11-30 13h56.47.492087 +0000,
,,,,,,,,5,1,sheet,sheetcn,./stims/AcqBystanders/sheet.jpeg,./stims/AcqBystanders/sheetcn.jpeg,RS,RS_3,,,,,0,4,4,4,258.41170880000027,,,,,,,,,,,,,,,,,,,258.3796199999997,1.015686699998696,261.41224109999894,[0.8425925925925926],[0.5],[1],[0],[0],[3.015162899999268],,,3011_1230_SB3_30_2,001,2023-11-30_13h56.32.985,3_End,2023.2.3,60.001392032198865,2023-11-30 13h56.47.492087 +0000,
,,,,,,,,6,1,bottle,bottlecn,./stims/AcqBystanders/bottle.jpeg,./stims/AcqBystanders/bottlecn.jpeg,SS,SS_1,,,,,0,5,5,5,261.4450237000001,,,,,,,,,,,,,,,,,,,261.4128485000001,0.999078400000144,266.39563180000005,[0.8425925925925926],[0.5],[1],[0],[0],[4.969836300000679],,,3011_1230_SB3_30_2,001,2023-11-30_13h56.32.985,3_End,2023.2.3,60.001392032198865,2023-11-30 13h56.47.492087 +0000,
,,,,,,,,7,1,trunk,trunkcn,./stims/AcqBystanders/trunk.jpeg,./stims/AcqBystanders/trunkcn.jpeg,SR,SR_1,,,,,0,6,6,6,266.42837940000027,,,,,,,,,,,,,,,,,,,266.39623649999885,1.0157177000000956,269.97896649999893,[0.8425925925925926],[0.5],[1],[0],[0],[3.569812900001125],,,3011_1230_SB3_30_2,001,2023-11-30_13h56.32.985,3_End,2023.2.3,60.001392032198865,2023-11-30 13h56.47.492087 +0000,
,,,,,,,,8,1,can,cancn,./stims/AcqBystanders/can.jpeg,./stims/AcqBystanders/cancn.jpeg,RR,RR_3,,,,,0,7,7,7,270.01170249999996,,,,,,,,,,,,,,,,,,,269.97957680000036,0.9990218000002642,275.0957116999998,[0.8425925925925926],[0.5],[1],[0],[0],[5.1030377999995835],,,3011_1230_SB3_30_2,001,2023-11-30_13h56.32.985,3_End,2023.2.3,60.001392032198865,2023-11-30 13h56.47.492087 +0000,
,,,,,,,,9,1,towel,towelcn,./stims/AcqBystanders/towel.jpeg,./stims/AcqBystanders/towelcn.jpeg,RS,RS_1,,,,,0,8,8,8,275.12840829999914,,,,,,,,,,,,,,,,,,,275.09631999999874,1.0156544000001304,279.36240670000007,[0.8425925925925926],[0.5],[1],[0],[0],[4.25324560000081],,,3011_1230_SB3_30_2,001,2023-11-30_13h56.32.985,3_End,2023.2.3,60.001392032198865,2023-11-30 13h56.47.492087 +0000,
,,,,,,,,10,1,fireextinguisher,fireextinguishercn,./stims/AcqBystanders/fireextinguisher.jpeg,./stims/AcqBystanders/fireextinguishercn.jpeg,RR,RR_1,,,,,0,9,9,9,279.3950762000004,,,,,,,,,,,,,,,,,,,279.36301920000005,1.0156179999994492,283.7291753999998,[0.8425925925925926],[0.5],[1],[0],[0],[4.353104099998745],,,3011_1230_SB3_30_2,001,2023-11-30_13h56.32.985,3_End,2023.2.3,60.001392032198865,2023-11-30 13h56.47.492087 +0000,
,,,,,,,,11,1,passport,passportcn,./stims/AcqBystanders/passport.jpeg,./stims/AcqBystanders/passportcn.jpeg,SS,SS_3,,,,,0,10,10,10,283.7617730000002,,,,,,,,,,,,,,,,,,,283.72979549999945,1.0155445999989752,287.2624211000002,[0.8425925925925926],[0.5],[1],[0],[0],[3.5182358999991266],,,3011_1230_SB3_30_2,001,2023-11-30_13h56.32.985,3_End,2023.2.3,60.001392032198865,2023-11-30 13h56.47.492087 +0000,
,,,,,,,,12,1,headphones,headphonescn,./stims/AcqBystanders/headphones.jpeg,./stims/AcqBystanders/headphonescn.jpeg,SR,SR_2,,,,,0,11,11,11,287.2950856999996,,,,,,,,,,,,,,,,,,,287.2630425999996,1.015622800001438,290.87916439999935,[0.8425925925925926],[0.5],[1],[0],[0],[3.603377699999328],,,3011_1230_SB3_30_2,001,2023-11-30_13h56.32.985,3_End,2023.2.3,60.001392032198865,2023-11-30 13h56.47.492087 +0000,
,,,,,,,,13,1,perfume,perfumecn,./stims/AcqBystanders/perfume.jpeg,./stims/AcqBystanders/perfumecn.jpeg,SR,SR_4,,,,,0,12,12,12,290.91179029999876,,,,,,,,,,,,,,,,,,,290.8797709999999,1.0155738000012207,294.7954843999996,[0.887962962962963],[0.5],[1],[0],[0],[3.8940226000013354],,,3011_1230_SB3_30_2,001,2023-11-30_13h56.32.985,3_End,2023.2.3,60.001392032198865,2023-11-30 13h56.47.492087 +0000,
,,,,,,,,14,1,cup,cupcn,./stims/AcqBystanders/cup.jpeg,./stims/AcqBystanders/cupcn.jpeg,RS,RS_2,,,,,0,13,13,13,294.9121118999992,,,,,,,,,,,,,,,,,,,294.7960446999987,0.9992782999997871,298.3291197999988,[0.887962962962963],[0.5],[1],[0],[0],[3.4323868000010407],,,3011_1230_SB3_30_2,001,2023-11-30_13h56.32.985,3_End,2023.2.3,60.001392032198865,2023-11-30 13h56.47.492087 +0000,
,,,,,,,,,,,,,,,,,,,,,,,,,,,,,,,,,,,,,,,,,,,,,,,,,,,,298.32958679999865,298.3451391999988,,,,,,,,
